articleId,text_raw,created_at,region_name,userId,userName,userHomeUrl
5303182931525673,我们寝室三个人都有一个一模一样的防晒衣,2026-05-27 13:53:22,福建,3328182114,废话机器w,https://weibo.com/u/3328182114
5303182931525673,完全不敢在直播间买衣服简直就是采购校服来的,2026-05-28 08:53:03,浙江,7778981681,夢菟Eiko,https://weibo.com/u/7778981681
5303182931525673,我这件蓝色系条纹上衣也是网购的才二十块钱穿上超级舒服我恨不得每天都穿有人和我撞衫吗长裙是优衣库的,2026-05-28 22:13:29,四川,2320460544,艾米丽常常想你,https://weibo.com/u/2320460544
5303182931525673,转发微博,2026-05-28 13:47:29,新疆,7362198270,哒咩-猪,https://weibo.com/u/7362198270
5303182931525673,在中国追求小众本来就是一种大众的事[柯基][柯基]诡异的是买之前看不见人穿买之后一个转身就是一件[无聊],2026-05-28 12:26:11,江苏,3371417222,穿搭界泥石流,https://weibo.com/u/3371417222
5303182931525673,刚买回来的衣服还没穿呢就看到别人已经穿上身我好崩溃,2026-05-28 12:26:11,宁夏,7287799111,午夜忧郁总裁爱上良家纯情18少男,https://weibo.com/u/7287799111
5303182931525673,表示认同,2026-05-28 12:09:18,江西,9077955482,白白白白嫖吧,https://weibo.com/u/9077955482
5303182931525673,转发微博,2026-05-28 12:04:37,福建,7247394001,过酸化水素73137,https://weibo.com/u/7247394001
5303182931525673,桃子喜欢那只猫哈哈哈哈笑死冬天校园里骆驼比沙漠都多[笑cry][笑cry][笑cry],2026-05-28 11:50:44,山东,7333495128,圈儿内老白,https://weibo.com/u/7333495128
5303182931525673,转发微博,2026-05-28 11:46:45,浙江,6575955420,胖彬的秀巴,https://weibo.com/u/6575955420
5303182931525673,可是我校真的人手一件阿迪[笑cry][笑cry][笑cry],2026-05-28 11:41:11,山东,7368849530,CORTIS-周泽楷,https://weibo.com/u/7368849530
5303182931525673,啊那个迷彩裤我确实看到过很多女大穿[笑cry],2026-05-28 11:17:27,广东,7580155814,情感稀薄博主,https://weibo.com/u/7580155814
5303182931525673,爱打劫老实人在中国追求小众本来就是一种大众的事,2026-05-28 11:09:38,湖南,5754148837,圈内凌凌柒,https://weibo.com/u/5754148837
5303182931525673,挺好的呀大家都很默契的买完等穿上后自动变成校服了哈哈哈[哈哈],2026-05-28 11:08:14,四川,2243572361,富如如,https://weibo.com/u/2243572361
5303182931525673,转发微博,2026-05-28 10:59:01,山东,7299456992,用户7299456992,https://weibo.com/u/7299456992
5303182931525673,转发微博,2026-05-28 10:58:48,上海,1879525041,leslie东,https://weibo.com/u/1879525041
5303182931525673,有可能大家的想法都是一样吧,2026-05-28 10:56:05,甘肃,1919524543,香菜Bobv,https://weibo.com/u/1919524543
5303182931525673,每天出门随机刷新一个同款穿搭,2026-05-28 10:51:31,湖南,9147674875,凡要好好吃-,https://weibo.com/u/9147674875
5303182931525673,转发微博,2026-05-28 10:47:02,山东,7381959679,用户_20200130,https://weibo.com/u/7381959679
5303182931525673,深有体会一件衬衫一天内看见了五个同款[泪奔],2026-05-28 10:46:59,河北,7671200786,_想吃鸡爪_,https://weibo.com/u/7671200786
5303182931525673,这我很难不认同诡异的是买之前看不见人穿买之后一个转身就是一件,2026-05-28 10:46:50,山东,8014575800,Twenty-One-Seven,https://weibo.com/u/8014575800
5303182931525673,转发微博,2026-05-28 10:44:54,辽宁,5018759697,wutongandahai,https://weibo.com/u/5018759697
5303182931525673,灰色防晒服又怎么说[doge],2026-05-28 10:43:46,湖南,5700884173,守望者9627,https://weibo.com/u/5700884173
5303182931525673,把平凡的事做好就是不平凡把简单的事做好就是不简单人生没有白走的路每一步坎坷都算数只有尝尽人生百味之后才会更加生动,2026-05-28 10:38:35,山西,5489695028,泥不要哇哇的叫-,https://weibo.com/u/5489695028
5303182931525673,转发微博,2026-05-28 10:37:06,江苏,3287368522,pufffffffff,https://weibo.com/u/3287368522
5303182931525673,真好走在路上就可以玩消消乐了呢[二哈][二哈][二哈],2026-05-28 10:30:26,浙江,5547462819,幸运好运每一天,https://weibo.com/u/5547462819
5303182931525673,哈哈哈哈,2026-05-28 10:28:36,河南,6902888183,微胖熊Teddy,https://weibo.com/u/6902888183
5303182931525673,同一年龄段审美高度一致网购爱好者居多所以撞衫几率更高,2026-05-28 10:25:12,天津,7129564322,大果莉ing,https://weibo.com/u/7129564322
5303182931525673,转发微博,2026-05-28 10:23:33,河北,7821157655,小盐加点甜,https://weibo.com/u/7821157655
5303182931525673,行善从来都不是刻意的举动而是发自内心的温柔与善意微小的善意看似平凡却能温暖人心治愈世间所有薄凉保持善良待人温和用心对待身边每一个人和事相信所有温柔美好都会循着原路缓缓奔赴自己,2026-05-28 10:19:27,河南,7827638077,Z春栀漫恬雾,https://weibo.com/u/7827638077
5303182931525673,真的也读大学的时候同款能看到很多,2026-05-28 10:19:06,贵州,2945041545,渣渣灰是只猫,https://weibo.com/u/2945041545
5303182931525673,哈哈哈,2026-05-28 10:16:38,江苏,7655803321,富贵的旺旺仙贝,https://weibo.com/u/7655803321
5303182931525673,哈哈是因为最爱网购的一批人聚在一起了吗,2026-05-28 10:13:21,北京,7923687126,YUNYI99_不拆,https://weibo.com/u/7923687126
5303182931525673,[笑cry],2026-05-28 10:09:41,山西,1884996035,包包大人--F,https://weibo.com/u/1884996035
5303182931525673,撞衫宇宙中心,2026-05-28 10:08:49,湖北,5481280845,Dear-仙人掌的仙,https://weibo.com/u/5481280845
5303182931525673,我投书包一票真的好几次差点拿错了[苦涩][苦涩][苦涩],2026-05-28 10:02:59,北京,1880500041,苏帕玫玫,https://weibo.com/u/1880500041
5303182931525673,哈哈哈那确实学校就是会这样我和我的舍友审美也不会差太多,2026-05-28 10:02:26,江苏,8387875521,糯米团子-云熠,https://weibo.com/u/8387875521
5303182931525673,学校就是一个巨大的草台班子[捂嘴哭],2026-05-28 09:58:35,云南,7299447477,衣兜里有一毛钱,https://weibo.com/u/7299447477
5303182931525673,确实我大学时候买了一件好看的外套结果第二天穿去上课刚好跟同学撞衫了尴尬的我那件衣服没咋再穿过,2026-05-28 09:58:33,吉林,7157497196,呐呐三岁吖,https://weibo.com/u/7157497196
5303182931525673,转发微博,2026-05-28 09:53:24,江西,2907614885,喜欢沉默的右眸,https://weibo.com/u/2907614885
5303182931525673,大学生喜爱内容共创计划毕业季说明什么眼光都很好呀,2026-05-28 09:47:14,重庆,5529341370,狐妖忆你,https://weibo.com/u/5529341370
5303182931525673,转发微博,2026-05-28 09:43:57,北京,2310352563,晴岚爱鹿晗,https://weibo.com/u/2310352563
5303182931525673,耿直夕阳吹蜡烛孕妇效应人气偶像小韦酱诡异的是买之前看不见人穿买之后一个转身就是一件,2026-05-28 09:42:23,重庆,7330158940,labiesp,https://weibo.com/u/7330158940
5303182931525673,爱打劫老实人在中国追求小众本来就是一种大众的事,2026-05-28 09:42:16,重庆,7330158940,labiesp,https://weibo.com/u/7330158940
5303182931525673,追求小众就已经是大众了[闭嘴],2026-05-28 09:37:02,江苏,7404004114,xiao晴-811912,https://weibo.com/u/7404004114
5303182931525673,那确实了审美和购买渠道都差不多撞衫概率自然也会大没什么,2026-05-28 09:36:02,黑龙江,7634572797,流氓菟菟菟,https://weibo.com/u/7634572797
5303182931525673,转发微博,2026-05-28 09:34:59,北京,7657967296,NicoNico8888,https://weibo.com/u/7657967296
5303182931525673,一到冬天学校全是北面和骆驼[泪奔]随手买的帽子还和舍友撞了在学校都不好戴怕说我学人精[泪奔],2026-05-28 09:32:02,江西,9094642585,不爱吃菠萝哦哦哦,https://weibo.com/u/9094642585
5303182931525673,错过了落日余晖还可以静待满天繁星,2026-05-28 09:30:39,山西,7213600598,幼儿园抢饭吃_,https://weibo.com/u/7213600598
5303182931525673,[允悲],2026-05-28 09:25:24,广西,7921667688,哈哈哈哈啦啦啦啦_6666666,https://weibo.com/u/7921667688
5303182931525673,转发微博,2026-05-28 09:25:22,甘肃,1916611823,carbon_footprint,https://weibo.com/u/1916611823
5303182931525673,为什么现在大学生衣品都这么朴实无华[笑cry]感觉还没我睡衣好看我们以前的大学衣服不多但大部分都是很有款式的,2026-05-28 09:24:08,四川,2415490231,海绵体恶战括约肌,https://weibo.com/u/2415490231
5303182931525673,搞什么我居然大部分都有[柯基],2026-05-28 09:21:26,贵州,6579492887,十七的琦思妙想,https://weibo.com/u/6579492887
5303182931525673,无论坦途还是坎坷无论鲜花还是荆棘拥有一份淡然的心境和一份坚定的信念才会生活得踏实和愉悦,2026-05-28 09:20:08,河南,8019729457,失真泪色,https://weibo.com/u/8019729457
5303182931525673,大学校园撞衫成常态,2026-05-28 09:17:47,江苏,3347748570,砸死接触,https://weibo.com/u/3347748570
5303182931525673,世上有两种人最可爱一种是漂亮一种是聪慧而你是既聪明又漂亮的人,2026-05-28 09:16:24,重庆,9013218034,云熠202602,https://weibo.com/u/9013218034
5303182931525673,转发微博,2026-05-28 09:16:22,广东,6919989101,小海狸loopy,https://weibo.com/u/6919989101
5303182931525673,哈哈哈哈那我还是没在大学里撞过衫,2026-05-28 09:12:20,江西,1651672940,沐亦young,https://weibo.com/u/1651672940
5303182931525673,转发微博曜宁真的超容易撞衫我挑衣服的速度根本没有撞衫速度快,2026-05-28 09:12:09,安徽,7837896382,_曜宁,https://weibo.com/u/7837896382
5303182931525673,让我们善待生命中的缺点以宽容之心看自己以豁达之心微笑面对生活我们便会与欢乐相伴与幸福相随微小的缺点也是美的,2026-05-28 09:10:01,四川,7160102000,薇薇抱,https://weibo.com/u/7160102000
5303182931525673,想想我上学好像很少撞衫因为我的衣服都花里胡哨稀奇古怪的,2026-05-28 09:06:26,湖北,5349086880,夏天夏天麻烦你快点过去,https://weibo.com/u/5349086880
5303182931525673,转发微博,2026-05-28 09:03:38,北京,1665229373,张瀞予鱼儿,https://weibo.com/u/1665229373
5303182931525673,转发微博,2026-05-28 09:03:38,黑龙江,1303241892,将豆有晴天,https://weibo.com/u/1303241892
5303182931525673,转发微博,2026-05-28 09:00:48,吉林,7821896010,博士小镇镇长,https://weibo.com/u/7821896010
5303182931525673,真的超容易撞衫我挑衣服的速度根本没有撞衫速度快,2026-05-28 08:59:27,安徽,7867358214,曜宁-,https://weibo.com/u/7867358214
5303182931525673,夢菟Eiko完全不敢在直播间买衣服简直就是采购校服来的,2026-05-28 08:53:56,浙江,7067306811,萌兔ek,https://weibo.com/u/7067306811
5303182931525673,夢菟Eiko完全不敢在直播间买衣服简直就是采购校服来的,2026-05-28 08:53:53,浙江,7067306811,萌兔ek,https://weibo.com/u/7067306811
5303182931525673,夢菟Eiko完全不敢在直播间买衣服简直就是采购校服来的,2026-05-28 08:53:50,浙江,7067306811,萌兔ek,https://weibo.com/u/7067306811
5303182931525673,夢菟Eiko完全不敢在直播间买衣服简直就是采购校服来的,2026-05-28 08:53:49,浙江,7067306811,萌兔ek,https://weibo.com/u/7067306811
5303182931525673,夢菟Eiko完全不敢在直播间买衣服简直就是采购校服来的,2026-05-28 08:53:47,浙江,7067306811,萌兔ek,https://weibo.com/u/7067306811
5303182931525673,夢菟Eiko完全不敢在直播间买衣服简直就是采购校服来的,2026-05-28 08:53:45,浙江,7067306811,萌兔ek,https://weibo.com/u/7067306811
5303182931525673,夢菟Eiko完全不敢在直播间买衣服简直就是采购校服来的,2026-05-28 08:53:43,浙江,7067306811,萌兔ek,https://weibo.com/u/7067306811
5303182931525673,夢菟Eiko完全不敢在直播间买衣服简直就是采购校服来的,2026-05-28 08:53:42,浙江,7067306811,萌兔ek,https://weibo.com/u/7067306811
5303182931525673,夢菟Eiko完全不敢在直播间买衣服简直就是采购校服来的,2026-05-28 08:53:37,浙江,7067306811,萌兔ek,https://weibo.com/u/7067306811
5303182931525673,夢菟Eiko完全不敢在直播间买衣服简直就是采购校服来的,2026-05-28 08:53:29,浙江,7067306811,萌兔ek,https://weibo.com/u/7067306811
5303182931525673,夢菟Eiko完全不敢在直播间买衣服简直就是采购校服来的,2026-05-28 08:53:27,浙江,7067306811,萌兔ek,https://weibo.com/u/7067306811
5303182931525673,我夢菟Eiko完全不敢在直播间买衣服简直就是采购校服来的,2026-05-28 08:53:25,浙江,7067306811,萌兔ek,https://weibo.com/u/7067306811
5303182931525673,完全不敢在直播间买衣服简直就是采购校服来的,2026-05-28 08:53:03,浙江,7778981681,夢菟Eiko,https://weibo.com/u/7778981681
5303182931525673,转发微博,2026-05-28 08:48:04,山东,5714766854,三寸天堂576644,https://weibo.com/u/5714766854
5303182931525673,转发微博,2026-05-28 08:47:35,河北,6207149816,永夏_未央,https://weibo.com/u/6207149816
5303182931525673,转发微博,2026-05-28 08:34:36,山东,5019144198,春色七分甜123,https://weibo.com/u/5019144198
5303182931525673,啊米米米米米米鸭米米又猫猫头一天刚下单一件裙子第二天就在学校里看到了路人在穿如何呢反耳呢让我发现了裙子的不足之处[泪奔],2026-05-28 08:34:32,四川,7413965851,啊米米米米米米鸭,https://weibo.com/u/7413965851
5303182931525673,米米又猫猫头一天刚下单一件裙子第二天就在学校里看到了路人在穿如何呢反耳呢让我发现了裙子的不足之处[泪奔],2026-05-28 08:34:25,四川,7413965851,啊米米米米米米鸭,https://weibo.com/u/7413965851
5303182931525673,真相了,2026-05-28 08:33:43,江西,7805339673,成岩__,https://weibo.com/u/7805339673
5303182931525673,头一天刚下单一件裙子第二天就在学校里看到了路人在穿如何呢反耳呢让我发现了裙子的不足之处[泪奔],2026-05-28 08:33:40,四川,7354604389,米米又猫猫,https://weibo.com/u/7354604389
5303182931525673,咋這樣最不喜歡撞衫了還好我比較非很少撞[園丁][園丁][園丁],2026-05-28 08:32:51,广东,9122965416,番茄-不耐受,https://weibo.com/u/9122965416
5303182931525673,没招了没招了不管穿啥到了大写都能变成校服,2026-05-28 08:31:12,河北,7113234649,云烬星yi_,https://weibo.com/u/7113234649
5303182931525673,大家都穿的话就是一道风景线了[思考][思考],2026-05-28 08:30:55,重庆,9078268244,云熠星河-熠旗99,https://weibo.com/u/9078268244
5303182931525673,撞everything所以我真的很讨厌大学,2026-05-28 08:27:31,福建,6213872388,年年都是本mean年,https://weibo.com/u/6213872388
5303182931525673,这个世界很大但如果我们不愿意走出去它就会变得很小这个世界很精彩但如果我们闭上眼睛就什么也看不到,2026-05-28 08:27:20,陕西,7891226980,游游论,https://weibo.com/u/7891226980
5303182931525673,不是我们不爱个性而是青春总有心照不宣的默契,2026-05-28 08:23:11,上海,1852328363,橘子汽泡水nn,https://weibo.com/u/1852328363
5303182931525673,还好吧没咋注意,2026-05-28 08:22:18,河南,7057441513,奶盖麻薯,https://weibo.com/u/7057441513
5303182931525673,哈哈哈现在街上不也全都是防晒衣山本裤没区别的好嘛,2026-05-28 08:14:34,天津,7362019460,你的小城没有歌谣,https://weibo.com/u/7362019460
5303182931525673,我觉得很正常呀都是比较普遍的现象非要追究那高中的书包咋说[笑cry][笑cry],2026-05-28 08:14:32,福建,3809702951,貓吃瑜-,https://weibo.com/u/3809702951
5303182931525673,转发微博,2026-05-28 08:09:57,浙江,1746418671,周诗昳今天离婚了吗,https://weibo.com/u/1746418671
5303182931525673,转发微博,2026-05-28 08:09:53,山东,7771816219,Komorebir_yolo,https://weibo.com/u/7771816219
5303182931525673,当深山幽谷中一竿翠竹从岩缝间探出头颅它的根系在贫瘠中蜿蜒百米茎秆以近乎垂直的角度刺向天空叶片在风中翻卷出铿锵诗行暴雨冲刷时它弯而不折烈日炙烤下它节节攀高困境不是枷锁而是锻造韧性的熔炉与其抱怨脚下的泥泞不如像竹子般将阻力化作向上的支点在逆境中书写拔节之声,2026-05-28 08:08:32,浙江,5702329349,天生就有恋哥癖,https://weibo.com/u/5702329349
5303182931525673,转发微博,2026-05-28 08:05:00,北京,7527639389,数学小赵老师,https://weibo.com/u/7527639389
5303182931525673,心怀善意所见皆美好懂得感恩所遇皆温柔用宽容的心对待生活的不如意用奉献的情点亮他人的世界人生自会一路芬芳,2026-05-28 08:04:56,广东,7812552084,千幼恋卷派,https://weibo.com/u/7812552084
5303182931525673,转发微博,2026-05-28 08:04:00,北京,8017411287,用户8017411287,https://weibo.com/u/8017411287
5303182931525673,失败不可怕它是成功的养分每一次跌倒都是为更稳的站立积蓄力量每一道伤痕都会化作内心坚韧的铠甲种子破土前必经黑暗正如凤凰涅槃前需浴火重生那些打不垮我们的终将成为托举我们飞得更高的翅膀人生路上摔倒是常态爬起才是姿态,2026-05-28 08:03:20,浙江,7033197257,萌与无衣相间,https://weibo.com/u/7033197257
5303182931525673,转发微博,2026-05-28 08:00:06,江苏,6135299608,那就的确是很好的事,https://weibo.com/u/6135299608
5303182931525673,别人对你说的话做的事从来不能决定你是什么样的人你对别人说的话做的事才能决定你是什么样的人,2026-05-28 07:59:35,浙江,8006918347,一枚桃子猫,https://weibo.com/u/8006918347
5303182931525673,淘宝热卖买家秀罢了,2026-05-28 07:59:02,浙江,1947362342,请把我的可爱还给我,https://weibo.com/u/1947362342
5303182931525673,校园里的骆驼比沙漠还多,2026-05-28 07:58:03,河北,7569215740,梧桐灯未央,https://weibo.com/u/7569215740
5303182931525673,转发微博,2026-05-28 07:50:41,广东,7307025291,东墙的一块砖,https://weibo.com/u/7307025291
5303182931525673,全世界最容易撞衫的地方明明是中小学天天和所有人撞衫因为要穿校服全世界最容易撞衫的地方就是大学,2026-05-28 07:47:59,广东,1744796061,圆兔公众号,https://weibo.com/u/1744796061
5303182931525673,小情侣谈恋爱请注意点好不好120229虽然我很爱看咱就是说怎么会这么咸呢,2026-05-28 07:45:36,福建,3146878973,小嘿_不黑,https://weibo.com/u/3146878973
5303182931525673,转发微博,2026-05-28 07:44:17,江西,1792089561,七姑娘之barbie,https://weibo.com/u/1792089561
5303182931525673,奇奇香芋派_77大学生喜爱内容共创计划大学校园堪称隐形校校服批发市场三步撞书包五步撞外套的消消乐式撞衫成了当代大学生心照不宣的集体行为艺术,2026-05-28 07:36:09,安徽,7947710033,坚强不屈持之以恒,https://weibo.com/u/7947710033
5303182931525673,善行一丈远恶一米积德一尺以情恕人以理律己以善助人以德化人厚德而行福自至矣以书育人以书引善以书养德上士忘善中士行善下士知善为善须行为德贵厚为道酬勤真行善者当不求名当暗处行人心之广何恶不容何善不容,2026-05-28 07:35:22,江苏,3676794872,柠萌不加糖,https://weibo.com/u/3676794872
5303182931525673,大学生喜爱内容共创计划大学校园堪称隐形校校服批发市场三步撞书包五步撞外套的消消乐式撞衫成了当代大学生心照不宣的集体行为艺术毕业季,2026-05-28 07:33:02,广东,7567558284,天生权威体质,https://weibo.com/u/7567558284
5303182931525673,大学校园堪称隐形校校服批发市场三步撞书包五步撞外套的消消乐式撞衫成了当代大学生心照不宣的集体行为艺术,2026-05-28 07:30:46,安徽,7757608970,老公是把妹王z,https://weibo.com/u/7757608970
5303182931525673,转发微博,2026-05-28 07:29:51,福建,8373046358,用户8373046358,https://weibo.com/u/8373046358
5303182931525673,大部分大学生的审美都差不多了[笑而不语],2026-05-28 07:27:42,广东,4085679419,_道半句晚安,https://weibo.com/u/4085679419
5303182931525673,大学哪里是穿搭比拼明明是大型全国统一穿搭现场同款外套同款背包同款裤子十步之内必见复刻版下课楼道课间路上全员撞款不用商量就能跨省市完美同步大学生的时尚从来都是批量出圈全世界最容易撞衫的地方就是大学高校毕业季就是最好的招生简章,2026-05-28 07:27:41,江苏,7986651464,心肝刘浩存,https://weibo.com/u/7986651464
5303182931525673,大学生喜爱内容共创计划大学校园堪称隐形校校服批发市场三步撞书包五步撞外套的消消乐式撞衫成了当代大学生心照不宣的集体行为艺术,2026-05-28 07:25:33,上海,5611614447,奇奇香芋派_77,https://weibo.com/u/5611614447
5303182931525673,真是本来都买了但没穿出来过就被班里或认识的人穿过之后就不知道要不要再穿了,2026-05-28 07:25:06,北京,6006057370,Zbling_8,https://weibo.com/u/6006057370
5303182931525673,挺好的走几步就能凑个同款[打call],2026-05-28 07:24:30,浙江,8232104195,蜡笔小-兔,https://weibo.com/u/8232104195
5303182931525673,转发微博,2026-05-28 07:23:13,天津,6527868800,盛夏白瓷梅子酒_,https://weibo.com/u/6527868800
5303182931525673,温柔是黑暗世界里永恒的光,2026-05-28 07:20:17,山西,7213600598,幼儿园抢饭吃_,https://weibo.com/u/7213600598
5303182931525673,现象校园撞衫的魔性定律高频单品撞出统一感大学校园中存在明显的爆款循环东北高校冬季清一色黑色长款羽绒服被戏称行走的消消乐灰色收腰卫衣迷彩裤红色匡威包被并称为校园三件套牛仔裤和某款运动鞋更被吐槽人均标配有学生直言犹豫买不买的衣服过两天准在同学身上,2026-05-28 07:15:35,广东,6799870910,清纯rapper姜惠元a,https://weibo.com/u/6799870910
5303182931525673,[流鼻血],2026-05-28 07:14:20,湖北,6580279173,给赞的一封信,https://weibo.com/u/6580279173
5303182931525673,p7不是wj的鼻孔鸡裤子吗哈哈哈哈哈哈哈,2026-05-28 07:12:18,浙江,7886333936,咧咧宝是本宝,https://weibo.com/u/7886333936
5303182931525673,挺好的这样就没人知道我今天没换衣服了,2026-05-28 07:07:31,浙江,5458244525,维维糯糯1-,https://weibo.com/u/5458244525
5303182931525673,哈哈哈哈哈哈哈,2026-05-28 07:05:35,河南,5605278373,大家绅士,https://weibo.com/u/5605278373
5303182931525673,人生没有彩排每天都是精彩的比赛[鲜花],2026-05-28 07:03:18,山东,7492460058,云熠久久九九,https://weibo.com/u/7492460058
5303182931525673,郝宝的_绿柚子这种无意识的集体穿搭其实是校园归属感的另类表达能在人海中一眼锁定自己人也算专属于大学的浪漫了,2026-05-28 07:00:33,黑龙江,5582351847,空城旧眸丶朝颜花,https://weibo.com/u/5582351847
5303182931525673,5郝宝的_南城以南4郝宝的_南城以南3郝宝的_南城以南2郝宝的_南城以南1郝宝的_南城以南郝宝的_绿柚子这种无意识的集体穿搭其实是校园归属感的另类表达能在人海中一眼锁定自己人也算专属于大学的浪漫了,2026-05-28 06:56:19,黑龙江,7211201623,郝宝的_南城以南,https://weibo.com/u/7211201623
5303182931525673,4郝宝的_南城以南3郝宝的_南城以南2郝宝的_南城以南1郝宝的_南城以南郝宝的_绿柚子这种无意识的集体穿搭其实是校园归属感的另类表达能在人海中一眼锁定自己人也算专属于大学的浪漫了,2026-05-28 06:56:13,黑龙江,7211201623,郝宝的_南城以南,https://weibo.com/u/7211201623
5303182931525673,3郝宝的_南城以南2郝宝的_南城以南1郝宝的_南城以南郝宝的_绿柚子这种无意识的集体穿搭其实是校园归属感的另类表达能在人海中一眼锁定自己人也算专属于大学的浪漫了,2026-05-28 06:56:07,黑龙江,7211201623,郝宝的_南城以南,https://weibo.com/u/7211201623
5303182931525673,2郝宝的_南城以南1郝宝的_南城以南郝宝的_绿柚子这种无意识的集体穿搭其实是校园归属感的另类表达能在人海中一眼锁定自己人也算专属于大学的浪漫了,2026-05-28 06:56:02,黑龙江,7211201623,郝宝的_南城以南,https://weibo.com/u/7211201623
5303182931525673,1郝宝的_南城以南郝宝的_绿柚子这种无意识的集体穿搭其实是校园归属感的另类表达能在人海中一眼锁定自己人也算专属于大学的浪漫了,2026-05-28 06:55:56,黑龙江,7211201623,郝宝的_南城以南,https://weibo.com/u/7211201623
5303182931525673,郝宝的_绿柚子这种无意识的集体穿搭其实是校园归属感的另类表达能在人海中一眼锁定自己人也算专属于大学的浪漫了,2026-05-28 06:55:47,黑龙江,7211201623,郝宝的_南城以南,https://weibo.com/u/7211201623
5303182931525673,这种无意识的集体穿搭其实是校园归属感的另类表达能在人海中一眼锁定自己人也算专属于大学的浪漫了,2026-05-28 06:54:22,黑龙江,6670623506,郝宝的_绿柚子,https://weibo.com/u/6670623506
5303182931525673,心中常怀善念行事多做善举便能在纷繁复杂的世界中保持本心不被浮躁所扰不被冷漠所染以善待人不计较他人的过错以善行事不纠结事情的得失日日行善让自己的人生始终满是阳光与坦荡,2026-05-28 06:54:08,浙江,7856234970,翊杯草莓西瓜奶昔_骤然秘制版,https://weibo.com/u/7856234970
5303182931525673,破云见光乌云只是光影的幕布狂风为勇者加冕风暴中挺立的脊梁终会触碰晴空你本身就是穿透阴霾的光,2026-05-28 06:53:45,吉林,5270390901,云鸽飞入熠家里,https://weibo.com/u/5270390901
5303182931525673,转发微博,2026-05-28 06:52:38,福建,7564655912,用户3374913421,https://weibo.com/u/7564655912
5303182931525673,生活就像一面镜子你笑它也笑你哭它也哭选择用积极的心态面对世界也会回馈你温暖与惊喜,2026-05-28 06:47:38,广西,7651783268,Feayoshning,https://weibo.com/u/7651783268
5303182931525673,转发微博,2026-05-28 06:26:40,北京,7407245000,用户7407245000,https://weibo.com/u/7407245000
5303182931525673,大学校园的撞衫现象已成为一种独特的文化景观从羽绒服到牛仔裤学生党穿搭的集体趋同催生了大学校服的网络调侃,2026-05-28 01:16:27,广西,6453272861,莲花ie淇,https://weibo.com/u/6453272861
5303182931525673,夏花愈艳草色愈浓愿他们的正能量持续不断地释放传递给无数的像我这样的人我们的生活将充满美好与欢笑,2026-05-28 01:04:16,辽宁,1789910743,星河入梦YUNYI,https://weibo.com/u/1789910743
5303182931525673,我还真有[笑cry],2026-05-27 23:52:50,四川,6660349782,那就叫叶惠美,https://weibo.com/u/6660349782
5303182931525673,说明还是不会买我大学就没有撞衫过除了院服和班服[允悲]或者和室友一起在同一家店买的不跟风买有自己的风格不那么容易撞衫的,2026-05-27 22:55:19,安徽,6561259219,ybndkycgsacy,https://weibo.com/u/6561259219
5303182931525673,哈哈哈这个是真的,2026-05-27 22:43:05,福建,8217357955,A我一个愿望,https://weibo.com/u/8217357955
5303182931525673,云熠江晚我还记得大一军训完想买点短袖穿前一天晚上下单第二天就看到有人穿了[笑cry][笑cry],2026-05-27 21:55:29,广东,9153195876,熠秋旗,https://weibo.com/u/9153195876
5303182931525673,云熠江晚我还记得大一军训完想买点短袖穿前一天晚上下单第二天就看到有人穿了[笑cry][笑cry],2026-05-27 21:54:48,广东,8476152437,ST小江,https://weibo.com/u/8476152437
5303182931525673,云熠江晚我还记得大一军训完想买点短袖穿前一天晚上下单第二天就看到有人穿了[笑cry][笑cry],2026-05-27 21:54:11,广东,9160415564,S晚秋T,https://weibo.com/u/9160415564
5303182931525673,真诚待人即使秋叶飘落鲜花凋零也不会感到孤独真诚待人就算岁月流逝物是人非也总有一颗爱心依旧守侯真诚待人让草木重生让春天永驻真诚待人让时光倒转让天地动容,2026-05-27 21:50:55,广东,7803260903,栀落淮夏诗篇-,https://weibo.com/u/7803260903
5303182931525673,我还记得大一军训完想买点短袖穿前一天晚上下单第二天就看到有人穿了[笑cry][笑cry],2026-05-27 21:50:40,广东,7483797445,云熠江晚,https://weibo.com/u/7483797445
5303182931525673,转发微博,2026-05-27 21:42:54,山东,2394632391,一季世界,https://weibo.com/u/2394632391
5303182931525673,其实小众是一件很大众的事大学生喜爱内容共创计划毕业季,2026-05-27 21:42:25,湖南,5945684562,有被念,https://weibo.com/u/5945684562
5303182931525673,撞衫不尴尬谁丑谁尴尬,2026-05-27 21:37:10,江苏,5958043641,妈咪有好孕,https://weibo.com/u/5958043641
5303182931525673,在学校里看见一个包出现三次,2026-05-27 21:33:12,安徽,8349157728,YOU_my_love88,https://weibo.com/u/8349157728
5303182931525673,转发微博,2026-05-27 21:05:36,天津,1233718873,秋秋是个小恐龙,https://weibo.com/u/1233718873
5303182931525673,Repost,2026-05-27 20:19:48,澳大利亚,7521093914,亲爱的小Panda,https://weibo.com/u/7521093914
5303182931525673,人生不在于活得长与短而在于顿悟的早与晚生命不是用来更正别人的对与错而是用来实践自己精彩的生活人生不在于活得长与短而在于顿悟的早与晚生命不是用来更正别人的对与错而是用来实践自己精彩的生活,2026-05-27 20:04:50,新疆,7932297967,Felicity_优聆鑫语,https://weibo.com/u/7932297967
5303182931525673,人永远不能停止梦想梦想是心灵的养料就像饭菜是身体的给养人生路上我们常会看见自己的梦想破碎了渴望落空了但我们仍需做梦否则心灵就会枯死博爱便无法渗入心田,2026-05-27 19:36:55,安徽,7832027302,pocha_赵桉祈,https://weibo.com/u/7832027302
5303182931525673,人永远不能停止梦想梦想是心灵的养料就像饭菜是身体的给养人生路上我们常会看见自己的梦想破碎了渴望落空了但我们仍需做梦否则心灵就会枯死博爱便无法渗入心田,2026-05-27 19:36:40,安徽,7832027302,pocha_赵桉祈,https://weibo.com/u/7832027302
5303182931525673,转发微博,2026-05-27 19:33:39,澳大利亚,5315161888,啊hahahna,https://weibo.com/u/5315161888
5303182931525673,行善如春园之草不见其长日有所增行恶如磨刀之石不见其消日有所损清金兰生格言联璧,2026-05-27 19:30:57,广东,7570114438,或許雨在眼睛裏,https://weibo.com/u/7570114438
5303182931525673,记得曾经有一年双十一和我老婆当时是女朋友买了一套情侣外套当时那个衣服有红灰两个色我俩买的灰色款到货了以后我就穿上去她宿舍楼下等她她还没出来另一个女生就穿着红色的女款先出来了当时气氛可以说是非常尴尬了,2026-05-27 18:53:28,陕西,2104293381,异端-冰山,https://weibo.com/u/2104293381
5303182931525673,转发微博,2026-05-27 18:51:05,广东,6838879029,1COIN_肖枫_,https://weibo.com/u/6838879029
5303182931525673,全世界最容易撞衫的地方就是大学刚加购的衣服出门就能看见别人穿在身上,2026-05-27 18:50:13,新疆,1744103903,次元动漫娘,https://weibo.com/u/1744103903
5303182931525673,全世界最容易撞衫的地方就是大学不管男女都能撞上校服感直接焊在身上,2026-05-27 18:50:08,新疆,6782114293,漫酱在冲浪,https://weibo.com/u/6782114293
5303182931525673,全世界最容易撞衫的地方就是大学同款外套满校园走在路上像大型消消乐现场,2026-05-27 18:49:59,新疆,5634300659,剧妖,https://weibo.com/u/5634300659
5303182931525673,在学校真的很难不撞衫神奇动物小只猪在中国小众是个很大众的事浴缸冲浪手室友说穿格子裤我一抬头全是格子裤真爱社谁记得当年的全员恶人马克少年还有演唱会废话机器w我们寝室三个人都有一个一模一样的防晒衣,2026-05-27 16:45:45,四川,5125859452,一只泡泡机,https://weibo.com/u/5125859452
5303182931525673,故事馆长在学校真的很难不撞衫神奇动物小只猪在中国小众是个很大众的事浴缸冲浪手室友说穿格子裤我一抬头全是格子裤真爱社谁记得当年的全员恶人马克少年还有演唱会废话机器w我们寝室三个人都有一个一模一样的防晒衣,2026-05-27 16:27:58,陕西,5745989838,冲浪男孩钻钻子,https://weibo.com/u/5745989838
5303182931525673,转发微博,2026-05-27 16:13:31,江苏,2038665640,今天我能发财吗,https://weibo.com/u/2038665640
5303182931525673,神奇动物小只猪在中国小众是个很大众的事浴缸冲浪手室友说穿格子裤我一抬头全是格子裤真爱社谁记得当年的全员恶人马克少年还有演唱会废话机器w我们寝室三个人都有一个一模一样的防晒衣,2026-05-27 15:09:48,陕西,5395439978,不瘦下来决不改ID,https://weibo.com/u/5395439978
5303182931525673,故事馆长在学校真的很难不撞衫神奇动物小只猪在中国小众是个很大众的事浴缸冲浪手室友说穿格子裤我一抬头全是格子裤真爱社谁记得当年的全员恶人马克少年还有演唱会废话机器w我们寝室三个人都有一个一模一样的防晒衣,2026-05-27 14:40:44,福建,2995631244,我与老公的日常,https://weibo.com/u/2995631244
5303182931525673,在学校真的很难不撞衫神奇动物小只猪在中国小众是个很大众的事浴缸冲浪手室友说穿格子裤我一抬头全是格子裤真爱社谁记得当年的全员恶人马克少年还有演唱会废话机器w我们寝室三个人都有一个一模一样的防晒衣,2026-05-27 14:06:39,广东,5983719357,故事馆长,https://weibo.com/u/5983719357
5303182931525673,在中国小众是个很大众的事浴缸冲浪手室友说穿格子裤我一抬头全是格子裤真爱社谁记得当年的全员恶人马克少年还有演唱会废话机器w我们寝室三个人都有一个一模一样的防晒衣,2026-05-27 14:06:04,广东,6217680369,神奇动物小只猪,https://weibo.com/u/6217680369
5303182931525673,背包和班里人撞买个短袖还和室友撞了我俩还是同一时间买的,2026-05-27 13:54:25,山东,6255687923,枝栗耳,https://weibo.com/u/6255687923
5303182931525673,我们寝室三个人都有一个一模一样的防晒衣,2026-05-27 13:53:22,福建,3328182114,废话机器w,https://weibo.com/u/3328182114
5303182931525673,还有演唱会,2026-05-27 13:53:22,辽宁,7589206434,与君相其乐无穷_,https://weibo.com/u/7589206434
5303182931525673,完全不敢在直播间买衣服简直就是采购校服来的,2026-05-27 13:53:19,山东,6999871537,为笨蛋争口气-W,https://weibo.com/u/6999871537
5303182931525673,在中国追求小众本来就是一种大众的事,2026-05-27 13:53:18,河南,7493963225,爱打劫老实人,https://weibo.com/u/7493963225
5303182931525673,看中了一件衣服没买三天后那件衣服诡异的出现在我周围哪都能看见,2026-05-27 13:53:17,河北,2279857910,爱吃橘子湘菜,https://weibo.com/u/2279857910
5303182931525673,耳钉这么小众的东西也可以撞今天和昨天带的都看到了,2026-05-27 13:53:16,河南,6347668312,Dong-两颗西柚,https://weibo.com/u/6347668312
5303182931525673,不知道为什么我的衣服一到学校就全是同款没买之前我也没发现啊,2026-05-27 13:53:17,福建,7824009671,jiaogeniurucha顺,https://weibo.com/u/7824009671
5303182931525673,诡异的是买之前看不见人穿买之后一个转身就是一件,2026-05-27 13:53:11,广西,5879299015,人气偶像小韦酱,https://weibo.com/u/5879299015
5303182931525673,出去吹个头发睡衣吹风机拖鞋各撞各的,2026-05-27 13:53:10,山东,7937129200,好多没意思,https://weibo.com/u/7937129200
5302445874877349,转发微博,2026-05-29 04:24:55,辽宁,6000460945,银河铁道玫瑰色,https://weibo.com/u/6000460945
5302445874877349,转发微博,2026-05-29 04:03:09,福建,5409709177,薛定谔的废物能拥有自由吗,https://weibo.com/u/5409709177
5302445874877349,转发微博,2026-05-29 03:00:29,河南,8281425509,小诺恋咪,https://weibo.com/u/8281425509
5302445874877349,转发微博,2026-05-29 01:06:45,广东,6881717616,小鹿绵绵冰冰冰,https://weibo.com/u/6881717616
5302445874877349,我一直哭,2026-05-29 00:39:29,云南,7864873413,夏涩黎,https://weibo.com/u/7864873413
5302445874877349,[允悲][允悲],2026-05-29 00:00:58,广东,7395260520,和馨yu,https://weibo.com/u/7395260520
5302445874877349,转发微博,2026-05-28 23:46:45,浙江,6638665794,一只不愿意透露姓名的耶女士,https://weibo.com/u/6638665794
5302445874877349,转发微博,2026-05-28 23:02:53,河南,4088325349,用我最愛的那把吉他砸鼠泥,https://weibo.com/u/4088325349
5302445874877349,转发微博,2026-05-28 22:58:04,黑龙江,7469919065,我是来上网的不是来上吊的_,https://weibo.com/u/7469919065
5302445874877349,转发微博,2026-05-28 21:21:35,福建,6577625703,称赞使草莓成长,https://weibo.com/u/6577625703
5302445874877349,[泪奔][泪奔][泪奔][泪奔][泪奔][泪奔],2026-05-28 21:09:03,四川,7865459732,窥见眸中那片海,https://weibo.com/u/7865459732
5302445874877349,转发微博,2026-05-28 21:01:37,日本,6969958470,猫今天也要加油鸭之錒變放掉马版,https://weibo.com/u/6969958470
5302445874877349,嗯嗯潮湿性恋爱病大学是人生的暑假吗那我应该是中暑了,2026-05-28 20:42:30,广西,7090355947,请你不要到处嗑磕,https://weibo.com/u/7090355947
5302445874877349,转发微博,2026-05-28 19:24:38,浙江,7283857474,没有小饼干了TT,https://weibo.com/u/7283857474
5302445874877349,轉發微博,2026-05-28 18:54:53,重庆,7303222421,邪恶猫狗教,https://weibo.com/u/7303222421
5302445874877349,,2026-05-28 18:27:34,浙江,7852538399,痛苦是泡泡外面的空氣,https://weibo.com/u/7852538399
5302445874877349,是谁在喜欢大学啊不愿回想的四年,2026-05-28 18:25:33,辽宁,7821614765,当代草莓消失术大师,https://weibo.com/u/7821614765
5302445874877349,哦哦,2026-05-28 18:19:29,广东,7882384906,只要能在世界盡頭握緊你的手,https://weibo.com/u/7882384906
5302445874877349,如果再来一次我绝对不会给自己找这么多事干譞你没道理_哦哦潮湿性恋爱病大学是人生的暑假吗那我应该是中暑了,2026-05-28 17:54:09,福建,7487878298,别给我热度嘞,https://weibo.com/u/7487878298
5302445874877349,我下大雪的日子好苦期末好苦我一直在哭,2026-05-28 17:45:05,河北,7651147985,梨涡oTvTo,https://weibo.com/u/7651147985
5302445874877349,潮湿性恋爱病大学是人生的暑假吗那我应该是中暑了,2026-05-28 17:03:43,吉林,6522744244,小兔獭獭,https://weibo.com/u/6522744244
5302445874877349,潮湿性恋爱病大学是人生的暑假吗那我应该是中暑了,2026-05-28 17:01:21,江西,7492661095,安心生效kreiss,https://weibo.com/u/7492661095
5302445874877349,转发微博,2026-05-28 16:46:59,江苏,7891541879,椰奶绵绵方,https://weibo.com/u/7891541879
5302445874877349,我要力竭了,2026-05-28 16:19:12,陕西,6631661293,和尚的日子里,https://weibo.com/u/6631661293
5302445874877349,转发微博,2026-05-28 15:50:04,天津,7195725616,仿生海狸鼠会吃掉电子蒲公英吗,https://weibo.com/u/7195725616
5302445874877349,啊啊啊啊啊啊啊啊啊啊啊啊啊啊啊啊啊啊啊啊啊啊啊啊啊啊啊啊啊啊啊啊啊啊啊啊啊啊啊啊啊啊啊啊啊啊啊啊啊啊啊啊啊啊啊啊啊啊啊啊啊啊啊啊潮湿性恋爱病大学是人生的暑假吗那我应该是中暑了,2026-05-28 14:16:43,辽宁,7668980680,尖牙栗栗,https://weibo.com/u/7668980680
5302445874877349,转发微博,2026-05-28 14:09:07,广东,7840176066,兎耳杀手,https://weibo.com/u/7840176066
5302445874877349,转发微博,2026-05-28 14:03:46,河南,8462271536,别再流猪泪,https://weibo.com/u/8462271536
5302445874877349,转发微博,2026-05-28 13:28:26,韩国,7503594682,用户4805132,https://weibo.com/u/7503594682
5302445874877349,转发微博,2026-05-28 12:32:24,山东,7399150599,这是烤菠萝,https://weibo.com/u/7399150599
5302445874877349,转发微博,2026-05-28 12:25:25,辽宁,7377045450,Sharon_jz,https://weibo.com/u/7377045450
5302445874877349,转发微博,2026-05-28 12:16:46,山东,7409790128,汤圆圆二号机,https://weibo.com/u/7409790128
5302445874877349,转发微博,2026-05-28 11:39:16,广西,7659840800,想咋滴吧bjendb,https://weibo.com/u/7659840800
5302445874877349,潮湿性恋爱病大学是人生的暑假吗那我应该是中暑了,2026-05-28 11:28:02,河北,7030403720,_C岸芷汀兰,https://weibo.com/u/7030403720
5302445874877349,转发微博,2026-05-28 09:45:11,上海,6142368879,海抱抱投入无尾熊,https://weibo.com/u/6142368879
5302445874877349,转发微博,2026-05-28 09:44:14,辽宁,7160668964,偷吃老公贡品被婆婆发现那个雨夜,https://weibo.com/u/7160668964
5302445874877349,呃呃呃潮湿性恋爱病大学是人生的暑假吗那我应该是中暑了,2026-05-28 09:10:00,河南,7225678779,余羽啊哈哈,https://weibo.com/u/7225678779
5302445874877349,转发微博,2026-05-28 09:08:47,广东,6414093124,意大利肉三重奏爸爸碗,https://weibo.com/u/6414093124
5302445874877349,转发微博,2026-05-28 08:54:25,广东,7986797492,DDoSensei,https://weibo.com/u/7986797492
5302445874877349,转发微博,2026-05-28 08:39:38,河南,7852970150,重生之勤勉修炼的毒妇一枚,https://weibo.com/u/7852970150
5302445874877349,潮湿性恋爱病大学是人生的暑假吗那我应该是中暑了,2026-05-28 07:57:19,辽宁,5938853695,懒人口中的早睡实际是早上睡觉呢,https://weibo.com/u/5938853695
5302445874877349,转发微博,2026-05-28 07:39:23,湖南,7484422619,Toru学法大视野,https://weibo.com/u/7484422619
5302445874877349,其实我的暑假也还没到两个月潮湿性恋爱病大学是人生的暑假吗那我应该是中暑了,2026-05-28 04:32:12,福建,7714950649,弥拉吐涅八号机,https://weibo.com/u/7714950649
5302445874877349,转发微博,2026-05-28 04:17:53,法国,6245937867,黑崎矢子,https://weibo.com/u/6245937867
5302445874877349,转发微博,2026-05-28 03:17:55,河南,7363986727,周二好恶心,https://weibo.com/u/7363986727
5302445874877349,黄金地狱火蝾螈糖浆大学是我的哈利波特在姨妈家时期甄嬛甘露寺时期花千骨被贬蛮荒时期罗子君刚和陈俊生离婚时期魏璎珞进辛者库刷马桶时期林品如没离婚在洪家受气时期沈眉庄被误会禁足时期白浅变成素素时期孙悟空五指山时期骆驼祥子没北京户口时期朱元璋要饭时期范进没中举,2026-05-28 02:48:32,河北,7766641661,应是此春亭亭,https://weibo.com/u/7766641661
5302445874877349,紫银色厨并无不妥转发微博,2026-05-28 02:37:20,上海,7984688881,黄昏巴士开上坡道就此告别吧,https://weibo.com/u/7984688881
5302445874877349,转发微博,2026-05-28 02:00:29,天津,7907219894,用户7907219894,https://weibo.com/u/7907219894
5302445874877349,我踏马上个大学都快死求了,2026-05-28 01:45:20,陕西,7165006341,不曾有期待,https://weibo.com/u/7165006341
5302445874877349,黄金地狱火蝾螈糖浆大学是我的哈利波特在姨妈家时期甄嬛甘露寺时期花千骨被贬蛮荒时期罗子君刚和陈俊生离婚时期魏璎珞进辛者库刷马桶时期林品如没离婚在洪家受气时期沈眉庄被误会禁足时期白浅变成素素时期孙悟空五指山时期骆驼祥子没北京户口时期朱元璋要饭时期范进没中举,2026-05-28 01:40:56,宁夏,7579118863,蛋花小葱清汤,https://weibo.com/u/7579118863
5302445874877349,转发微博,2026-05-28 01:30:31,江苏,7615782642,在販賣機的咖啡与街灯間,https://weibo.com/u/7615782642
5302445874877349,潮湿性恋爱病大学是人生的暑假吗那我应该是中暑了,2026-05-28 01:27:36,陕西,7456021539,我要183金发天文系绿茶狐狸学长,https://weibo.com/u/7456021539
5302445874877349,转发微博,2026-05-28 00:56:21,福建,6499720723,布丁当空照,https://weibo.com/u/6499720723
5302445874877349,转发微博,2026-05-28 00:53:49,浙江,7487489116,JUL_Y_777,https://weibo.com/u/7487489116
5302445874877349,潮湿性恋爱病大学是人生的暑假吗那我应该是中暑了,2026-05-28 00:45:46,江苏,7454146220,yao-陈春,https://weibo.com/u/7454146220
5302445874877349,转发微博,2026-05-28 00:41:45,山东,7481299324,我懂你的特别x_,https://weibo.com/u/7481299324
5302445874877349,转发微博,2026-05-28 00:34:26,河北,6997026107,坚持早睡不可能,https://weibo.com/u/6997026107
5302445874877349,转发微博,2026-05-27 23:56:25,湖北,7932797099,生生荇烬路,https://weibo.com/u/7932797099
5302445874877349,转发微博,2026-05-27 23:44:15,广东,5919546785,零度天氣看風景_a,https://weibo.com/u/5919546785
5302445874877349,转发微博,2026-05-27 23:32:21,江西,7937801767,可过往覆水难收,https://weibo.com/u/7937801767
5302445874877349,潮湿性恋爱病大学是人生的暑假吗那我应该是中暑了,2026-05-27 23:24:21,辽宁,7881960788,奶油谟菇汤,https://weibo.com/u/7881960788
5302445874877349,攻的鬼父耀祖发卖处黄金地狱火蝾螈糖浆大学是我的哈利波特在姨妈家时期甄嬛甘露寺时期花千骨被贬蛮荒时期罗子君刚和陈俊生离婚时期魏璎珞进辛者库刷马桶时期林品如没离婚在洪家受气时期沈眉庄被误会禁足时期白浅变成素素时期孙悟空五指山时期骆驼祥子没北京户口时期,2026-05-27 23:15:09,河北,7382131350,顺着爱人眼泪,https://weibo.com/u/7382131350
5302445874877349,耀祖发卖处黄金地狱火蝾螈糖浆大学是我的哈利波特在姨妈家时期甄嬛甘露寺时期花千骨被贬蛮荒时期罗子君刚和陈俊生离婚时期魏璎珞进辛者库刷马桶时期林品如没离婚在洪家受气时期沈眉庄被误会禁足时期白浅变成素素时期孙悟空五指山时期骆驼祥子没北京户口时期朱元璋要饭时,2026-05-27 22:46:43,新疆,8204234449,攻的鬼父,https://weibo.com/u/8204234449
5302445874877349,嗯,2026-05-27 22:26:58,湖北,5997183149,黑发黄瞳厨_,https://weibo.com/u/5997183149
5302445874877349,转发微博,2026-05-27 21:59:50,陕西,7846740071,_放鶴歸舟-,https://weibo.com/u/7846740071
5302445874877349,Repost,2026-05-27 21:11:07,黑龙江,6258711325,TVA内禁止使用魔法,https://weibo.com/u/6258711325
5302445874877349,嗯对[来抱抱],2026-05-27 20:59:56,河北,7496077423,来碗炸元宵w,https://weibo.com/u/7496077423
5302445874877349,转发微博,2026-05-27 20:39:08,广东,7913960222,如果是在槲寄生下和你接吻,https://weibo.com/u/7913960222
5302445874877349,转发微博,2026-05-27 20:05:52,江苏,7432147245,橡皮鸭队长成长为电车大王,https://weibo.com/u/7432147245
5302445874877349,潮湿性恋爱病大学是人生的暑假吗那我应该是中暑了,2026-05-27 19:44:10,江西,6890933589,66_sIxxx,https://weibo.com/u/6890933589
5302445874877349,噢噢潮湿性恋爱病大学是人生的暑假吗那我应该是中暑了,2026-05-27 19:19:29,湖南,7961075265,小酒微醺201506,https://weibo.com/u/7961075265
5302445874877349,转发微博,2026-05-27 18:57:22,陕西,6745839051,小炤教皇,https://weibo.com/u/6745839051
5302445874877349,大学是我的登陆少年出道时期生不逢石女士我是凯蒂猫_黄金地狱火蝾螈糖浆大学是我的哈利波特在姨妈家时期甄嬛甘露寺时期花千骨被贬蛮荒时期罗子君刚和陈俊生离婚时期魏璎珞进辛者库刷马桶时期林品如没离婚在洪家受气时期沈眉庄被误会禁足时期白浅变成素素时期孙悟空五指山,2026-05-27 18:55:23,河南,7473888950,愤怒的农村狗,https://weibo.com/u/7473888950
5302445874877349,生不逢石女士我是凯蒂猫_黄金地狱火蝾螈糖浆大学是我的哈利波特在姨妈家时期甄嬛甘露寺时期花千骨被贬蛮荒时期罗子君刚和陈俊生离婚时期魏璎珞进辛者库刷马桶时期林品如没离婚在洪家受气时期沈眉庄被误会禁足时期白浅变成素素时期孙悟空五指山时期骆驼祥子没北京户口时,2026-05-27 18:54:52,河南,7473888950,愤怒的农村狗,https://weibo.com/u/7473888950
5302445874877349,我是凯蒂猫_黄金地狱火蝾螈糖浆大学是我的哈利波特在姨妈家时期甄嬛甘露寺时期花千骨被贬蛮荒时期罗子君刚和陈俊生离婚时期魏璎珞进辛者库刷马桶时期林品如没离婚在洪家受气时期沈眉庄被误会禁足时期白浅变成素素时期孙悟空五指山时期骆驼祥子没北京户口时期朱元璋要饭时,2026-05-27 18:45:46,安徽,5673354663,生不逢石女士,https://weibo.com/u/5673354663
5302445874877349,黄金地狱火蝾螈糖浆大学是我的哈利波特在姨妈家时期甄嬛甘露寺时期花千骨被贬蛮荒时期罗子君刚和陈俊生离婚时期魏璎珞进辛者库刷马桶时期林品如没离婚在洪家受气时期沈眉庄被误会禁足时期白浅变成素素时期孙悟空五指山时期骆驼祥子没北京户口时期朱元璋要饭时期范进没中举,2026-05-27 18:45:01,云南,5936213591,我是凯蒂猫_,https://weibo.com/u/5936213591
5302445874877349,点了,2026-05-27 18:32:46,河南,8219266194,我是考公天才xx,https://weibo.com/u/8219266194
5302445874877349,呢个荷黄金地狱火蝾螈糖浆大学是我的哈利波特在姨妈家时期甄嬛甘露寺时期花千骨被贬蛮荒时期罗子君刚和陈俊生离婚时期魏璎珞进辛者库刷马桶时期林品如没离婚在洪家受气时期沈眉庄被误会禁足时期白浅变成素素时期孙悟空五指山时期骆驼祥子没北京户口时期朱元璋要饭时期,2026-05-27 18:32:01,陕西,7800060538,厚蛋烧椰奶,https://weibo.com/u/7800060538
5302445874877349,转发微博,2026-05-27 18:27:10,江苏,7777427224,Aaa何过瘾批发,https://weibo.com/u/7777427224
5302445874877349,转发微博,2026-05-27 18:25:58,吉林,6017409461,我和你说你完全就不知道你完全你,https://weibo.com/u/6017409461
5302445874877349,转发微博,2026-05-27 17:50:30,湖北,5615420604,wl1n_n,https://weibo.com/u/5615420604
5302445874877349,黄金地狱火蝾螈糖浆大学是我的哈利波特在姨妈家时期甄嬛甘露寺时期花千骨被贬蛮荒时期罗子君刚和陈俊生离婚时期魏璎珞进辛者库刷马桶时期林品如没离婚在洪家受气时期沈眉庄被误会禁足时期白浅变成素素时期孙悟空五指山时期骆驼祥子没北京户口时期朱元璋要饭时期范进没中举,2026-05-27 17:39:08,浙江,6123171107,xhsuejndxv,https://weibo.com/u/6123171107
5302445874877349,转发微博,2026-05-27 17:31:53,河南,7430459412,jiojiojiaojiojio,https://weibo.com/u/7430459412
5302445874877349,转发微博,2026-05-27 17:16:34,湖北,7854447948,芝士蛋糕不加奶油,https://weibo.com/u/7854447948
5302445874877349,转发微博,2026-05-27 17:16:19,山东,7932786624,雪中拉弓,https://weibo.com/u/7932786624
5302445874877349,转发微博,2026-05-27 17:15:07,浙江,7827102787,真的想象,https://weibo.com/u/7827102787
5302445874877349,转发微博,2026-05-27 17:14:53,江西,7523033165,awdkeko-,https://weibo.com/u/7523033165
5302445874877349,转发微博,2026-05-27 17:14:41,黑龙江,7444387976,小小小缇尼,https://weibo.com/u/7444387976
5302445874877349,转发微博,2026-05-27 17:14:36,辽宁,7527142247,紫银色厨并无不妥,https://weibo.com/u/7527142247
5302445874877349,转发微博,2026-05-27 17:14:19,四川,5692524992,用户952110170218,https://weibo.com/u/5692524992
5302445874877349,转发微博,2026-05-27 16:51:23,陕西,6378339921,夏季芭乐几毛呢,https://weibo.com/u/6378339921
5302445874877349,转发微博,2026-05-27 16:43:20,北京,6231065973,一元复始的一,https://weibo.com/u/6231065973
5302445874877349,我,2026-05-27 16:28:26,福建,6814274293,于火欧泊淌溢之齿,https://weibo.com/u/6814274293
5302445874877349,转发微博,2026-05-27 16:26:07,安徽,7573318441,喝彩之炎,https://weibo.com/u/7573318441
5302445874877349,耀祖发卖处黄金地狱火蝾螈糖浆大学是我的哈利波特在姨妈家时期甄嬛甘露寺时期花千骨被贬蛮荒时期罗子君刚和陈俊生离婚时期魏璎珞进辛者库刷马桶时期林品如没离婚在洪家受气时期沈眉庄被误会禁足时期白浅变成素素时期孙悟空五指山时期骆驼祥子没北京户口时期朱元璋要饭时,2026-05-27 16:03:06,广西,6525257867,若要由你来谈论爱的话,https://weibo.com/u/6525257867
5302445874877349,转发微博,2026-05-27 15:49:53,天津,7906926153,浅雾轻覆于笃斯越桔,https://weibo.com/u/7906926153
5302445874877349,转发微博,2026-05-27 15:11:38,江苏,6112269910,颓废的炸咸鱼,https://weibo.com/u/6112269910
5302445874877349,耀祖发卖处黄金地狱火蝾螈糖浆大学是我的哈利波特在姨妈家时期甄嬛甘露寺时期花千骨被贬蛮荒时期罗子君刚和陈俊生离婚时期魏璎珞进辛者库刷马桶时期林品如没离婚在洪家受气时期沈眉庄被误会禁足时期白浅变成素素时期孙悟空五指山时期骆驼祥子没北京户口时期朱元璋要饭时,2026-05-27 15:00:35,广东,7417577047,我姐子奚,https://weibo.com/u/7417577047
5302445874877349,黄金地狱火蝾螈糖浆大学是我的哈利波特在姨妈家时期甄嬛甘露寺时期花千骨被贬蛮荒时期罗子君刚和陈俊生离婚时期魏璎珞进辛者库刷马桶时期林品如没离婚在洪家受气时期沈眉庄被误会禁足时期白浅变成素素时期孙悟空五指山时期骆驼祥子没北京户口时期朱元璋要饭时期范进没,2026-05-27 14:59:19,湖南,5865566585,bouque_tot,https://weibo.com/u/5865566585
5302445874877349,殁雪沙冬青潮湿性恋爱病大学是人生的暑假吗那我应该是中暑了,2026-05-27 14:53:58,山东,6554828848,eopseum,https://weibo.com/u/6554828848
5302445874877349,转发微博,2026-05-27 14:53:24,四川,7376194915,林喆喆喆哲,https://weibo.com/u/7376194915
5302445874877349,黄金地狱火蝾螈糖浆大学是我的哈利波特在姨妈家时期甄嬛甘露寺时期花千骨被贬蛮荒时期罗子君刚和陈俊生离婚时期魏璎珞进辛者库刷马桶时期林品如没离婚在洪家受气时期沈眉庄被误会禁足时期白浅变成素素时期孙悟空五指山时期骆驼祥子没北京户口时期朱元璋要饭时期范进没中举,2026-05-27 14:51:41,山东,7973210623,妳有一顆聖母心,https://weibo.com/u/7973210623
5302445874877349,黄金地狱火蝾螈糖浆大学是我的哈利波特在姨妈家时期甄嬛甘露寺时期花千骨被贬蛮荒时期罗子君刚和陈俊生离婚时期魏璎珞进辛者库刷马桶时期林品如没离婚在洪家受气时期沈眉庄被误会禁足时期白浅变成素素时期孙悟空五指山时期骆驼祥子没北京户口时期朱元璋要饭时期范进没中举,2026-05-27 14:49:46,河南,8017469125,耀祖发卖处,https://weibo.com/u/8017469125
5302445874877349,转发微博,2026-05-27 14:40:57,宁夏,7453736449,间零嬷,https://weibo.com/u/7453736449
5302445874877349,转发微博,2026-05-27 14:19:10,北京,5501024817,与sesca,https://weibo.com/u/5501024817
5302445874877349,而我呢只是一个愚蠢的大学生处在滑铁卢时期大萧条时期魏晋南北朝时期敦刻尔克大撤退时期安史之乱时期中世纪时期赛博朋克2077骆驼祥子没北京户口时期范进没中举时期甄嬛甘露寺时期孔乙己没文化时期孙悟空五指山时期杜甫茅屋时期朱元璋要饭时期卖火柴小女孩不敢回家,2026-05-27 14:13:15,江西,7327892732,回忆上了胖meow,https://weibo.com/u/7327892732
5302445874877349,Repost,2026-05-27 13:54:39,北京,7772719038,温尘兮_,https://weibo.com/u/7772719038
5302445874877349,轉發微博,2026-05-27 13:42:40,山东,7781117183,在那裏沒人會討厭我們的髮型,https://weibo.com/u/7781117183
5302445874877349,殁雪沙冬青潮湿性恋爱病大学是人生的暑假吗那我应该是中暑了,2026-05-27 13:17:19,法国,7371163318,世界第一凛月殿下,https://weibo.com/u/7371163318
5302445874877349,转发微博,2026-05-27 13:15:41,河北,7949794622,城北八猫一斤泪,https://weibo.com/u/7949794622
5302445874877349,轉發微博,2026-05-27 13:15:36,广东,6818395213,Noropewayd,https://weibo.com/u/6818395213
5302445874877349,转发微博,2026-05-27 12:58:26,四川,7372556557,bbbywjsgt,https://weibo.com/u/7372556557
5302445874877349,潮湿性恋爱病大学是人生的暑假吗那我应该是中暑了,2026-05-27 12:50:58,山东,5982565213,棉花糖即使烤焦也美味,https://weibo.com/u/5982565213
5302445874877349,毕业了也还是想说,2026-05-27 12:48:30,广西,6354654447,南有荣,https://weibo.com/u/6354654447
5302445874877349,我大学呢个荷黄金地狱火蝾螈糖浆大学是我的哈利波特在姨妈家时期甄嬛甘露寺时期花千骨被贬蛮荒时期罗子君刚和陈俊生离婚时期魏璎珞进辛者库刷马桶时期林品如没离婚在洪家受气时期沈眉庄被误会禁足时期白浅变成素素时期孙悟空五指山时期骆驼祥子没北京户口时期朱元璋要饭,2026-05-27 12:44:27,湖北,7849025821,我开拆楼机创学校,https://weibo.com/u/7849025821
5302445874877349,转发微博,2026-05-27 12:36:32,黑龙江,7457193353,今天也早上好_,https://weibo.com/u/7457193353
5302445874877349,转发微博,2026-05-27 11:56:18,福建,7747072163,和你在一起也是拯救我,https://weibo.com/u/7747072163
5302445874877349,转发微博,2026-05-27 11:38:32,浙江,7283713124,不太想斯,https://weibo.com/u/7283713124
5302445874877349,转发微博,2026-05-27 11:38:15,湖北,6562721791,厌姜月,https://weibo.com/u/6562721791
5302445874877349,转发微博,2026-05-27 11:19:06,广东,7491654600,Soiohbin_,https://weibo.com/u/7491654600
5302445874877349,转发微博,2026-05-27 11:11:26,广东,6343380408,喝点红茶白开水,https://weibo.com/u/6343380408
5302445874877349,转发微博,2026-05-27 11:04:09,湖北,7480350130,真萌啊真萌啊,https://weibo.com/u/7480350130
5302445874877349,潮湿性恋爱病大学是人生的暑假吗那我应该是中暑了,2026-05-27 11:00:46,安徽,7836672661,睡眠学概论,https://weibo.com/u/7836672661
5302445874877349,请让我拥有你失去的时间转发微博,2026-05-27 10:58:41,上海,7819650512,JiffyWander,https://weibo.com/u/7819650512
5302445874877349,转发微博,2026-05-27 10:58:31,山东,7917903755,一只kitten的碎碎念,https://weibo.com/u/7917903755
5302445874877349,转发微博,2026-05-27 10:58:12,陕西,7396375495,星域搞搞子,https://weibo.com/u/7396375495
5302445874877349,转发微博,2026-05-27 10:57:30,江苏,3307225607,twinkledouble,https://weibo.com/u/3307225607
5302445874877349,向全宇宙播報一聽可爾必思转发微博,2026-05-27 10:48:24,四川,5152339618,在知识的海洋里螺旋前进,https://weibo.com/u/5152339618
5302445874877349,呵呵,2026-05-27 10:37:40,山东,6996531957,雨季_不再来-,https://weibo.com/u/6996531957
5302445874877349,恆压滴液漏斗蛋糕吃完就睡转发微博,2026-05-27 10:23:11,福建,7564333268,闻雨降临,https://weibo.com/u/7564333268
5302445874877349,转发微博,2026-05-27 10:15:07,浙江,7770323610,浪迹一生为你眼眸停留,https://weibo.com/u/7770323610
5302445874877349,转发微博,2026-05-27 10:04:33,江苏,7422496552,此人有诈,https://weibo.com/u/7422496552
5302445874877349,[笑cry][笑cry][笑cry]潮湿性恋爱病大学是人生的暑假吗那我应该是中暑了,2026-05-27 10:02:02,江西,7748107087,想成为机甲师的机甲单兵,https://weibo.com/u/7748107087
5302445874877349,轉發微博,2026-05-27 09:55:51,河南,7277993500,人设塑造,https://weibo.com/u/7277993500
5302445874877349,转发微博,2026-05-27 09:54:33,湖北,8349623624,呲不呲鱿鱼丝,https://weibo.com/u/8349623624
5302445874877349,笑得我潮湿性恋爱病大学是人生的暑假吗那我应该是中暑了,2026-05-27 09:47:14,陕西,7559904516,薄荷暮日,https://weibo.com/u/7559904516
5302445874877349,嗯对,2026-05-27 09:45:28,安徽,7487381451,芋泥杂物箱,https://weibo.com/u/7487381451
5302445874877349,黄金地狱火蝾螈糖浆大学是我的哈利波特在姨妈家时期甄嬛甘露寺时期花千骨被贬蛮荒时期罗子君刚和陈俊生离婚时期魏璎珞进辛者库刷马桶时期林品如没离婚在洪家受气时期沈眉庄被误会禁足时期白浅变成素素时期孙悟空五指山时期骆驼祥子没北京户口时期朱元璋要饭时期范进没中举,2026-05-27 09:39:24,山东,7721318830,呢个荷,https://weibo.com/u/7721318830
5302445874877349,转发微博,2026-05-27 09:38:59,河北,7289953191,un港务局,https://weibo.com/u/7289953191
5302445874877349,转发微博,2026-05-27 09:34:55,四川,7353773082,KH_onyourtulipppp,https://weibo.com/u/7353773082
5302445874877349,转发微博,2026-05-27 09:30:28,浙江,5506312532,_过期胶卷,https://weibo.com/u/5506312532
5302445874877349,[捂嘴哭]黄金地狱火蝾螈糖浆大学是我的哈利波特在姨妈家时期甄嬛甘露寺时期花千骨被贬蛮荒时期罗子君刚和陈俊生离婚时期魏璎珞进辛者库刷马桶时期林品如没离婚在洪家受气时期沈眉庄被误会禁足时期白浅变成素素时期孙悟空五指山时期骆驼祥子没北京户口时期朱元璋要饭时期范,2026-05-27 09:22:31,山东,7425923672,Hkiifty,https://weibo.com/u/7425923672
5302445874877349,我黄金地狱火蝾螈糖浆大学是我的哈利波特在姨妈家时期甄嬛甘露寺时期花千骨被贬蛮荒时期罗子君刚和陈俊生离婚时期魏璎珞进辛者库刷马桶时期林品如没离婚在洪家受气时期沈眉庄被误会禁足时期白浅变成素素时期孙悟空五指山时期骆驼祥子没北京户口时期朱元璋要饭时期范进没,2026-05-27 09:17:35,黑龙江,6347991230,小宇想要暴富还要天天开心,https://weibo.com/u/6347991230
5302445874877349,转发微博,2026-05-27 09:15:24,广东,6319830818,六芙猪宝,https://weibo.com/u/6319830818
5302445874877349,转发微博,2026-05-27 08:51:52,四川,7215948739,吹泡泡的鱼06262,https://weibo.com/u/7215948739
5302445874877349,转发微博,2026-05-27 08:48:44,广东,6977901205,芽比小宝,https://weibo.com/u/6977901205
5302445874877349,转发微博,2026-05-27 08:44:00,江苏,5389431519,用户0419v_v用户0326,https://weibo.com/u/5389431519
5302445874877349,转发微博,2026-05-27 08:40:06,山东,6055712265,心澄美由紀在老中,https://weibo.com/u/6055712265
5302445874877349,轉發微博,2026-05-27 08:38:38,江苏,7338383163,大狗勾是郎,https://weibo.com/u/7338383163
5302445874877349,转发微博,2026-05-27 08:36:33,四川,7729041835,vvdwydqsjzxfdxnh,https://weibo.com/u/7729041835
5302445874877349,完全在墨暑假好不,2026-05-27 08:35:41,山西,7396841325,清清清和廿一,https://weibo.com/u/7396841325
5302445874877349,转发微博,2026-05-27 08:19:59,河北,7094491533,何时谈恋爱呢,https://weibo.com/u/7094491533
5302445874877349,转发微博,2026-05-27 08:11:02,河北,6985465505,六十一K,https://weibo.com/u/6985465505
5302445874877349,转发微博,2026-05-27 08:04:51,广东,3269715924,anyonebutu1,https://weibo.com/u/3269715924
5302445874877349,潮湿性恋爱病大学是人生的暑假吗那我应该是中暑了,2026-05-27 07:52:12,澳大利亚,7770806096,STEPINTOTHEDAYLIGHT-LETITGO,https://weibo.com/u/7770806096
5302445874877349,黄金地狱火蝾螈糖浆大学是我的哈利波特在姨妈家时期甄嬛甘露寺时期花千骨被贬蛮荒时期罗子君刚和陈俊生离婚时期魏璎珞进辛者库刷马桶时期林品如没离婚在洪家受气时期沈眉庄被误会禁足时期白浅变成素素时期孙悟空五指山时期骆驼祥子没北京户口时期朱元璋要饭时期范进没中举,2026-05-27 07:40:32,安徽,7566169380,他来自今夜钟声里,https://weibo.com/u/7566169380
5302445874877349,转发微博,2026-05-27 07:32:56,云南,7716128910,芙惹栗子泥,https://weibo.com/u/7716128910
5302445874877349,潮湿性恋爱病大学是人生的暑假吗那我应该是中暑了,2026-05-27 07:21:29,上海,6327586030,旧湖葬,https://weibo.com/u/6327586030
5302445874877349,转发微博,2026-05-27 04:47:09,江苏,7479803034,亲嘴烧余,https://weibo.com/u/7479803034
5302445874877349,转发微博,2026-05-27 04:06:14,比利时,7998460554,alnmomo,https://weibo.com/u/7998460554
5302445874877349,转发微博,2026-05-27 02:55:10,广东,7557734508,用户2066465986,https://weibo.com/u/7557734508
5302445874877349,轉發微博,2026-05-27 02:42:24,广东,7752822431,靜候安息日,https://weibo.com/u/7752822431
5302445874877349,转发微博,2026-05-27 02:25:46,福建,7416913601,WhiteWhisky,https://weibo.com/u/7416913601
5302445874877349,潮湿性恋爱病大学是人生的暑假吗那我应该是中暑了,2026-05-27 02:06:06,海南,6095052247,蛇蛇教教主_,https://weibo.com/u/6095052247
5302445874877349,转发微博,2026-05-27 01:58:35,安徽,6601278796,不吃辣咋了,https://weibo.com/u/6601278796
5302445874877349,转发微博,2026-05-27 01:47:17,陕西,5339452463,泪湿花如雾,https://weibo.com/u/5339452463
5302445874877349,对黄金地狱火蝾螈糖浆大学是我的哈利波特在姨妈家时期甄嬛甘露寺时期花千骨被贬蛮荒时期罗子君刚和陈俊生离婚时期魏璎珞进辛者库刷马桶时期林品如没离婚在洪家受气时期沈眉庄被误会禁足时期白浅变成素素时期孙悟空五指山时期骆驼祥子没北京户口时期朱元璋要饭时期范进没中,2026-05-27 01:37:41,山东,7187103146,烟骸香寂,https://weibo.com/u/7187103146
5302445874877349,潮湿性恋爱病大学是人生的暑假吗那我应该是中暑了,2026-05-27 01:27:54,浙江,7265378029,tsMONOLOG_届,https://weibo.com/u/7265378029
5302445874877349,转发微博,2026-05-27 01:22:08,河南,6771545115,7环都是什么环,https://weibo.com/u/6771545115
5302445874877349,哦哦哦哦怪不得潮湿性恋爱病大学是人生的暑假吗那我应该是中暑了,2026-05-27 01:22:01,广西,5238846489,nahouril,https://weibo.com/u/5238846489
5302445874877349,黄金地狱火蝾螈糖浆大学是我的哈利波特在姨妈家时期甄嬛甘露寺时期花千骨被贬蛮荒时期罗子君刚和陈俊生离婚时期魏璎珞进辛者库刷马桶时期林品如没离婚在洪家受气时期沈眉庄被误会禁足时期白浅变成素素时期孙悟空五指山时期骆驼祥子没北京户口时期朱元璋要饭时期范进没中举,2026-05-27 01:12:25,内蒙古,6572019017,我乃抗打防克且会还手的幸运枣也,https://weibo.com/u/6572019017
5302445874877349,转发微博,2026-05-27 01:10:45,海南,7766311387,-insearchofsomeoneels-,https://weibo.com/u/7766311387
5302445874877349,黄金地狱火蝾螈糖浆大学是我的哈利波特在姨妈家时期甄嬛甘露寺时期花千骨被贬蛮荒时期罗子君刚和陈俊生离婚时期魏璎珞进辛者库刷马桶时期林品如没离婚在洪家受气时期沈眉庄被误会禁足时期白浅变成素素时期孙悟空五指山时期骆驼祥子没北京户口时期朱元璋要饭时期范进没中举,2026-05-27 01:09:23,河南,7561501309,好运时间来临,https://weibo.com/u/7561501309
5302445874877349,蛋糕吃完就睡转发微博,2026-05-27 01:06:03,重庆,7376866354,恆压滴液漏斗,https://weibo.com/u/7376866354
5302445874877349,转发微博,2026-05-27 00:59:13,黑龙江,7991479561,瑰丽雪莲1,https://weibo.com/u/7991479561
5302445874877349,分不清左右x转发微博,2026-05-27 00:54:00,北京,7115320585,碗装速食冻干咸粥,https://weibo.com/u/7115320585
5302445874877349,转发微博,2026-05-27 00:51:04,广东,5688534623,Brcfox,https://weibo.com/u/5688534623
5302445874877349,对,2026-05-27 00:47:02,甘肃,7449196472,多爱自己181秒,https://weibo.com/u/7449196472
5302445874877349,轉發,2026-05-27 00:46:39,上海,5727678384,桾迁子,https://weibo.com/u/5727678384
5302445874877349,转发微博,2026-05-27 00:45:44,湖南,7313803912,彼此交换喜悲,https://weibo.com/u/7313803912
5302445874877349,转发微博,2026-05-27 00:45:36,河南,7913026237,善待每一只小猪,https://weibo.com/u/7913026237
5302445874877349,转发微博,2026-05-27 00:30:00,河南,7400702369,巧克力咖啡拿铁小蛋糕,https://weibo.com/u/7400702369
5302445874877349,黄金地狱火蝾螈糖浆大学是我的哈利波特在姨妈家时期甄嬛甘露寺时期花千骨被贬蛮荒时期罗子君刚和陈俊生离婚时期魏璎珞进辛者库刷马桶时期林品如没离婚在洪家受气时期沈眉庄被误会禁足时期白浅变成素素时期孙悟空五指山时期骆驼祥子没北京户口时期朱元璋要饭时期范进没中举,2026-05-27 00:23:19,北京,7657407487,-lluMyn-,https://weibo.com/u/7657407487
5302445874877349,我,2026-05-27 00:19:34,广西,7965557675,柚柚柚柚子真好吃aa,https://weibo.com/u/7965557675
5302445874877349,转发微博,2026-05-27 00:12:03,河南,7328297277,i_Laki,https://weibo.com/u/7328297277
5302445874877349,转发微博,2026-05-27 00:10:14,安徽,6986101365,果个玐子豆,https://weibo.com/u/6986101365
5302445874877349,转发微博,2026-05-27 00:05:31,湖北,7418059087,婾嬌,https://weibo.com/u/7418059087
5302445874877349,转发微博,2026-05-26 23:55:01,四川,7875019192,我就helloKitty你怎么了,https://weibo.com/u/7875019192
5302445874877349,转发微博,2026-05-26 23:54:45,江西,7214196669,二十首情诗和一个夏天,https://weibo.com/u/7214196669
5302445874877349,转发微博,2026-05-26 23:52:26,重庆,6571641721,Nefelibata_777,https://weibo.com/u/6571641721
5302445874877349,潮湿性恋爱病大学是人生的暑假吗那我应该是中暑了,2026-05-26 23:40:46,河北,7314735494,萌石榴_,https://weibo.com/u/7314735494
5302445874877349,转发微博,2026-05-26 23:37:51,江苏,9173816348,我发誓以后乖乖的,https://weibo.com/u/9173816348
5302445874877349,对希希TV对黄金地狱火蝾螈糖浆大学是我的哈利波特在姨妈家时期甄嬛甘露寺时期花千骨被贬蛮荒时期罗子君刚和陈俊生离婚时期魏璎珞进辛者库刷马桶时期林品如没离婚在洪家受气时期沈眉庄被误会禁足时期白浅变成素素时期孙悟空五指山时期骆驼祥子没北京户口时期朱元璋要饭时,2026-05-26 23:32:35,四川,7847460109,永远不会给你上,https://weibo.com/u/7847460109
5302445874877349,转发微博,2026-05-26 23:32:20,陕西,6130607376,_jioslionheart,https://weibo.com/u/6130607376
5302445874877349,转发微博,2026-05-26 23:26:13,吉林,7756964731,无甚佳名遂取之,https://weibo.com/u/7756964731
5302445874877349,Repost,2026-05-26 23:20:56,四川,6486765458,旅行河,https://weibo.com/u/6486765458
5302445874877349,转发微博,2026-05-26 23:18:19,内蒙古,7941423493,lstxzdy,https://weibo.com/u/7941423493
5302445874877349,转发微博,2026-05-26 23:16:28,上海,6298932957,萝大日光下彻影布石上,https://weibo.com/u/6298932957
5302445874877349,转发微博,2026-05-26 23:12:11,河北,7399809001,一帆云舟,https://weibo.com/u/7399809001
5302445874877349,转发微博,2026-05-26 23:02:25,海南,7628515982,水迹水迹,https://weibo.com/u/7628515982
5302445874877349,[二哈]潮湿性恋爱病大学是人生的暑假吗那我应该是中暑了,2026-05-26 22:59:55,浙江,7470884783,dvd的猪脑花,https://weibo.com/u/7470884783
5302445874877349,转发微博,2026-05-26 22:56:56,浙江,6148108603,落笙大宝贝,https://weibo.com/u/6148108603
5302445874877349,转发微博,2026-05-26 22:55:21,日本,5877100890,linkkk111,https://weibo.com/u/5877100890
5302445874877349,转发微博,2026-05-26 22:54:27,湖北,7884140911,妳的淚滴是我燃燒過的第二顆心臟,https://weibo.com/u/7884140911
5302445874877349,转发微博,2026-05-26 22:51:47,上海,7932340619,seeoneless,https://weibo.com/u/7932340619
5302445874877349,转发微博,2026-05-26 22:50:33,陕西,6990729405,橘子月亮yyy,https://weibo.com/u/6990729405
5302445874877349,转发微博,2026-05-26 22:40:43,江苏,7220887924,小水恋,https://weibo.com/u/7220887924
5302445874877349,还是我,2026-05-26 22:35:47,湖北,7306090151,尖刀插进你的心脏_,https://weibo.com/u/7306090151
5302445874877349,转发微博,2026-05-26 22:29:55,浙江,7402309444,在逃指针流浪中,https://weibo.com/u/7402309444
5302445874877349,转发微博,2026-05-26 22:28:41,河南,7828147029,追星萝卜特,https://weibo.com/u/7828147029
5302445874877349,我靠吧我人生经历就是从以下的一个时期换到另一个时期而已黄金地狱火蝾螈糖浆大学是我的哈利波特在姨妈家时期甄嬛甘露寺时期花千骨被贬蛮荒时期罗子君刚和陈俊生离婚时期魏璎珞进辛者库刷马桶时期林品如没离婚在洪家受气时期沈眉庄被误会禁足时期白浅变成素素时期孙悟空五指山时,2026-05-26 22:25:19,天津,5581224389,崩溃像呼吸一样煎蛋,https://weibo.com/u/5581224389
5302445874877349,如果大学是人生的暑假那我已经中暑了,2026-05-26 22:15:28,广东,7946289994,Kazkkyoung_7,https://weibo.com/u/7946289994
5302445874877349,转发微博,2026-05-26 22:14:41,山西,7657391080,一个大大大大大薯条,https://weibo.com/u/7657391080
5302445874877349,转发微博,2026-05-26 22:11:23,湖北,4077723676,我牛坤大了,https://weibo.com/u/4077723676
5302445874877349,轉發微博,2026-05-26 21:58:41,湖北,9038267531,暴雨夜和死去的猫的尸体,https://weibo.com/u/9038267531
5302445874877349,转发微博,2026-05-26 21:50:42,湖南,7241763338,salava_,https://weibo.com/u/7241763338
5302445874877349,转发微博,2026-05-26 21:41:25,美国,6447079780,黑土土土土土土_,https://weibo.com/u/6447079780
5302445874877349,Repost,2026-05-26 21:34:31,福建,7848104679,迷迭白,https://weibo.com/u/7848104679
5302445874877349,转发微博,2026-05-26 21:34:30,山东,7995739136,小草用户123,https://weibo.com/u/7995739136
5302445874877349,轉發微博,2026-05-26 21:34:11,福建,8006142009,wecan_alwaysbewe,https://weibo.com/u/8006142009
5302445874877349,Repost,2026-05-26 21:16:31,澳大利亚,6606361006,莱茵河饮月,https://weibo.com/u/6606361006
5302445874877349,转发微博,2026-05-26 21:07:54,辽宁,6577104480,大树结土豆,https://weibo.com/u/6577104480
5302445874877349,转发微博,2026-05-26 21:04:40,河南,6815240883,她怀抱如清晨阳光般,https://weibo.com/u/6815240883
5302445874877349,哦哦哦,2026-05-26 21:01:00,云南,6460782774,Rabbit耳,https://weibo.com/u/6460782774
5302445874877349,转发微博,2026-05-26 20:55:40,山东,7994474051,_咕咕咕咕咕咕鸡,https://weibo.com/u/7994474051
5302445874877349,黄金地狱火蝾螈糖浆大学是我的哈利波特在姨妈家时期甄嬛甘露寺时期花千骨被贬蛮荒时期罗子君刚和陈俊生离婚时期魏璎珞进辛者库刷马桶时期林品如没离婚在洪家受气时期沈眉庄被误会禁足时期白浅变成素素时期孙悟空五指山时期骆驼祥子没北京户口时期朱元璋要饭时期范进没中举,2026-05-26 20:54:18,广西,6606618654,累狒盐种56根清辣甜瓜,https://weibo.com/u/6606618654
5302445874877349,目前走过的人生路有几个不在这个时期[捂嘴哭][捂嘴哭]黄金地狱火蝾螈糖浆大学是我的哈利波特在姨妈家时期甄嬛甘露寺时期花千骨被贬蛮荒时期罗子君刚和陈俊生离婚时期魏璎珞进辛者库刷马桶时期林品如没离婚在洪家受气时期沈眉庄被误会禁足时期白浅变成素素时期孙悟空五指山时期,2026-05-26 20:52:01,河南,7927784467,啵啵瑰gogolie,https://weibo.com/u/7927784467
5302445874877349,转发微博,2026-05-26 20:47:52,湖北,7115657121,她总说她有雨天那般灰萌萌,https://weibo.com/u/7115657121
5302445874877349,黄金地狱火蝾螈糖浆大学是我的哈利波特在姨妈家时期甄嬛甘露寺时期花千骨被贬蛮荒时期罗子君刚和陈俊生离婚时期魏璎珞进辛者库刷马桶时期林品如没离婚在洪家受气时期沈眉庄被误会禁足时期白浅变成素素时期孙悟空五指山时期骆驼祥子没北京户口时期朱元璋要饭时期范进没中举,2026-05-26 20:46:03,黑龙江,7774884874,鸡蛋羹好好吃,https://weibo.com/u/7774884874
5302445874877349,黄金地狱火蝾螈糖浆大学是我的哈利波特在姨妈家时期甄嬛甘露寺时期花千骨被贬蛮荒时期罗子君刚和陈俊生离婚时期魏璎珞进辛者库刷马桶时期林品如没离婚在洪家受气时期沈眉庄被误会禁足时期白浅变成素素时期孙悟空五指山时期骆驼祥子没北京户口时期朱元璋要饭时期范进没中举,2026-05-26 20:43:56,河南,6183117205,柬埔寨大榴莲,https://weibo.com/u/6183117205
5302445874877349,轉發微博,2026-05-26 20:42:03,山西,7404939214,发现男友皮琰爆炸的那个雨夜,https://weibo.com/u/7404939214
5302445874877349,黄金地狱火蝾螈糖浆大学是我的哈利波特在姨妈家时期甄嬛甘露寺时期花千骨被贬蛮荒时期罗子君刚和陈俊生离婚时期魏璎珞进辛者库刷马桶时期林品如没离婚在洪家受气时期沈眉庄被误会禁足时期白浅变成素素时期孙悟空五指山时期骆驼祥子没北京户口时期朱元璋要饭时期范进没中举,2026-05-26 20:41:43,江苏,7417826262,iamliushuhannn,https://weibo.com/u/7417826262
5302445874877349,转发微博,2026-05-26 20:40:15,上海,6984861135,断头饭被鸭王叼走的那个雨夜,https://weibo.com/u/6984861135
5302445874877349,[捂嘴哭],2026-05-26 20:38:36,甘肃,7864839371,電子蝴蝶喵,https://weibo.com/u/7864839371
5302445874877349,转发微博,2026-05-26 20:35:36,河北,7420315012,刘扬扬得意23士多啤梨,https://weibo.com/u/7420315012
5302445874877349,转发微博,2026-05-26 20:32:48,北京,7784387140,为了小三和老公争吵的那个雨夜,https://weibo.com/u/7784387140
5302445874877349,嗯嗯,2026-05-26 20:27:25,上海,7350942365,寒雨微暮,https://weibo.com/u/7350942365
5302445874877349,转发微博,2026-05-26 20:26:48,辽宁,5880220387,_PATA_TO_,https://weibo.com/u/5880220387
5302445874877349,潮湿性恋爱病大学是人生的暑假吗那我应该是中暑了,2026-05-26 20:25:33,湖北,7937037666,Robinsgo,https://weibo.com/u/7937037666
5302445874877349,潮湿性恋爱病大学是人生的暑假吗那我应该是中暑了,2026-05-26 20:23:48,江苏,7563160630,withouttantan,https://weibo.com/u/7563160630
5302445874877349,转发微博,2026-05-26 20:22:49,江苏,7430168865,凑凑橘子薯条,https://weibo.com/u/7430168865
5302445874877349,喝一口桂圆啵啵潮湿性恋爱病大学是人生的暑假吗那我应该是中暑了,2026-05-26 20:07:36,上海,4087163317,狗兔绵绵冰,https://weibo.com/u/4087163317
5302445874877349,转发微博,2026-05-26 20:04:16,四川,6605682485,yumiviko,https://weibo.com/u/6605682485
5302445874877349,转发微博,2026-05-26 19:54:20,甘肃,6238559632,黎明时酌酒,https://weibo.com/u/6238559632
5302445874877349,黄金地狱火蝾螈糖浆大学是我的哈利波特在姨妈家时期甄嬛甘露寺时期花千骨被贬蛮荒时期罗子君刚和陈俊生离婚时期魏璎珞进辛者库刷马桶时期林品如没离婚在洪家受气时期沈眉庄被误会禁足时期白浅变成素素时期孙悟空五指山时期骆驼祥子没北京户口时期朱元璋要饭时期范进没中举,2026-05-26 19:50:59,贵州,8444623325,原来是我最想留住的幸运,https://weibo.com/u/8444623325
5302445874877349,我中暑了潮湿性恋爱病大学是人生的暑假吗那我应该是中暑了,2026-05-26 19:47:08,陕西,7984859651,芋泥yuniz,https://weibo.com/u/7984859651
5302445874877349,很S的一个绝望之地要离开了你还得写文感谢它的一切,2026-05-26 19:46:33,北京,6357257456,yu我所欲也_,https://weibo.com/u/6357257456
5302445874877349,我黄金地狱火蝾螈糖浆大学是我的哈利波特在姨妈家时期甄嬛甘露寺时期花千骨被贬蛮荒时期罗子君刚和陈俊生离婚时期魏璎珞进辛者库刷马桶时期林品如没离婚在洪家受气时期沈眉庄被误会禁足时期白浅变成素素时期孙悟空五指山时期骆驼祥子没北京户口时期朱元璋要饭时期范进没,2026-05-26 19:45:59,天津,7919325713,谁来救救我名字,https://weibo.com/u/7919325713
5302445874877349,呵呵,2026-05-26 19:41:54,湖北,5537509711,有理数08,https://weibo.com/u/5537509711
5302445874877349,黄金地狱火蝾螈糖浆大学是我的哈利波特在姨妈家时期甄嬛甘露寺时期花千骨被贬蛮荒时期罗子君刚和陈俊生离婚时期魏璎珞进辛者库刷马桶时期林品如没离婚在洪家受气时期沈眉庄被误会禁足时期白浅变成素素时期孙悟空五指山时期骆驼祥子没北京户口时期朱元璋要饭时期范进没中举,2026-05-26 19:41:15,辽宁,7807236812,妳的眼泪是潮湿的雨,https://weibo.com/u/7807236812
5302445874877349,黄金地狱火蝾螈糖浆大学是我的哈利波特在姨妈家时期甄嬛甘露寺时期花千骨被贬蛮荒时期罗子君刚和陈俊生离婚时期魏璎珞进辛者库刷马桶时期林品如没离婚在洪家受气时期沈眉庄被误会禁足时期白浅变成素素时期孙悟空五指山时期骆驼祥子没北京户口时期朱元璋要饭时期范进没中举,2026-05-26 19:41:12,广东,7324973251,wheeinyesno2,https://weibo.com/u/7324973251
5302445874877349,黄金地狱火蝾螈糖浆大学是我的哈利波特在姨妈家时期甄嬛甘露寺时期花千骨被贬蛮荒时期罗子君刚和陈俊生离婚时期魏璎珞进辛者库刷马桶时期林品如没离婚在洪家受气时期沈眉庄被误会禁足时期白浅变成素素时期孙悟空五指山时期骆驼祥子没北京户口时期朱元璋要饭时期范进没中举,2026-05-26 19:38:05,广东,7219344523,茶杯有个新世界,https://weibo.com/u/7219344523
5302445874877349,转发微博,2026-05-26 19:36:47,吉林,7524142697,吒薰味吐司,https://weibo.com/u/7524142697
5302445874877349,转发微博,2026-05-26 19:34:35,海南,7941163040,升官发财嫁卵宫,https://weibo.com/u/7941163040
5302445874877349,转发微博,2026-05-26 19:34:01,河南,6627433739,化为褪去色彩的淡灰,https://weibo.com/u/6627433739
5302445874877349,转发微博,2026-05-26 19:29:42,浙江,7848143729,栀子泡水喝,https://weibo.com/u/7848143729
5302445874877349,转发微博,2026-05-26 19:28:12,上海,7395027084,彼得格勒先贤祠下将辞鹤而遁,https://weibo.com/u/7395027084
5302445874877349,潮湿性恋爱病大学是人生的暑假吗那我应该是中暑了,2026-05-26 19:24:06,福建,7406815215,可以睡觉了吧_,https://weibo.com/u/7406815215
5302445874877349,黄金地狱火蝾螈糖浆大学是我的哈利波特在姨妈家时期甄嬛甘露寺时期花千骨被贬蛮荒时期罗子君刚和陈俊生离婚时期魏璎珞进辛者库刷马桶时期林品如没离婚在洪家受气时期沈眉庄被误会禁足时期白浅变成素素时期孙悟空五指山时期骆驼祥子没北京户口时期朱元璋要饭时期范进没中举,2026-05-26 19:22:42,新疆,7801162559,-Caseyy-,https://weibo.com/u/7801162559
5302445874877349,黄金地狱火蝾螈糖浆大学是我的哈利波特在姨妈家时期甄嬛甘露寺时期花千骨被贬蛮荒时期罗子君刚和陈俊生离婚时期魏璎珞进辛者库刷马桶时期林品如没离婚在洪家受气时期沈眉庄被误会禁足时期白浅变成素素时期孙悟空五指山时期骆驼祥子没北京户口时期朱元璋要饭时期范进没中举,2026-05-26 19:21:27,广东,7076407814,灿灿在干嘛_,https://weibo.com/u/7076407814
5302445874877349,转发微博,2026-05-26 19:21:14,浙江,7963654255,东雪吻枝亚,https://weibo.com/u/7963654255
5302445874877349,哦哦潮湿性恋爱病大学是人生的暑假吗那我应该是中暑了,2026-05-26 19:17:20,北京,7439342218,葵葵碎比比,https://weibo.com/u/7439342218
5302445874877349,转发微博,2026-05-26 19:17:16,浙江,5821899167,的贝克同志格外爽朗,https://weibo.com/u/5821899167
5302445874877349,转发微博,2026-05-26 19:13:30,山东,6124015500,楼下大妈真好看,https://weibo.com/u/6124015500
5302445874877349,轉發微博,2026-05-26 19:12:50,内蒙古,7711728269,bobbousboh,https://weibo.com/u/7711728269
5302445874877349,[笑cry][笑cry][笑cry],2026-05-26 19:07:03,重庆,7218831399,你的偏见没用,https://weibo.com/u/7218831399
5302445874877349,转发微博,2026-05-26 19:02:02,山东,7926608176,电子木鱼敲碎心碎气泡,https://weibo.com/u/7926608176
5302445874877349,转发微博,2026-05-26 18:59:50,湖北,6351643177,鍵思陳,https://weibo.com/u/6351643177
5302445874877349,中暑了,2026-05-26 18:54:49,江苏,6702240270,蕾蕾0208X,https://weibo.com/u/6702240270
5302445874877349,抓起一块太阳热的石头分不清左右x转发微博,2026-05-26 18:53:58,青海,7258340105,Catherine_Quella,https://weibo.com/u/7258340105
5302445874877349,嗯嗯,2026-05-26 18:53:15,湖北,3930194267,你说啥时候能睡个好觉呢,https://weibo.com/u/3930194267
5302445874877349,哦哦潮湿性恋爱病大学是人生的暑假吗那我应该是中暑了,2026-05-26 18:51:00,福建,7512862899,木木噜噜久久,https://weibo.com/u/7512862899
5302445874877349,用妄想来解毒没有问题转发微博,2026-05-26 18:50:45,河南,8002351078,索恩湖,https://weibo.com/u/8002351078
5302445874877349,转发微博,2026-05-26 18:49:29,吉林,7322619661,女人都是aimi的,https://weibo.com/u/7322619661
5302445874877349,笑得,2026-05-26 18:48:46,广东,7923413250,过度泡腾,https://weibo.com/u/7923413250
5302445874877349,转发微博,2026-05-26 18:47:59,四川,7461686329,用妄想来解毒没有问题,https://weibo.com/u/7461686329
5302445874877349,分不清左右x转发微博,2026-05-26 18:46:46,广西,6888164257,抓起一块太阳热的石头,https://weibo.com/u/6888164257
5302445874877349,转发微博,2026-05-26 18:45:34,辽宁,6357839979,减肥也得吃饭,https://weibo.com/u/6357839979
5302445874877349,Repost,2026-05-26 18:44:07,日本,7992244093,圣人讲话的感觉是很神秘的,https://weibo.com/u/7992244093
5302445874877349,轉發微博,2026-05-26 18:36:45,浙江,7986388523,共谱永不清醒的梦,https://weibo.com/u/7986388523
5302445874877349,转发微博,2026-05-26 18:35:44,湖北,6921398443,爱是二婶给二叔炖了锅大蝙蝠,https://weibo.com/u/6921398443
5302445874877349,转发微博,2026-05-26 18:35:19,辽宁,7870801041,freedomis_,https://weibo.com/u/7870801041
5302445874877349,帥到被人闞转发微博,2026-05-26 18:34:17,宁夏,8490649325,圣女祈,https://weibo.com/u/8490649325
5302445874877349,酸甜味橙c美式转发微博,2026-05-26 18:33:26,四川,7920870940,画鲨鱼和狮子,https://weibo.com/u/7920870940
5302445874877349,转发微博,2026-05-26 18:33:15,浙江,6971664114,失效记忆x_Yii,https://weibo.com/u/6971664114
5302445874877349,凌晨叁点咖啡店转发微博,2026-05-26 18:32:43,天津,7117380745,别老惦记__,https://weibo.com/u/7117380745
5302445874877349,转发微博,2026-05-26 18:32:30,北京,7510056689,野鸭大王aaa,https://weibo.com/u/7510056689
5302445874877349,转发微博,2026-05-26 18:30:11,安徽,7616920989,关于你我似乎什么都不知道-,https://weibo.com/u/7616920989
5302445874877349,转发微博,2026-05-26 18:22:57,江苏,6471761672,如果要相遇的话一定在深夜十二点,https://weibo.com/u/6471761672
5302445874877349,转发微博,2026-05-26 18:17:57,北京,8002905196,-分不清左右x-,https://weibo.com/u/8002905196
5302445874877349,转发微博,2026-05-26 18:15:54,湖南,7265407983,靠近祢的雨天,https://weibo.com/u/7265407983
5302445874877349,还是一命速通,2026-05-26 18:13:44,江西,7528705862,猫猫虎牙钉,https://weibo.com/u/7528705862
5302445874877349,转发微博,2026-05-26 18:12:17,四川,7186716887,三岛夜游船,https://weibo.com/u/7186716887
5302445874877349,蜜露桃汽水TT黎明杀机,2026-05-26 18:10:40,湖南,7835058044,一滴梨,https://weibo.com/u/7835058044
5302445874877349,没那么轻松,2026-05-26 18:08:32,湖南,7597277154,响当当的珊瑚绒棉袜,https://weibo.com/u/7597277154
5302445874877349,转发微博,2026-05-26 18:02:41,广东,7403313171,凌晨叁点咖啡店,https://weibo.com/u/7403313171
5302445874877349,转发微博,2026-05-26 17:59:59,山东,7742806498,我要一串铁板忧郁,https://weibo.com/u/7742806498
5302445874877349,转发微博,2026-05-26 17:58:50,四川,7775453015,唯爱养胃攻,https://weibo.com/u/7775453015
5302445874877349,转发微博,2026-05-26 17:56:05,北京,7891239688,心甜ovo,https://weibo.com/u/7891239688
5302445874877349,转发微博,2026-05-26 17:55:28,广东,7849134498,盖世魔王007,https://weibo.com/u/7849134498
5302445874877349,转发微博,2026-05-26 17:54:32,福建,6068508535,冄凵卝丆,https://weibo.com/u/6068508535
5302445874877349,转发微博,2026-05-26 17:54:10,山东,7964819187,万象伶仃,https://weibo.com/u/7964819187
5302445874877349,,2026-05-26 17:48:43,四川,7638546649,小金毛说丢掉烦恼,https://weibo.com/u/7638546649
5302445874877349,转发微博,2026-05-26 17:47:03,天津,6942192785,洋葱凤尾鱼,https://weibo.com/u/6942192785
5302445874877349,黄金地狱火蝾螈糖浆大学是我的哈利波特在姨妈家时期甄嬛甘露寺时期花千骨被贬蛮荒时期罗子君刚和陈俊生离婚时期魏璎珞进辛者库刷马桶时期林品如没离婚在洪家受气时期沈眉庄被误会禁足时期白浅变成素素时期孙悟空五指山时期骆驼祥子没北京户口时期朱元璋要饭时期范进没中举,2026-05-26 17:46:57,江西,5599711380,山絮季,https://weibo.com/u/5599711380
5302445874877349,转发微博,2026-05-26 17:44:32,山东,7856105608,葵花土豆煜斗糕,https://weibo.com/u/7856105608
5302445874877349,转发微博,2026-05-26 17:44:25,山东,7492874561,mdilogek,https://weibo.com/u/7492874561
5302445874877349,监控拆掉黄金地狱火蝾螈糖浆大学是我的哈利波特在姨妈家时期甄嬛甘露寺时期花千骨被贬蛮荒时期罗子君刚和陈俊生离婚时期魏璎珞进辛者库刷马桶时期林品如没离婚在洪家受气时期沈眉庄被误会禁足时期白浅变成素素时期孙悟空五指山时期骆驼祥子没北京户口时期朱元璋要饭时期,2026-05-26 17:43:34,广东,6347598152,秋後鼠尾草來信,https://weibo.com/u/6347598152
5302445874877349,转发微博,2026-05-26 17:41:30,湖北,7800072915,越冷的时候越清醒,https://weibo.com/u/7800072915
5302445874877349,黄金地狱火蝾螈糖浆大学是我的哈利波特在姨妈家时期甄嬛甘露寺时期花千骨被贬蛮荒时期罗子君刚和陈俊生离婚时期魏璎珞进辛者库刷马桶时期林品如没离婚在洪家受气时期沈眉庄被误会禁足时期白浅变成素素时期孙悟空五指山时期骆驼祥子没北京户口时期朱元璋要饭时期范进没中举,2026-05-26 17:41:04,北京,5839691114,ineed_CC,https://weibo.com/u/5839691114
5302445874877349,哦哦潮湿性恋爱病大学是人生的暑假吗那我应该是中暑了,2026-05-26 17:39:27,陕西,7894447655,FindtheAnswer,https://weibo.com/u/7894447655
5302445874877349,转发微博,2026-05-26 17:39:08,安徽,7862478327,ENHYPFN,https://weibo.com/u/7862478327
5302445874877349,转发微博,2026-05-26 17:38:54,江西,7604585233,送我一个吻文_,https://weibo.com/u/7604585233
5302445874877349,转发微博,2026-05-26 17:36:42,河南,5722222869,薄春余烬,https://weibo.com/u/5722222869
5302445874877349,潮湿性恋爱病大学是人生的暑假吗那我应该是中暑了,2026-05-26 17:36:11,河北,6522324875,酥酥饼干脆-,https://weibo.com/u/6522324875
5302445874877349,黄金地狱火蝾螈糖浆大学是我的哈利波特在姨妈家时期甄嬛甘露寺时期花千骨被贬蛮荒时期罗子君刚和陈俊生离婚时期魏璎珞进辛者库刷马桶时期林品如没离婚在洪家受气时期沈眉庄被误会禁足时期白浅变成素素时期孙悟空五指山时期骆驼祥子没北京户口时期朱元璋要饭时期范进没中举,2026-05-26 17:36:10,湖南,4085051454,智慧树下谁站都蠢,https://weibo.com/u/4085051454
5302445874877349,我好像中暑了家人们,2026-05-26 17:35:06,山西,7238006687,随风潜入夜月,https://weibo.com/u/7238006687
5302445874877349,潮湿性恋爱病大学是人生的暑假吗那我应该是中暑了,2026-05-26 17:34:36,江西,6272235059,滞销情诗,https://weibo.com/u/6272235059
5302445874877349,我好像中暑了,2026-05-26 17:32:39,福建,5575110577,A大便女王,https://weibo.com/u/5575110577
5302445874877349,转发微博,2026-05-26 17:31:16,安徽,6991641492,鱼鱼鱼鱼孑,https://weibo.com/u/6991641492
5302445874877349,转发微博,2026-05-26 17:29:25,福建,7386457877,乱雪飞荷,https://weibo.com/u/7386457877
5302445874877349,转发微博,2026-05-26 17:29:16,贵州,7861523750,foxx-say,https://weibo.com/u/7861523750
5302445874877349,转发微博,2026-05-26 17:27:49,河北,7999061570,西_格瑪,https://weibo.com/u/7999061570
5302445874877349,没这么轻松,2026-05-26 17:26:58,安徽,5693884859,泡泡年糕吃兔子,https://weibo.com/u/5693884859
5302445874877349,对黄金地狱火蝾螈糖浆大学是我的哈利波特在姨妈家时期甄嬛甘露寺时期花千骨被贬蛮荒时期罗子君刚和陈俊生离婚时期魏璎珞进辛者库刷马桶时期林品如没离婚在洪家受气时期沈眉庄被误会禁足时期白浅变成素素时期孙悟空五指山时期骆驼祥子没北京户口时期朱元璋要饭时期范进没中,2026-05-26 17:23:54,四川,7607683705,希希TV-,https://weibo.com/u/7607683705
5302445874877349,蜜露桃汽水TT黎明杀机,2026-05-26 17:23:29,广东,7492671543,张不厌倦,https://weibo.com/u/7492671543
5302445874877349,黎明杀机,2026-05-26 17:23:08,河南,6807382232,蜜露桃汽水T-T,https://weibo.com/u/6807382232
5302445874877349,没这么轻松,2026-05-26 17:22:28,辽宁,7846513626,帕颂昏jisung,https://weibo.com/u/7846513626
5302445874877349,转发微博,2026-05-26 17:21:19,四川,7789821190,酸甜味橙c美式,https://weibo.com/u/7789821190
5302445874877349,转发微博,2026-05-26 17:20:33,河南,7265385719,M_August,https://weibo.com/u/7265385719
5302445874877349,校内公交,2026-05-26 17:18:27,山东,8004764484,用户8004764484,https://weibo.com/u/8004764484
5302445874877349,转发微博,2026-05-26 17:18:25,云南,5152338633,柿时月,https://weibo.com/u/5152338633
5302445874877349,转发微博,2026-05-26 17:16:31,山西,1729802882,oo夫斯基,https://weibo.com/u/1729802882
5302445874877349,转发微博,2026-05-26 17:13:11,山东,7838708956,你的眉目笑语使我病了一场_,https://weibo.com/u/7838708956
5302445874877349,潮湿性恋爱病大学是人生的暑假吗那我应该是中暑了,2026-05-26 17:09:12,辽宁,7371003082,满地小草我叶最狂,https://weibo.com/u/7371003082
5302445874877349,潮湿性恋爱病大学是人生的暑假吗那我应该是中暑了,2026-05-26 17:08:03,湖北,7401218156,蓝莓酱下大雪,https://weibo.com/u/7401218156
5302445874877349,转发微博,2026-05-26 17:07:33,江西,8005136094,記憶偏執-,https://weibo.com/u/8005136094
5302445874877349,潮湿性恋爱病大学是人生的暑假吗那我应该是中暑了,2026-05-26 17:04:58,湖北,6604496124,喝一口桂圆啵啵,https://weibo.com/u/6604496124
5302445874877349,我就这样黄金地狱火蝾螈糖浆大学是我的哈利波特在姨妈家时期甄嬛甘露寺时期花千骨被贬蛮荒时期罗子君刚和陈俊生离婚时期魏璎珞进辛者库刷马桶时期林品如没离婚在洪家受气时期沈眉庄被误会禁足时期白浅变成素素时期孙悟空五指山时期骆驼祥子没北京户口时期朱元璋要饭时期范,2026-05-26 17:04:54,江苏,6521842643,鹿尾野姬的麻麻,https://weibo.com/u/6521842643
5302445874877349,潮湿性恋爱病大学是人生的暑假吗那我应该是中暑了,2026-05-26 17:03:33,重庆,7533145127,怎么办还是好困zzz,https://weibo.com/u/7533145127
5302445874877349,转发微博,2026-05-26 17:02:52,湖北,3850240853,CaiisPuppyie_,https://weibo.com/u/3850240853
5302445874877349,潮湿性恋爱病大学是人生的暑假吗那我应该是中暑了,2026-05-26 17:02:48,上海,7699997828,我的妹妹不可能是中世纪女巫,https://weibo.com/u/7699997828
5302445874877349,潮湿性恋爱病大学是人生的暑假吗那我应该是中暑了,2026-05-26 17:02:35,广东,6476051979,妮莓薯吧,https://weibo.com/u/6476051979
5302445874877349,Repost,2026-05-26 17:02:22,浙江,7186985359,思忖着不知如何表达,https://weibo.com/u/7186985359
5302445874877349,轉發微博,2026-05-26 16:59:59,广东,6527603178,行矣6,https://weibo.com/u/6527603178
5302445874877349,转发微博,2026-05-26 16:59:12,福建,7844104425,小桃今天不想学习,https://weibo.com/u/7844104425
5302445874877349,转发微博,2026-05-26 16:58:33,四川,7971752853,金钟云咪磕音轨,https://weibo.com/u/7971752853
5302445874877349,黄金地狱火蝾螈糖浆大学是我的哈利波特在姨妈家时期甄嬛甘露寺时期花千骨被贬蛮荒时期罗子君刚和陈俊生离婚时期魏璎珞进辛者库刷马桶时期林品如没离婚在洪家受气时期沈眉庄被误会禁足时期白浅变成素素时期孙悟空五指山时期骆驼祥子没北京户口时期朱元璋要饭时期范进没中举,2026-05-26 16:55:51,江西,7764396780,KiMoto__,https://weibo.com/u/7764396780
5302445874877349,秀是心脏[泪]黄金地狱火蝾螈糖浆大学是我的哈利波特在姨妈家时期甄嬛甘露寺时期花千骨被贬蛮荒时期罗子君刚和陈俊生离婚时期魏璎珞进辛者库刷马桶时期林品如没离婚在洪家受气时期沈眉庄被误会禁足时期白浅变成素素时期孙悟空五指山时期骆驼祥子没北京户口时期朱元璋要饭,2026-05-26 16:53:44,福建,5999639485,颓废癫贤,https://weibo.com/u/5999639485
5302445874877349,潮湿性恋爱病大学是人生的暑假吗那我应该是中暑了,2026-05-26 16:53:04,上海,6550626725,ciirce0,https://weibo.com/u/6550626725
5302445874877349,[泪]黄金地狱火蝾螈糖浆大学是我的哈利波特在姨妈家时期甄嬛甘露寺时期花千骨被贬蛮荒时期罗子君刚和陈俊生离婚时期魏璎珞进辛者库刷马桶时期林品如没离婚在洪家受气时期沈眉庄被误会禁足时期白浅变成素素时期孙悟空五指山时期骆驼祥子没北京户口时期朱元璋要饭时期范进没,2026-05-26 16:52:27,湖南,6584733088,秀是心脏,https://weibo.com/u/6584733088
5302445874877349,[太开心],2026-05-26 16:51:58,上海,5732722152,茶崽hani,https://weibo.com/u/5732722152
5302445874877349,转发微博,2026-05-26 16:49:59,北京,7239241225,茫雾里你途径一场雪,https://weibo.com/u/7239241225
5302445874877349,潮湿性恋爱病大学是人生的暑假吗那我应该是中暑了,2026-05-26 16:49:58,江苏,6495334351,降压金告宝,https://weibo.com/u/6495334351
5302445874877349,转发微博,2026-05-26 16:47:14,山东,9159077714,涵少大王ovo,https://weibo.com/u/9159077714
5302445874877349,[困],2026-05-26 16:46:27,浙江,9034234017,亿只恶犬,https://weibo.com/u/9034234017
5302445874877349,转发微博,2026-05-26 16:46:21,湖南,7214834723,丈夫为我去嘜苂,https://weibo.com/u/7214834723
5302445874877349,转发微博,2026-05-26 16:45:10,重庆,7314033793,22XOnlyuSu,https://weibo.com/u/7314033793
5302445874877349,潮湿性恋爱病大学是人生的暑假吗那我应该是中暑了,2026-05-26 16:44:52,河北,3760304540,我的名字是一个逗号,https://weibo.com/u/3760304540
5302445874877349,转发微博,2026-05-26 16:44:22,江西,7873222454,寻求沒有答案的問答,https://weibo.com/u/7873222454
5302445874877349,我要晕过去了大G给我坐坐潮湿性恋爱病大学是人生的暑假吗那我应该是中暑了,2026-05-26 16:43:48,江西,9176869248,kimyu_ovo,https://weibo.com/u/9176869248
5302445874877349,潮湿性恋爱病大学是人生的暑假吗那我应该是中暑了,2026-05-26 16:43:44,四川,5603732533,M·丞Simon,https://weibo.com/u/5603732533
5302445874877349,转发微博,2026-05-26 16:40:11,北京,6152305367,dawnkarroy_,https://weibo.com/u/6152305367
5302445874877349,潮湿性恋爱病大学是人生的暑假吗那我应该是中暑了,2026-05-26 16:37:08,福建,6577977113,肖笔的俊,https://weibo.com/u/6577977113
5302445874877349,轉發微博,2026-05-26 16:35:36,广东,7946931500,恋爱契约酱ovo,https://weibo.com/u/7946931500
5302445874877349,转发微博,2026-05-26 16:34:33,北京,5847561717,初栀然温,https://weibo.com/u/5847561717
5302445874877349,转发微博,2026-05-26 16:34:27,江苏,6079290261,不想多说_______,https://weibo.com/u/6079290261
5302445874877349,我真不行了啊,2026-05-26 16:31:50,江苏,7278025080,不知道你算哪只猪,https://weibo.com/u/7278025080
5302445874877349,转发微博,2026-05-26 16:31:44,河北,7892365826,去寻觅那颗红色的流星,https://weibo.com/u/7892365826
5302445874877349,本阿兹卡班囚徒来了,2026-05-26 16:30:26,江苏,9048271817,完美爱情不配送,https://weibo.com/u/9048271817
5302445874877349,转发微博,2026-05-26 16:30:06,辽宁,7847778254,酥皮卷卷鼠,https://weibo.com/u/7847778254
5302445874877349,我热射病了潮湿性恋爱病大学是人生的暑假吗那我应该是中暑了,2026-05-26 16:29:56,广东,5982043445,美悲蒂,https://weibo.com/u/5982043445
5302445874877349,我,2026-05-26 16:29:42,天津,5978095548,峰峻花花,https://weibo.com/u/5978095548
5302445874877349,哎,2026-05-26 16:29:16,辽宁,7939880665,Kyung_in,https://weibo.com/u/7939880665
5302445874877349,转发微博,2026-05-26 16:28:58,北京,7367119214,_你好不好呀,https://weibo.com/u/7367119214
5302445874877349,我中暑了,2026-05-26 16:28:41,广东,6174265664,PrettyCrazyAleyao,https://weibo.com/u/6174265664
5302445874877349,转发微博,2026-05-26 16:28:28,四川,7208710615,一口咬掉绵布丁,https://weibo.com/u/7208710615
5302445874877349,转发微博,2026-05-26 16:27:02,山东,7485795685,爱b咣得永生,https://weibo.com/u/7485795685
5302445874877349,转发微博,2026-05-26 16:25:32,安徽,6977263479,香芋冰葡萄_,https://weibo.com/u/6977263479
5302445874877349,法,2026-05-26 16:25:16,浙江,6484410606,我只属于你用一生去执行,https://weibo.com/u/6484410606
5302445874877349,转发微博,2026-05-26 16:25:08,山东,7405326679,榛仁姜饼,https://weibo.com/u/7405326679
5302445874877349,转发微博,2026-05-26 16:24:57,辽宁,7992368430,恋冰番,https://weibo.com/u/7992368430
5302445874877349,对,2026-05-26 16:24:16,陕西,6361394563,比丘的日子里,https://weibo.com/u/6361394563
5302445874877349,对头了,2026-05-26 16:23:53,广东,8258093415,我不能走到平地吗_,https://weibo.com/u/8258093415
5302445874877349,[允悲],2026-05-26 16:23:12,北京,7870129135,今晚晒个月亮吗,https://weibo.com/u/7870129135
5302445874877349,转发微博,2026-05-26 16:22:34,山东,6630857493,六十八夜末班車,https://weibo.com/u/6630857493
5302445874877349,转发微博,2026-05-26 16:20:28,吉林,7721805586,5没有名字5555,https://weibo.com/u/7721805586
5302445874877349,转发微博,2026-05-26 16:19:46,山东,7749616243,透明蓝之眼,https://weibo.com/u/7749616243
5302445874877349,转发微博,2026-05-26 16:18:04,广东,6960226408,流过的眼泪是长成大树的养料,https://weibo.com/u/6960226408
5302445874877349,转发微博,2026-05-26 16:17:21,江苏,7612215223,羲世落神,https://weibo.com/u/7612215223
5302445874877349,我的大学是寂静岭,2026-05-26 16:16:38,江苏,7739508017,饺子船,https://weibo.com/u/7739508017
5302445874877349,哦哦哦哦哦哦哦哦哦潮湿性恋爱病大学是人生的暑假吗那我应该是中暑了,2026-05-26 16:16:32,河北,6598963935,怎么欲言又止,https://weibo.com/u/6598963935
5302445874877349,转发微博,2026-05-26 16:14:01,云南,7890987135,小狗坦荡荡-,https://weibo.com/u/7890987135
5302445874877349,转发微博,2026-05-26 16:13:23,上海,7232974446,DemonsHide7,https://weibo.com/u/7232974446
5302445874877349,转发微博,2026-05-26 16:13:03,江西,5417715624,7Kkox-,https://weibo.com/u/5417715624
5302445874877349,转发微博,2026-05-26 16:12:29,北京,7599107427,我吃hanahana,https://weibo.com/u/7599107427
5302445874877349,转发微博,2026-05-26 16:09:39,山东,5840004876,快给我止血剂,https://weibo.com/u/5840004876
5302445874877349,转发微博,2026-05-26 16:08:30,广东,6998466576,春醺檐序,https://weibo.com/u/6998466576
5302445874877349,转发微博,2026-05-26 16:05:13,河南,6830141079,我到底不,https://weibo.com/u/6830141079
5302445874877349,转发微博,2026-05-26 16:04:41,辽宁,7414308397,ihhhy_,https://weibo.com/u/7414308397
5302445874877349,天才女友虎牙艾哦哦哦哦哦你还要我怎样T_T仓仓果冻哦哦哦哦潮湿性恋爱病大学是人生的暑假吗那我应该是中暑了,2026-05-26 16:04:28,广东,7903937897,無無明燼,https://weibo.com/u/7903937897
5302445874877349,[泪奔][泪奔][泪奔][泪奔]我的法呀,2026-05-26 16:03:39,江苏,8251419513,口中溃疡,https://weibo.com/u/8251419513
5302445874877349,我不行了潮湿性恋爱病大学是人生的暑假吗那我应该是中暑了,2026-05-26 16:02:31,河南,7045028656,然后呢lllllll,https://weibo.com/u/7045028656
5302445874877349,转发微博,2026-05-26 16:01:36,甘肃,7059888404,啊哈呀咦叭,https://weibo.com/u/7059888404
5302445874877349,谢谢[允悲][ok],2026-05-26 16:00:42,吉林,7460103262,蝴蝶狂恋花-,https://weibo.com/u/7460103262
5302445874877349,潮湿性恋爱病大学是人生的暑假吗那我应该是中暑了,2026-05-26 15:59:38,广东,7710748290,想不出来改个什么昵称我说够了11,https://weibo.com/u/7710748290
5302445874877349,转发微博,2026-05-26 15:59:21,河南,7458263979,不要輕易毆打那隻呷蜉之煞,https://weibo.com/u/7458263979
5302445874877349,转发微博,2026-05-26 15:58:57,安徽,7523718621,wwwushikku,https://weibo.com/u/7523718621
5302445874877349,转发微博,2026-05-26 15:58:30,江苏,7768579160,我是一只气旋,https://weibo.com/u/7768579160
5302445874877349,Repost,2026-05-26 15:56:57,江苏,7844482495,今晚也会下雨么,https://weibo.com/u/7844482495
5302445874877349,其实还有高中,2026-05-26 15:56:51,广东,7853176375,每天都要喝冰啡,https://weibo.com/u/7853176375
5302445874877349,汪汪大王幸运星promax潮湿性恋爱病大学是人生的暑假吗那我应该是中暑了,2026-05-26 15:56:43,浙江,5282209727,桢该睡了,https://weibo.com/u/5282209727
5302445874877349,转发微博,2026-05-26 15:56:43,广东,7161970984,是小六不是老六,https://weibo.com/u/7161970984
5302445874877349,转发微博,2026-05-26 15:56:12,江西,5225062337,Sheeplanet,https://weibo.com/u/5225062337
5302445874877349,转发微博,2026-05-26 15:54:44,河南,7365381269,小雨淅淅_Ovo_,https://weibo.com/u/7365381269
5302445874877349,Repost,2026-05-26 15:53:50,上海,7295960529,喂你吃敌敌w_x,https://weibo.com/u/7295960529
5302445874877349,转发微博,2026-05-26 15:51:43,河北,2276123283,请让我原地暴富吧,https://weibo.com/u/2276123283
5302445874877349,转发微博,2026-05-26 15:50:33,山东,6633023840,我小喵也绝非善类,https://weibo.com/u/6633023840
5302445874877349,转发微博,2026-05-26 15:49:45,河北,6824396316,芋圆菠萝菠萝蜜,https://weibo.com/u/6824396316
5302445874877349,潮湿性恋爱病大学是人生的暑假吗那我应该是中暑了,2026-05-26 15:46:58,黑龙江,6515245421,我要抹去你眼中的泪_,https://weibo.com/u/6515245421
5302445874877349,呃呃呃潮湿性恋爱病大学是人生的暑假吗那我应该是中暑了,2026-05-26 15:46:26,江苏,7792891601,09的夏天还好吗,https://weibo.com/u/7792891601
5302445874877349,转发微博,2026-05-26 15:43:15,河北,7812623063,秋是无言,https://weibo.com/u/7812623063
5302445874877349,转发微博,2026-05-26 15:42:06,广东,7440156233,希望伱能,https://weibo.com/u/7440156233
5302445874877349,转发微博,2026-05-26 15:35:02,河北,6423098710,好运连连逢考必过大宝贝,https://weibo.com/u/6423098710
5302445874877349,转发微博,2026-05-26 15:33:50,北京,6167535704,大杯一氧化二氢,https://weibo.com/u/6167535704
5302445874877349,我中暑了潮湿性恋爱病大学是人生的暑假吗那我应该是中暑了,2026-05-26 15:33:32,河南,6559157460,shyyyy_1,https://weibo.com/u/6559157460
5302445874877349,我的研究生,2026-05-26 15:32:25,上海,5332807141,ez4xxhhh,https://weibo.com/u/5332807141
5302445874877349,转发微博,2026-05-26 15:31:21,江苏,6306211085,素丝尔尔,https://weibo.com/u/6306211085
5302445874877349,转发微博,2026-05-26 15:31:19,广东,5852548195,人类为什么迷恋红色,https://weibo.com/u/5852548195
5302445874877349,转发微博,2026-05-26 15:29:55,陕西,7459008297,还要吃烤鱼_,https://weibo.com/u/7459008297
5302445874877349,大学是我的白沙街疯人院,2026-05-26 15:28:29,湖北,7879977845,假如同在午夜入夢,https://weibo.com/u/7879977845
5302445874877349,我应该是中暑了潮湿性恋爱病大学是人生的暑假吗那我应该是中暑了,2026-05-26 15:27:49,山东,5874457900,-北方有嘉木-,https://weibo.com/u/5874457900
5302445874877349,转发微博,2026-05-26 15:27:25,吉林,7947976784,萌神晗酱,https://weibo.com/u/7947976784
5302445874877349,我肯定是中暑了潮湿性恋爱病大学是人生的暑假吗那我应该是中暑了,2026-05-26 15:25:56,澳大利亚,5513999046,应变张量的第一不变量,https://weibo.com/u/5513999046
5302445874877349,你们就继续大学是人生的暑假吧大学是我人生的一战二战罗马斗兽场疯人院奥斯维辛阿兹卡班失乐园永冻土五指山围城鬼打墙无限循环死胡同回声室饥饿游戏,2026-05-26 15:25:04,北京,6914170212,吃一粒砂糖丶,https://weibo.com/u/6914170212
5302445874877349,转发微博,2026-05-26 15:23:00,山东,6892983890,北島圓允時,https://weibo.com/u/6892983890
5302445874877349,潮湿性恋爱病大学是人生的暑假吗那我应该是中暑了,2026-05-26 15:21:42,江西,8017039120,葡萄冰萃美式_28,https://weibo.com/u/8017039120
5302445874877349,转发微博,2026-05-26 15:21:32,福建,7266033173,千千氤茶,https://weibo.com/u/7266033173
5302445874877349,转发微博,2026-05-26 15:19:07,河南,7392773417,少吃点干的叭,https://weibo.com/u/7392773417
5302445874877349,hhhhh,2026-05-26 15:17:57,湖北,7846849559,给我口饭吃行不行,https://weibo.com/u/7846849559
5302445874877349,转发微博,2026-05-26 15:16:24,湖北,7002932531,缠绕我的没写完的结局,https://weibo.com/u/7002932531
5302445874877349,潮湿性恋爱病大学是人生的暑假吗那我应该是中暑了,2026-05-26 15:15:54,山东,6804067803,我不饿的时候也不饱,https://weibo.com/u/6804067803
5302445874877349,转发微博,2026-05-26 15:14:27,山东,6213300201,kookiiieeeee,https://weibo.com/u/6213300201
5302445874877349,转发微博,2026-05-26 15:14:18,福建,7475082257,唉栎栎,https://weibo.com/u/7475082257
5302445874877349,潮湿性恋爱病大学是人生的暑假吗那我应该是中暑了,2026-05-26 15:12:42,山东,5305566502,圣言却铸就着地狱,https://weibo.com/u/5305566502
5302445874877349,潮湿性恋爱病大学是人生的暑假吗那我应该是中暑了,2026-05-26 15:11:16,湖北,7952200125,不算轻松小熊,https://weibo.com/u/7952200125
5302445874877349,转发微博,2026-05-26 15:10:22,河北,6574702250,迷路的小箱子8,https://weibo.com/u/6574702250
5302445874877349,潮湿性恋爱病大学是人生的暑假吗那我应该是中暑了,2026-05-26 15:08:11,河南,7777072264,右眼炎症为什么滴左氧氟沙星,https://weibo.com/u/7777072264
5302445874877349,,2026-05-26 15:07:37,广东,7216451749,嗯嗯嗯我真的没招了,https://weibo.com/u/7216451749
5302445874877349,大学是我的谢林富特,2026-05-26 15:06:11,河南,9050795432,所以我们是没有明天的关系,https://weibo.com/u/9050795432
5302445874877349,转发微博,2026-05-26 15:06:04,山东,7244413679,好巧你也晒太阳,https://weibo.com/u/7244413679
5302445874877349,Repost,2026-05-26 15:05:36,北京,7721324795,-nugu6000,https://weibo.com/u/7721324795
5302445874877349,转发微博,2026-05-26 15:04:56,陕西,6609986870,everythingwinnns,https://weibo.com/u/6609986870
5302445874877349,转发微博,2026-05-26 15:04:49,日本,6264954574,仅仅是想要亲吻尸骸一般,https://weibo.com/u/6264954574
5302445874877349,潮湿性恋爱病大学是人生的暑假吗那我应该是中暑了,2026-05-26 15:04:17,北京,6715572731,大G给我坐坐,https://weibo.com/u/6715572731
5302445874877349,转发微博,2026-05-26 15:03:15,湖北,2459279777,SiriFlower,https://weibo.com/u/2459279777
5302445874877349,转发微博,2026-05-26 15:02:30,安徽,6311795532,狂炫无花果,https://weibo.com/u/6311795532
5302445874877349,Repost,2026-05-26 15:02:04,北京,7721324795,-nugu6000,https://weibo.com/u/7721324795
5302445874877349,潮湿性恋爱病大学是人生的暑假吗那我应该是中暑了,2026-05-26 15:01:37,浙江,6369318950,一口白桃酥,https://weibo.com/u/6369318950
5302445874877349,转发微博,2026-05-26 15:01:23,广东,7864607869,Leiyanposuo_,https://weibo.com/u/7864607869
5302445874877349,Repost,2026-05-26 15:00:42,四川,7909994613,当你的真爱击中面门,https://weibo.com/u/7909994613
5302445874877349,转发微博,2026-05-26 15:00:25,福建,7212688367,小咪酊律,https://weibo.com/u/7212688367
5302445874877349,幸福的雨滴_大学是我上学到现在最苦的一个时期,2026-05-26 14:58:21,河南,7957966687,快点飞走吧,https://weibo.com/u/7957966687
5302445874877349,椿曰叙永久心情盐颗粒甲板此刻心情,2026-05-26 14:58:13,陕西,7412396112,tutniiiO3,https://weibo.com/u/7412396112
5302445874877349,[yeah],2026-05-26 14:58:01,湖北,5799095266,别跷二郎腿行吗,https://weibo.com/u/5799095266
5302445874877349,大学是我上学到现在最苦的一个时期,2026-05-26 14:52:52,上海,7791868746,幸福的雨滴_,https://weibo.com/u/7791868746
5302445874877349,转发微博,2026-05-26 14:51:53,西班牙,6166977767,Merach,https://weibo.com/u/6166977767
5302445874877349,转发微博,2026-05-26 14:50:39,黑龙江,9144570751,我鸭鸭呢-,https://weibo.com/u/9144570751
5302445874877349,转发微博,2026-05-26 14:50:00,广东,7116319191,只因上次沦陷在你眉眼,https://weibo.com/u/7116319191
5302445874877349,潮湿性恋爱病大学是人生的暑假吗那我应该是中暑了,2026-05-26 14:49:08,山东,7672140667,殁雪沙冬青,https://weibo.com/u/7672140667
5302445874877349,QYuh7冰系犬转发微博,2026-05-26 14:46:56,江苏,4024056854,yunatmyheart,https://weibo.com/u/4024056854
5302445874877349,转发微博,2026-05-26 14:46:38,江苏,7931108619,我叫鱼摆摆_777,https://weibo.com/u/7931108619
5302445874877349,冰系犬转发微博,2026-05-26 14:45:15,湖北,7774747873,QYuh7,https://weibo.com/u/7774747873
5302445874877349,永久心情盐颗粒甲板此刻心情,2026-05-26 14:44:24,浙江,7922176185,椿曰叙,https://weibo.com/u/7922176185
5302445874877349,[二哈]潮湿性恋爱病大学是人生的暑假吗那我应该是中暑了,2026-05-26 14:41:35,内蒙古,5579363265,穿越夏天而来的月亮,https://weibo.com/u/5579363265
5302445874877349,酥绪兔刊转发微博,2026-05-26 14:41:01,广西,6965929752,若不鼠你突然闯进我生活_,https://weibo.com/u/6965929752
5302445874877349,转发微博,2026-05-26 14:40:41,山东,8014483591,酥绪兔刊-,https://weibo.com/u/8014483591
5302445874877349,潮湿性恋爱病大学是人生的暑假吗那我应该是中暑了,2026-05-26 14:39:25,广东,7553953405,花江树与群青,https://weibo.com/u/7553953405
5302445874877349,哦哦哦对的对的潮湿性恋爱病大学是人生的暑假吗那我应该是中暑了,2026-05-26 14:39:19,广东,6503839178,捕捉薄荷,https://weibo.com/u/6503839178
5302445874877349,转发微博,2026-05-26 14:36:40,安徽,6397687351,梁上观雪,https://weibo.com/u/6397687351
5302445874877349,潮湿性恋爱病大学是人生的暑假吗那我应该是中暑了,2026-05-26 14:31:18,天津,7251020030,鸾影亭洲-,https://weibo.com/u/7251020030
5302445874877349,转发微博,2026-05-26 14:30:23,福建,7799861990,w0_oinbook,https://weibo.com/u/7799861990
5302445874877349,啊啊啊啊我有自己的韬奋丝带,2026-05-26 14:30:06,山东,5936411636,世界理,https://weibo.com/u/5936411636
5302445874877349,转发微博,2026-05-26 14:30:06,湖北,7733258970,在梦中寻找你-,https://weibo.com/u/7733258970
5302445874877349,转发微博,2026-05-26 14:29:41,上海,7516714861,看本被骗五十万,https://weibo.com/u/7516714861
5302445874877349,转发微博,2026-05-26 14:28:40,重庆,6642662702,猫猫妮呀_,https://weibo.com/u/6642662702
5302445874877349,转发微博,2026-05-26 14:27:20,四川,7772773241,ooooooo222,https://weibo.com/u/7772773241
5302445874877349,转发微博,2026-05-26 14:27:05,天津,5865934333,限速一万里,https://weibo.com/u/5865934333
5302445874877349,转发微博,2026-05-26 14:26:46,北京,6811418335,水为芝珉流,https://weibo.com/u/6811418335
5302445874877349,转发微博,2026-05-26 14:26:18,广东,9186703564,用户9186703564,https://weibo.com/u/9186703564
5302445874877349,转发微博,2026-05-26 14:24:53,辽宁,7905844670,只有痛苦能将你我连接,https://weibo.com/u/7905844670
5302445874877349,潮湿性恋爱病大学是人生的暑假吗那我应该是中暑了,2026-05-26 14:24:26,吉林,7903228532,崔马户,https://weibo.com/u/7903228532
5302445874877349,哦哦潮湿性恋爱病大学是人生的暑假吗那我应该是中暑了,2026-05-26 14:23:32,河北,7926451673,美味植物园,https://weibo.com/u/7926451673
5302445874877349,转发微博,2026-05-26 14:23:26,重庆,6475630513,猫猫鱼包饭,https://weibo.com/u/6475630513
5302445874877349,转发微博,2026-05-26 14:23:02,安徽,6403020325,要吃菠萝派_,https://weibo.com/u/6403020325
5302445874877349,转发微博,2026-05-26 14:21:19,湖北,7724664966,等待雪融的你,https://weibo.com/u/7724664966
5302445874877349,我在长城做乌鸦,2026-05-26 14:21:11,天津,7544800238,滔芬家族李嘉元_,https://weibo.com/u/7544800238
5302445874877349,一千两百一十七Repost,2026-05-26 14:20:16,福建,7474195269,好心态决定美丽人生,https://weibo.com/u/7474195269
5302445874877349,潮湿性恋爱病大学是人生的暑假吗那我应该是中暑了,2026-05-26 14:20:01,安徽,6588216151,她说她想要平静的生活,https://weibo.com/u/6588216151
5302445874877349,转发微博,2026-05-26 14:19:35,河南,6478293875,robinn_R,https://weibo.com/u/6478293875
5302445874877349,Repost,2026-05-26 14:18:35,上海,6692057843,可是呢它只是一只小猫_,https://weibo.com/u/6692057843
5302445874877349,Repost,2026-05-26 14:18:26,加拿大,7448631018,一千两百一十七,https://weibo.com/u/7448631018
5302445874877349,转发微博,2026-05-26 14:14:30,浙江,7709770829,你我存在的蓝春,https://weibo.com/u/7709770829
5302445874877349,转发微博,2026-05-26 14:12:25,广东,7430923365,bdhyjskaizx,https://weibo.com/u/7430923365
5302445874877349,转发微博,2026-05-26 14:11:53,湖南,7271213503,冰系犬,https://weibo.com/u/7271213503
5302445874877349,转发微博,2026-05-26 14:11:29,北京,7014945155,蟹蟹泥鸦,https://weibo.com/u/7014945155
5302445874877349,潮湿性恋爱病大学是人生的暑假吗那我应该是中暑了,2026-05-26 14:11:07,北京,6466077273,于是转身向麦麦脆汁鸡走去,https://weibo.com/u/6466077273
5302445874877349,转发微博,2026-05-26 14:10:12,山东,6640560339,无敌苦瓜日记,https://weibo.com/u/6640560339
5302445874877349,转发微博,2026-05-26 14:10:01,山东,7421441553,脸皮和你一样厚,https://weibo.com/u/7421441553
5302445874877349,转发微博,2026-05-26 14:08:38,四川,7553889683,-远离芹菜-,https://weibo.com/u/7553889683
5302445874877349,转发微博,2026-05-26 14:06:25,湖北,7368071345,水雾月希,https://weibo.com/u/7368071345
5302445874877349,潮湿性恋爱病大学是人生的暑假吗那我应该是中暑了,2026-05-26 14:06:20,河北,5458101139,椪柑四季春,https://weibo.com/u/5458101139
5302445874877349,转发微博,2026-05-26 14:05:51,四川,7480446025,及时雨zzz7,https://weibo.com/u/7480446025
5302445874877349,Repost,2026-05-26 14:05:05,甘肃,7305092268,家有枝小帅,https://weibo.com/u/7305092268
5302445874877349,我快中暑了,2026-05-26 14:02:03,安徽,5311202794,偷吃土豆判几年,https://weibo.com/u/5311202794
5302445874877349,轉發微博,2026-05-26 13:59:56,山东,7268209674,赶紧的好运来来来来啊,https://weibo.com/u/7268209674
5302445874877349,转发微博,2026-05-26 13:59:23,江苏,7760299203,OosTariion,https://weibo.com/u/7760299203
5302445874877349,转发微博,2026-05-26 13:59:16,湖南,7044982036,第二块脆脆鲨,https://weibo.com/u/7044982036
5302445874877349,法克,2026-05-26 13:58:14,浙江,5963955579,于是又是乎,https://weibo.com/u/5963955579
5302445874877349,转发微博,2026-05-26 13:57:52,福建,7203849424,正版小馒头,https://weibo.com/u/7203849424
5302445874877349,转发微博,2026-05-26 13:56:56,河北,7405133429,-糖醋鱼丶,https://weibo.com/u/7405133429
5302445874877349,转发微博,2026-05-26 13:56:36,辽宁,7768360351,发财坛子,https://weibo.com/u/7768360351
5302445874877349,转发微博,2026-05-26 13:56:34,贵州,7926235902,静脉注射_,https://weibo.com/u/7926235902
5302445874877349,天堂裡信仰向下轉發微博,2026-05-26 13:55:00,四川,7593463174,Bornthiswayofu,https://weibo.com/u/7593463174
5302445874877349,转发微博,2026-05-26 13:53:59,河北,7428590425,嘚嘚嘚III,https://weibo.com/u/7428590425
5302445874877349,转发微博,2026-05-26 13:53:19,河南,7768918124,你又在哭吗好可爱,https://weibo.com/u/7768918124
5302445874877349,转发微博,2026-05-26 13:51:27,云南,7785585014,Llllll_yyxx,https://weibo.com/u/7785585014
5302445874877349,水猴子如是说不需要有人知道我只想安静的生活转发微博,2026-05-26 13:50:48,福建,7916598125,无敌爆炸沙糖桔车厘子水果大王,https://weibo.com/u/7916598125
5302445874877349,轉發微博,2026-05-26 13:50:20,山东,7938362695,她不是纯良系,https://weibo.com/u/7938362695
5302445874877349,潮湿性恋爱病大学是人生的暑假吗那我应该是中暑了,2026-05-26 13:48:39,江西,6676584891,LXLOKRN,https://weibo.com/u/6676584891
5302445874877349,转发微博,2026-05-26 13:48:08,澳大利亚,6464421323,与你共享呼吸频,https://weibo.com/u/6464421323
5302445874877349,,2026-05-26 13:47:51,浙江,6156373634,NDTKXD,https://weibo.com/u/6156373634
5302445874877349,闹螂灾了谁来救救我舍坤死活不同意买蟑螂药,2026-05-26 13:46:44,广东,7852166833,世界痛吻我我报之以猪,https://weibo.com/u/7852166833
5302445874877349,嗯,2026-05-26 13:45:27,北京,6554436755,-妳妳与猫-,https://weibo.com/u/6554436755
5302445874877349,转发微博,2026-05-26 13:43:46,北京,7859508729,16_KyrAlt9,https://weibo.com/u/7859508729
5302445874877349,转发微博,2026-05-26 13:43:16,云南,7237535513,-太阳与向日葵-,https://weibo.com/u/7237535513
5302445874877349,不需要有人知道我只想安静的生活转发微博,2026-05-26 13:43:13,福建,7871763218,水猴子如是说,https://weibo.com/u/7871763218
5302445874877349,转发微博,2026-05-26 13:42:56,广西,9032730898,六字病娇网名,https://weibo.com/u/9032730898
5302445874877349,躺糖汤棠淌烫我倒下了潮湿性恋爱病大学是人生的暑假吗那我应该是中暑了,2026-05-26 13:42:34,甘肃,8341058596,祝福在时代的阴霾之外,https://weibo.com/u/8341058596
5302445874877349,我倒下了潮湿性恋爱病大学是人生的暑假吗那我应该是中暑了,2026-05-26 13:41:59,贵州,6833886240,躺糖汤棠淌烫,https://weibo.com/u/6833886240
5302445874877349,转发微博,2026-05-26 13:39:37,四川,7487428889,PleaseBcygxydr,https://weibo.com/u/7487428889
5302445874877349,潮湿性恋爱病大学是人生的暑假吗那我应该是中暑了,2026-05-26 13:38:51,北京,6526922150,_直到所有深痕都缠绕成歌谣,https://weibo.com/u/6526922150
5302445874877349,那我应该是中暑了,2026-05-26 13:37:33,江西,7886835841,可我芝士一只小猫,https://weibo.com/u/7886835841
5302445874877349,转发微博,2026-05-26 13:36:35,上海,7442053819,安池_的,https://weibo.com/u/7442053819
5302445874877349,转发微博,2026-05-26 13:36:08,湖北,7551184238,T1nyHerb微草战队-若叶睦,https://weibo.com/u/7551184238
5302445874877349,1,2026-05-26 13:35:25,安徽,6611121866,只是刚好那太阳落山了而已,https://weibo.com/u/6611121866
5302445874877349,潮湿性恋爱病大学是人生的暑假吗那我应该是中暑了,2026-05-26 13:35:11,黑龙江,7027238758,豆几不逗几,https://weibo.com/u/7027238758
5302445874877349,转发微博,2026-05-26 13:35:11,河北,3225797391,18大麻花,https://weibo.com/u/3225797391
5302445874877349,转发微博,2026-05-26 13:35:00,天津,7387428050,狗骨町鲤,https://weibo.com/u/7387428050
5302445874877349,转发微博,2026-05-26 13:32:23,天津,7792662373,仓柱咪,https://weibo.com/u/7792662373
5302445874877349,转发微博,2026-05-26 13:30:02,北京,6923276814,冰块的猫_ii,https://weibo.com/u/6923276814
5302445874877349,Repost,2026-05-26 13:26:46,江西,7783091426,-小鸭游来游去-,https://weibo.com/u/7783091426
5302445874877349,转发微博,2026-05-26 13:25:46,北京,6606948902,esazOnna_,https://weibo.com/u/6606948902
5302445874877349,轉發微博,2026-05-26 13:25:01,辽宁,6919182428,天堂裡信仰向下,https://weibo.com/u/6919182428
5302445874877349,潮湿性恋爱病大学是人生的暑假吗那我应该是中暑了,2026-05-26 13:24:22,江西,6591489780,-WithoutU,https://weibo.com/u/6591489780
5302445874877349,转发微博,2026-05-26 13:22:17,四川,6911878381,你是自称人类的谁,https://weibo.com/u/6911878381
5302445874877349,转发微博,2026-05-26 13:20:24,江西,5638214484,Eternalife_,https://weibo.com/u/5638214484
5302445874877349,潮湿性恋爱病大学是人生的暑假吗那我应该是中暑了,2026-05-26 13:18:57,广东,7274643008,imfish92,https://weibo.com/u/7274643008
5302445874877349,转发微博,2026-05-26 13:17:54,湖北,7404273801,u1s1我爱超级农农,https://weibo.com/u/7404273801
5302445874877349,转发微博,2026-05-26 13:16:53,广西,7564981294,雪地不种玫瑰,https://weibo.com/u/7564981294
5302445874877349,转发微博,2026-05-26 13:15:57,北京,7627159625,春日迟迎,https://weibo.com/u/7627159625
5302445874877349,转发微博,2026-05-26 13:15:35,天津,7288433814,我小貂也绝非善类,https://weibo.com/u/7288433814
5302445874877349,转发微博,2026-05-26 13:15:05,辽宁,5991276389,介词大王,https://weibo.com/u/5991276389
5302445874877349,转发微博,2026-05-26 13:13:57,山东,7303571082,博远纯良,https://weibo.com/u/7303571082
5302445874877349,哦哦潮湿性恋爱病大学是人生的暑假吗那我应该是中暑了,2026-05-26 13:11:17,湖北,7384037536,譞你没道理_,https://weibo.com/u/7384037536
5302445874877349,转发微博,2026-05-26 13:07:27,浙江,7260928689,noora_ooo,https://weibo.com/u/7260928689
5302445874877349,转发微博,2026-05-26 13:06:35,山东,7278180031,补药欺负我宝宝啊TvT,https://weibo.com/u/7278180031
5302445874877349,1潮湿性恋爱病大学是人生的暑假吗那我应该是中暑了,2026-05-26 13:06:21,四川,9011967338,我一直被爱包围,https://weibo.com/u/9011967338
5302445874877349,转发微博,2026-05-26 13:04:42,江苏,7575288598,IsLifeAlwaysThisHard-,https://weibo.com/u/7575288598
5302445874877349,Repost,2026-05-26 13:04:27,江苏,7374090947,骂我就是傲娇受,https://weibo.com/u/7374090947
5302445874877349,转发微博,2026-05-26 13:03:58,四川,7995898872,此刻即蓝岛,https://weibo.com/u/7995898872
5302445874877349,转发微博,2026-05-26 13:03:27,江苏,7806057846,那你当我傻吧,https://weibo.com/u/7806057846
5302445874877349,[微笑][微笑]潮湿性恋爱病大学是人生的暑假吗那我应该是中暑了,2026-05-26 13:00:49,黑龙江,5642527294,settingoffnotwithoutmymuse,https://weibo.com/u/5642527294
5302445874877349,转发微博,2026-05-26 13:00:45,福建,5984097284,天使降临都柏林,https://weibo.com/u/5984097284
5302445874877349,,2026-05-26 13:00:39,安徽,7386887962,烤菠萝蜂蜜拿铁,https://weibo.com/u/7386887962
5302445874877349,转发微博,2026-05-26 13:00:36,湖南,7275980893,雪糕甜栗椰,https://weibo.com/u/7275980893
5302445874877349,潮湿性恋爱病大学是人生的暑假吗那我应该是中暑了,2026-05-26 12:59:59,甘肃,6564288592,泡芙卷卷o_,https://weibo.com/u/6564288592
5302445874877349,潮湿性恋爱病大学是人生的暑假吗那我应该是中暑了,2026-05-26 12:59:11,福建,2287953971,甜粥椰蛋饼配柠檬可乐Palpitate,https://weibo.com/u/2287953971
5302445874877349,转发微博,2026-05-26 12:58:44,山东,9060683873,雨都停了這片天還灰什麼-,https://weibo.com/u/9060683873
5302445874877349,转发微博,2026-05-26 12:58:32,北京,7772185561,有鱼丸了,https://weibo.com/u/7772185561
5302445874877349,转发微博,2026-05-26 12:58:28,湖南,7774664720,水母可露丽,https://weibo.com/u/7774664720
5302445874877349,潮湿性恋爱病大学是人生的暑假吗那我应该是中暑了,2026-05-26 12:58:24,湖北,6620600019,仅仅望雲只存在于詩上澄清的部分,https://weibo.com/u/6620600019
5302445874877349,转发微博,2026-05-26 12:58:14,山东,6343824885,Withyourheart_,https://weibo.com/u/6343824885
5302445874877349,转发微博,2026-05-26 12:57:16,重庆,6354366164,coffee_n_rain,https://weibo.com/u/6354366164
5302445874877349,转发微博,2026-05-26 12:57:06,辽宁,7480149014,芊蔚何青-,https://weibo.com/u/7480149014
5302445874877349,转发微博,2026-05-26 12:56:36,山东,7980969007,哎呀您真是的,https://weibo.com/u/7980969007
5302445874877349,转发微博,2026-05-26 12:55:16,湖北,7602457781,e9de6a46,https://weibo.com/u/7602457781
5302445874877349,对没错潮湿性恋爱病大学是人生的暑假吗那我应该是中暑了,2026-05-26 12:55:09,河北,6595444686,丑东西离我远一点-,https://weibo.com/u/6595444686
5302445874877349,潮湿性恋爱病大学是人生的暑假吗那我应该是中暑了,2026-05-26 12:54:35,浙江,7977758126,汪汪大王幸运星promax,https://weibo.com/u/7977758126
5302445874877349,[笑哈哈],2026-05-26 12:54:01,山东,7509653969,梨lilhlm,https://weibo.com/u/7509653969
5302445874877349,转发微博,2026-05-26 12:50:07,山东,7949394733,三月冰_,https://weibo.com/u/7949394733
5302445874877349,[淡淡的][淡淡的][淡淡的],2026-05-26 12:48:47,辽宁,6345787729,011_看见我请提醒我去学习,https://weibo.com/u/6345787729
5302445874877349,潮湿性恋爱病大学是人生的暑假吗那我应该是中暑了,2026-05-26 12:48:31,浙江,6353778504,如果变成了小猫,https://weibo.com/u/6353778504
5302445874877349,转发微博,2026-05-26 12:48:32,北京,5855327089,sepkistty,https://weibo.com/u/5855327089
5302445874877349,转发微博,2026-05-26 12:48:03,广东,7488425321,对生活无语o-o,https://weibo.com/u/7488425321
5302445874877349,蒽,2026-05-26 12:47:33,内蒙古,9001087939,MirroEris,https://weibo.com/u/9001087939
5302445874877349,点了,2026-05-26 12:47:24,内蒙古,6487868175,微凉寻暮意,https://weibo.com/u/6487868175
5302445874877349,转发微博,2026-05-26 12:46:43,山西,9184361500,不问落花无意,https://weibo.com/u/9184361500
5302445874877349,转发微博,2026-05-26 12:46:33,吉林,7951366553,那世界是为我才改变的吗,https://weibo.com/u/7951366553
5302445874877349,转发微博,2026-05-26 12:45:19,北京,5883963546,普罗大众老酸奶,https://weibo.com/u/5883963546
5302445874877349,潮湿性恋爱病大学是人生的暑假吗那我应该是中暑了,2026-05-26 12:45:17,山东,7954887208,让自由穿越我,https://weibo.com/u/7954887208
5302445874877349,转发微博,2026-05-26 12:44:52,山西,7332022987,我妹艾玛,https://weibo.com/u/7332022987
5302445874877349,转发微博,2026-05-26 12:43:11,河北,6219264554,豆沙包在我身上,https://weibo.com/u/6219264554
5302445874877349,潮湿性恋爱病大学是人生的暑假吗那我应该是中暑了,2026-05-26 12:41:35,福建,5840169937,秋匙elay,https://weibo.com/u/5840169937
5302445874877349,我中暑了也,2026-05-26 12:40:00,内蒙古,6570358144,是朕赐你,https://weibo.com/u/6570358144
5302445874877349,潮湿性恋爱病大学是人生的暑假吗那我应该是中暑了,2026-05-26 12:39:56,广东,6021409681,mumei3hi,https://weibo.com/u/6021409681
5302445874877349,潮湿性恋爱病大学是人生的暑假吗那我应该是中暑了,2026-05-26 12:38:40,河北,7407914725,_minamii_,https://weibo.com/u/7407914725
5302445874877349,潮湿性恋爱病大学是人生的暑假吗那我应该是中暑了,2026-05-26 12:37:57,广西,7891647483,H_AO7,https://weibo.com/u/7891647483
5302445874877349,轉發微博,2026-05-26 12:37:50,上海,7041451752,-下辈子还是只鸡-,https://weibo.com/u/7041451752
5302445874877349,潮湿性恋爱病大学是人生的暑假吗那我应该是中暑了,2026-05-26 12:37:33,重庆,4024916491,DonumIcarus,https://weibo.com/u/4024916491
5302445874877349,风泪卉我女沐橙Tangerine阿枳潮湿性恋爱病大学是人生的暑假吗那我应该是中暑了,2026-05-26 12:35:15,内蒙古,7603736055,暮色回椿意,https://weibo.com/u/7603736055
5302445874877349,转发微博,2026-05-26 12:35:12,重庆,6854434084,irroit,https://weibo.com/u/6854434084
5302445874877349,[握手][握手],2026-05-26 12:35:07,广东,7903522968,用户黄瓜厨,https://weibo.com/u/7903522968
5302445874877349,啊啊啊啊啊,2026-05-26 12:34:06,辽宁,6361986617,咚酱咕咕,https://weibo.com/u/6361986617
5302445874877349,转发微博,2026-05-26 12:33:43,福建,7000621970,与银河系和解了,https://weibo.com/u/7000621970
5302445874877349,转发微博,2026-05-26 12:32:37,辽宁,5672448106,鼠鼠你是谁啊,https://weibo.com/u/5672448106
5302445874877349,转发微博,2026-05-26 12:31:57,湖北,8005088291,用户8005088291,https://weibo.com/u/8005088291
5302445874877349,转发微博,2026-05-26 12:31:45,河北,5679210095,草莓夹心奶酪条,https://weibo.com/u/5679210095
5302445874877349,转发微博,2026-05-26 12:31:29,上海,7195382501,林逸婵,https://weibo.com/u/7195382501
5302445874877349,潮湿性恋爱病大学是人生的暑假吗那我应该是中暑了,2026-05-26 12:31:13,山东,7771538668,-月見八千代-,https://weibo.com/u/7771538668
5302445874877349,对潮湿性恋爱病大学是人生的暑假吗那我应该是中暑了,2026-05-26 12:30:25,福建,7140428357,枝举-,https://weibo.com/u/7140428357
5302445874877349,我的希望之峰才囚学院恋城阙轉發微博,2026-05-26 12:28:51,上海,8019663467,__雲破月來花弄影,https://weibo.com/u/8019663467
5302445874877349,我吐,2026-05-26 12:28:28,福建,7858276052,巧克力滑蛋三枚入,https://weibo.com/u/7858276052
5302445874877349,转发微博,2026-05-26 12:28:11,河南,6380757012,都柏林等下雪,https://weibo.com/u/6380757012
5302445874877349,苹果树遐想又说到老子心口上,2026-05-26 12:26:59,四川,7526887098,来一份豚馒,https://weibo.com/u/7526887098
5302445874877349,转发微博,2026-05-26 12:26:38,江苏,7972006034,快递外卖别被偷,https://weibo.com/u/7972006034
5302445874877349,转发微博,2026-05-26 12:26:32,上海,7880329147,去嗯嗯嗯嗯嗯,https://weibo.com/u/7880329147
5302445874877349,对潮湿性恋爱病大学是人生的暑假吗那我应该是中暑了,2026-05-26 12:26:24,湖南,6979200347,yagamixxy,https://weibo.com/u/6979200347
5302445874877349,转发微博,2026-05-26 12:26:17,山东,7995078666,有我在你身边你也会很幸福,https://weibo.com/u/7995078666
5302445874877349,转发微博,2026-05-26 12:25:00,广西,5686638402,不需要有人知道我只想安静的生活,https://weibo.com/u/5686638402
5302445874877349,转发微博,2026-05-26 12:24:49,重庆,8301046319,下個禮拜就見面_,https://weibo.com/u/8301046319
5302445874877349,是我的诺曼底登陆战是我的绞肉机斯大林格勒保卫战是我的敦刻尔克大撤退,2026-05-26 12:24:37,吉林,6556378840,在吗在吗是我,https://weibo.com/u/6556378840
5302445874877349,转发微博,2026-05-26 12:24:07,内蒙古,7136765083,情緒為你起伏過一萬次,https://weibo.com/u/7136765083
5302445874877349,说的都对潮湿性恋爱病大学是人生的暑假吗那我应该是中暑了,2026-05-26 12:22:33,重庆,7399296677,拉练枝,https://weibo.com/u/7399296677
5302445874877349,虽然但是算是我最自由的四年了,2026-05-26 12:22:09,广东,4040785385,meowocat,https://weibo.com/u/4040785385
5302445874877349,潮湿性恋爱病大学是人生的暑假吗那我应该是中暑了,2026-05-26 12:21:54,浙江,7211121020,丸芽厨,https://weibo.com/u/7211121020
5302445874877349,正在选妇科药方潮湿性恋爱病大学是人生的暑假吗那我应该是中暑了,2026-05-26 12:21:48,山东,7817855015,不要去猫咖,https://weibo.com/u/7817855015
5302445874877349,潮湿性恋爱病大学是人生的暑假吗那我应该是中暑了,2026-05-26 12:21:36,江苏,5848561456,正在选妇科药方,https://weibo.com/u/5848561456
5302445874877349,转发微博,2026-05-26 12:21:03,广东,6300955292,见鬼了鱼怎么会说话,https://weibo.com/u/6300955292
5302445874877349,转发微博,2026-05-26 12:20:46,广东,6313315662,十秒钟后整个宇宙将会为你燃烧,https://weibo.com/u/6313315662
5302445874877349,潮湿性恋爱病大学是人生的暑假吗那我应该是中暑了,2026-05-26 12:20:31,广东,6537988883,猫璃不是大灰猫,https://weibo.com/u/6537988883
5302445874877349,转发微博,2026-05-26 12:19:56,上海,6190801953,鹿栖橙木间,https://weibo.com/u/6190801953
5302445874877349,转发微博,2026-05-26 12:19:43,江苏,6539822695,NewJeans-明日香,https://weibo.com/u/6539822695
5302445874877349,呵呵,2026-05-26 12:19:31,重庆,7498330223,我父鸡米,https://weibo.com/u/7498330223
5302445874877349,转发微博,2026-05-26 12:19:11,广东,7489945585,冷藏小熊软糖,https://weibo.com/u/7489945585
5302445874877349,转发微博,2026-05-26 12:19:08,广东,7779252204,白文九九,https://weibo.com/u/7779252204
5302445874877349,轉發微博,2026-05-26 12:19:06,浙江,7873982500,恋城阙,https://weibo.com/u/7873982500
5302445874877349,是我的蔷薇战争血龙狂舞,2026-05-26 12:18:53,重庆,6382656288,Puedeso1rmesusurrar,https://weibo.com/u/6382656288
5302445874877349,转发微博,2026-05-26 12:15:26,河北,7755440748,芋泥麻薯子,https://weibo.com/u/7755440748
5302445874877349,转发微博,2026-05-26 12:14:18,天津,6547745137,鸡蛋灌饼狂热女粉丝,https://weibo.com/u/6547745137
5302445874877349,潮湿性恋爱病大学是人生的暑假吗那我应该是中暑了,2026-05-26 12:13:22,天津,6188770353,打个瞌睡·,https://weibo.com/u/6188770353
5302445874877349,转发微博,2026-05-26 12:12:54,河北,7555034220,我想每天都玩,https://weibo.com/u/7555034220
5302445874877349,没那么轻松,2026-05-26 12:12:42,江苏,5692902100,济南RW侠_百花缭乱,https://weibo.com/u/5692902100
5302445874877349,潮湿性恋爱病大学是人生的暑假吗那我应该是中暑了,2026-05-26 12:11:45,辽宁,7721092167,无边禁月,https://weibo.com/u/7721092167
5302445874877349,转发微博,2026-05-26 12:11:15,安徽,7306403983,请带我飞向那可观测宇宙的边界,https://weibo.com/u/7306403983
5302445874877349,转发微博,2026-05-26 12:10:39,吉林,7893699130,Floatingstar_Flipped,https://weibo.com/u/7893699130
5302445874877349,潮湿性恋爱病大学是人生的暑假吗那我应该是中暑了,2026-05-26 12:08:02,广东,7916253637,PARKMINJU_,https://weibo.com/u/7916253637
5302445874877349,潮湿性恋爱病大学是人生的暑假吗那我应该是中暑了,2026-05-26 12:07:42,江苏,6645956588,后妈茶话会-,https://weibo.com/u/6645956588
5302445874877349,转发微博,2026-05-26 12:07:14,四川,9061010083,我只是个爱你的笨蛋吧,https://weibo.com/u/9061010083
5302445874877349,潮湿性恋爱病大学是人生的暑假吗那我应该是中暑了,2026-05-26 12:06:03,北京,7548961394,生腌螃蟹梦女,https://weibo.com/u/7548961394
5302445874877349,转发微博,2026-05-26 12:05:55,湖北,5921675825,隔壁村的老王他爹,https://weibo.com/u/5921675825
5302445874877349,我,2026-05-26 12:05:08,江苏,5848120579,raumschiff,https://weibo.com/u/5848120579
5302445874877349,转发微博,2026-05-26 12:04:59,陕西,7850385382,把你全袈裟了,https://weibo.com/u/7850385382
5302445874877349,Repost,2026-05-26 12:04:53,广东,7128317182,花落時你也不見,https://weibo.com/u/7128317182
5302445874877349,转发微博,2026-05-26 12:04:28,北京,6466484435,TerroraAa,https://weibo.com/u/6466484435
5302445874877349,转发微博,2026-05-26 12:04:20,江苏,7879294795,厌氧中,https://weibo.com/u/7879294795
5302445874877349,转发微博,2026-05-26 12:03:59,四川,7853192839,失控鲸鱼薯条,https://weibo.com/u/7853192839
5302445874877349,转发微博,2026-05-26 12:03:43,陕西,7783243283,SooYooS_,https://weibo.com/u/7783243283
5302445874877349,转发微博,2026-05-26 12:03:33,重庆,7758066104,天气老是雾萌萌,https://weibo.com/u/7758066104
5302445874877349,转发微博,2026-05-26 12:02:51,广东,6460455595,呃嗯嘟,https://weibo.com/u/6460455595
5302445874877349,转发微博,2026-05-26 12:02:41,广东,6441941039,_土豆吐司土豆泥,https://weibo.com/u/6441941039
5302445874877349,潮湿性恋爱病大学是人生的暑假吗那我应该是中暑了,2026-05-26 12:00:41,河北,7902519352,下一頁你親手寫上的離別_,https://weibo.com/u/7902519352
5302445874877349,转发微博,2026-05-26 11:59:39,广东,6612865368,今天周-八,https://weibo.com/u/6612865368
5302445874877349,转发微博,2026-05-26 11:58:33,河北,5662331857,爱吃炸蛋的螺螄粉,https://weibo.com/u/5662331857
5302445874877349,等一缕光找到花瓶的缺口潮湿性恋爱病大学是人生的暑假吗那我应该是中暑了,2026-05-26 11:56:35,山西,7426153660,Song我一只芽芽,https://weibo.com/u/7426153660
5302445874877349,转发微博,2026-05-26 11:55:27,湖北,7769276909,我曲了_,https://weibo.com/u/7769276909
5302445874877349,转发微博,2026-05-26 11:55:27,云南,6527668896,ILTEM,https://weibo.com/u/6527668896
5302445874877349,转发微博,2026-05-26 11:55:11,重庆,6398384272,晚莺停烟树-,https://weibo.com/u/6398384272
5302445874877349,转发微博,2026-05-26 11:54:53,安徽,7633885075,若由你來談論愛的話,https://weibo.com/u/7633885075
5302445874877349,转发微博,2026-05-26 11:54:49,天津,5692688489,一粒米闯天涯_,https://weibo.com/u/5692688489
5302445874877349,转发微博,2026-05-26 11:54:40,广东,6669646991,用户6669646991,https://weibo.com/u/6669646991
5302445874877349,转发微博,2026-05-26 11:54:24,福建,7658589115,不要融化小鱼呀v,https://weibo.com/u/7658589115
5302445874877349,转发微博,2026-05-26 11:52:07,山东,6499462928,1enchanted1,https://weibo.com/u/6499462928
5302445874877349,转发微博,2026-05-26 11:51:18,江苏,7439452045,布浆栗猫,https://weibo.com/u/7439452045
5302445874877349,Repost,2026-05-26 11:50:23,天津,6992408150,u1traw00d5,https://weibo.com/u/6992408150
5302445874877349,潮湿性恋爱病大学是人生的暑假吗那我应该是中暑了,2026-05-26 11:49:49,陕西,6254299052,如果天空不再降雨,https://weibo.com/u/6254299052
5302445874877349,潮湿性恋爱病大学是人生的暑假吗那我应该是中暑了,2026-05-26 11:46:57,陕西,6046831292,这不是eeelll,https://weibo.com/u/6046831292
5302445874877349,转发微博,2026-05-26 11:44:50,天津,7304711614,解不開的心結就係成蝴蝶結,https://weibo.com/u/7304711614
5302445874877349,转发微博,2026-05-26 11:44:40,云南,7813204468,Summer彦汛,https://weibo.com/u/7813204468
5302445874877349,哦哦哦,2026-05-26 11:44:29,湖北,6513032014,而你可苡不用回答,https://weibo.com/u/6513032014
5302445874877349,笑得,2026-05-26 11:44:11,江苏,7215244130,onnaatnas,https://weibo.com/u/7215244130
5302445874877349,操,2026-05-26 11:44:02,四川,7500033805,你也喜欢芹菜炒牛肉吗,https://weibo.com/u/7500033805
5302445874877349,转发微博,2026-05-26 11:43:04,湖南,7649195267,江拟Camiora,https://weibo.com/u/7649195267
5302445874877349,转发微博,2026-05-26 11:42:05,四川,7926307201,不要在意一些垃圾话,https://weibo.com/u/7926307201
5302445874877349,潮湿性恋爱病大学是人生的暑假吗那我应该是中暑了,2026-05-26 11:41:37,福建,7413129540,愤怒的农村入1,https://weibo.com/u/7413129540
5302445874877349,轉發微博,2026-05-26 11:40:08,广东,6615210784,长官今天不在,https://weibo.com/u/6615210784
5302445874877349,转发微博,2026-05-26 11:38:53,河南,7645007801,有一定的得意洋洋一点点的yyd,https://weibo.com/u/7645007801
5302445874877349,转发微博,2026-05-26 11:38:45,广西,7602070798,Abyssadin,https://weibo.com/u/7602070798
5302445874877349,潮湿性恋爱病大学是人生的暑假吗那我应该是中暑了,2026-05-26 11:38:16,江苏,7776284400,毛茸茸依赖症,https://weibo.com/u/7776284400
5302445874877349,转发微博,2026-05-26 11:37:12,浙江,7000783346,刘文祥梦女,https://weibo.com/u/7000783346
5302445874877349,转发微博,2026-05-26 11:36:46,山东,7425935531,我在刷剧呢,https://weibo.com/u/7425935531
5302445874877349,轉發微博,2026-05-26 11:36:25,广东,7798566752,捡到小狗不要丢,https://weibo.com/u/7798566752
5302445874877349,转发微博,2026-05-26 11:36:00,天津,7780582683,睡觉去噜_,https://weibo.com/u/7780582683
5302445874877349,转发微博,2026-05-26 11:35:53,天津,7948332693,可可蕾里,https://weibo.com/u/7948332693
5302445874877349,转发微博,2026-05-26 11:34:10,河南,7952363041,CelesteManglyeong,https://weibo.com/u/7952363041
5302445874877349,转发微博,2026-05-26 11:33:52,福建,5749061782,S_Yuaj-ovo,https://weibo.com/u/5749061782
5302445874877349,转发微博,2026-05-26 11:33:32,江苏,7785667779,怎么好像有一阵风说他懂我的梦,https://weibo.com/u/7785667779
5302445874877349,转发微博,2026-05-26 11:33:30,山东,6447227913,转生momo,https://weibo.com/u/6447227913
5302445874877349,转发微博,2026-05-26 11:31:43,福建,6644427005,桃隐乌龙酱,https://weibo.com/u/6644427005
5302445874877349,转发微博,2026-05-26 11:31:13,福建,7160701942,玥玥熙熙熙,https://weibo.com/u/7160701942
5302445874877349,转发微博,2026-05-26 11:29:30,广西,6894700346,西八区又怎之狗,https://weibo.com/u/6894700346
5302445874877349,转发微博,2026-05-26 11:26:24,天津,5289491579,原来天使是只兔子,https://weibo.com/u/5289491579
5302445874877349,转发微博,2026-05-26 11:23:03,天津,6629728261,吃点草莓蛋糕_,https://weibo.com/u/6629728261
5302445874877349,转发微博,2026-05-26 11:21:27,福建,6037956911,料理薯小厨224_,https://weibo.com/u/6037956911
5302445874877349,2021年12月13日转发微博,2026-05-26 11:21:24,河南,7444692250,鳥要飛向遠方嗎,https://weibo.com/u/7444692250
5302445874877349,转发微博,2026-05-26 11:21:20,天津,7800194068,明明随便叫什么都好吧,https://weibo.com/u/7800194068
5302445874877349,转发微博,2026-05-26 11:20:42,四川,7361018747,好像不是lee,https://weibo.com/u/7361018747
5302445874877349,转发微博,2026-05-26 11:19:58,广东,7998784416,直到落下溫熱的吻,https://weibo.com/u/7998784416
5302445874877349,潮湿性恋爱病大学是人生的暑假吗那我应该是中暑了,2026-05-26 11:19:05,黑龙江,5828542448,先恰饭哦,https://weibo.com/u/5828542448
5302445874877349,战战战我杀杀杀,2026-05-26 11:19:00,河北,7936271484,给你们所有人一拳,https://weibo.com/u/7936271484
5302445874877349,此刻心情,2026-05-26 11:18:35,江西,6645168373,盐颗粒甲板,https://weibo.com/u/6645168373
5302445874877349,转发微博,2026-05-26 11:18:23,上海,7768519546,Yuaajik,https://weibo.com/u/7768519546
5302445874877349,壳郎s7我不行了,2026-05-26 11:17:33,广东,5529768697,PuppyHalo_O,https://weibo.com/u/5529768697
5302445874877349,我不行了,2026-05-26 11:17:07,河南,7255634630,壳郎s7,https://weibo.com/u/7255634630
5302445874877349,越水渡_转发微博,2026-05-26 11:17:00,重庆,6797257619,戀汞癖,https://weibo.com/u/6797257619
5302445874877349,转发微博,2026-05-26 11:15:42,上海,5261246404,越水渡_,https://weibo.com/u/5261246404
5302445874877349,转发微博,2026-05-26 11:15:31,北京,5622718845,亦是梦中人opk,https://weibo.com/u/5622718845
5302445874877349,孤灯未曾眠转发微博,2026-05-26 11:15:27,辽宁,7285632945,吹风厨,https://weibo.com/u/7285632945
5302445874877349,转发微博,2026-05-26 11:14:42,河南,7224081095,imchanyeol,https://weibo.com/u/7224081095
5302445874877349,转发微博,2026-05-26 11:14:21,重庆,6070986255,石见-,https://weibo.com/u/6070986255
5302445874877349,轉發微博,2026-05-26 11:13:54,山东,6962604367,我沒想過哭,https://weibo.com/u/6962604367
5302445874877349,转发微博,2026-05-26 11:12:46,广东,7204966198,天使兔猫主义,https://weibo.com/u/7204966198
5302445874877349,111,2026-05-26 11:11:11,四川,7936008599,我爱火鸡面爱到疯癫,https://weibo.com/u/7936008599
5302445874877349,[泪奔],2026-05-26 11:11:06,福建,5892811757,南风叙言意,https://weibo.com/u/5892811757
5302445874877349,转发微博,2026-05-26 11:10:45,江西,7911479237,kenqiana喵,https://weibo.com/u/7911479237
5302445874877349,转发微博,2026-05-26 11:10:35,海南,6699030513,xkwondiok,https://weibo.com/u/6699030513
5302445874877349,是我的地狱,2026-05-26 11:07:20,广东,2440437015,京少驴,https://weibo.com/u/2440437015
5302445874877349,转发微博,2026-05-26 11:05:11,山东,7298733151,四次方程_,https://weibo.com/u/7298733151
5302445874877349,现在我在课上也是要中暑了,2026-05-26 11:04:59,福建,7491268565,快乐的飞虻_1231,https://weibo.com/u/7491268565
5302445874877349,多愛你就會抱你多緊了如果大学是人生的暑假那么我中暑了,2026-05-26 11:04:35,江苏,8464374053,似乎在等待命運砸向我,https://weibo.com/u/8464374053
5302445874877349,我先游走了再见转发微博,2026-05-26 11:02:43,河南,7822091197,全世界最后一个梦女,https://weibo.com/u/7822091197
5302445874877349,蒽,2026-05-26 10:57:23,福建,5860114420,X_OmO_X-,https://weibo.com/u/5860114420
5302445874877349,转发微博,2026-05-26 10:57:11,河北,7740731493,请给我一个准确的性取向_,https://weibo.com/u/7740731493
5302445874877349,嗯对五月对我好一点,2026-05-26 10:56:49,山东,7378004580,余舟一叶-,https://weibo.com/u/7378004580
5302445874877349,潮湿性恋爱病大学是人生的暑假吗那我应该是中暑了,2026-05-26 10:53:11,四川,6741608311,沙发长出猫,https://weibo.com/u/6741608311
5302445874877349,,2026-05-26 10:53:06,天津,7398184248,好老公你别卖了,https://weibo.com/u/7398184248
5302445874877349,转发微博,2026-05-26 10:52:02,广东,6611305103,港山红豆ooxx,https://weibo.com/u/6611305103
5302445874877349,帥到被人闞转发微博,2026-05-26 10:51:26,黑龙江,7291144703,不放句号了,https://weibo.com/u/7291144703
5302445874877349,转发微博,2026-05-26 10:49:19,江西,7765713879,反冬鸠_,https://weibo.com/u/7765713879
5302445874877349,转发微博,2026-05-26 10:47:32,浙江,7311758568,小完能超万能,https://weibo.com/u/7311758568
5302445874877349,潮湿性恋爱病大学是人生的暑假吗那我应该是中暑了,2026-05-26 10:46:59,河南,7602377302,小鹿宝宝在睡觉,https://weibo.com/u/7602377302
5302445874877349,转发微博,2026-05-26 10:46:33,江西,7552268478,只是路_过__,https://weibo.com/u/7552268478
5302445874877349,转发微博,2026-05-26 10:45:54,吉林,7811529172,我先游走了再见,https://weibo.com/u/7811529172
5302445874877349,潮湿性恋爱病大学是人生的暑假吗那我应该是中暑了,2026-05-26 10:45:35,江苏,6567467671,磨叽小伙伴,https://weibo.com/u/6567467671
5302445874877349,转发微博,2026-05-26 10:44:44,四川,6539700306,四月是数学考试的谎言_,https://weibo.com/u/6539700306
5302445874877349,转发微博,2026-05-26 10:44:01,广东,7903306108,我的ID是金浦美人,https://weibo.com/u/7903306108
5302445874877349,转发微博,2026-05-26 10:43:06,浙江,8005766175,點鴨點到在外做零的島櫻,https://weibo.com/u/8005766175
5302445874877349,转发微博,2026-05-26 10:42:46,上海,6450975032,同学别tour我欧巴,https://weibo.com/u/6450975032
5302445874877349,那我中暑了潮湿性恋爱病大学是人生的暑假吗那我应该是中暑了,2026-05-26 10:41:55,江苏,8004146479,今夜我在马孔多,https://weibo.com/u/8004146479
5302445874877349,转发微博,2026-05-26 10:41:15,广东,6533172280,气泡反应堆,https://weibo.com/u/6533172280
5302445874877349,如果大学是人生的暑假那么我中暑了,2026-05-26 10:40:31,北京,6262464209,多愛你就會抱你多緊了,https://weibo.com/u/6262464209
5302445874877349,转发微博,2026-05-26 10:40:13,福建,7789110268,仲夏日许下的最后誓言,https://weibo.com/u/7789110268
5302445874877349,转发微博,2026-05-26 10:37:18,湖北,7933042273,雨歇初霁,https://weibo.com/u/7933042273
5302445874877349,转发微博,2026-05-26 10:37:08,江苏,5687373298,Hikkariiiiio,https://weibo.com/u/5687373298
5302445874877349,危险游戏,2026-05-26 10:36:20,江苏,7386304044,炸毛AD,https://weibo.com/u/7386304044
5302445874877349,转发微博,2026-05-26 10:35:16,四川,5928381382,白日梦想家缘,https://weibo.com/u/5928381382
5302445874877349,我暑假进厂了,2026-05-26 10:34:48,辽宁,8449374152,二锤婶,https://weibo.com/u/8449374152
5302445874877349,Repost,2026-05-26 10:33:38,山东,5660414693,在你湿润的泪眼里停留着一瞥,https://weibo.com/u/5660414693
5302445874877349,你们就继续大学是人生的暑假吧,2026-05-26 10:31:13,海南,5546836057,我儿是天才小画家,https://weibo.com/u/5546836057
5302445874877349,Repost,2026-05-26 10:29:34,日本,7872800838,Puppyuika_0u0,https://weibo.com/u/7872800838
5302445874877349,宣告春天雪是春的保護色_转发微博,2026-05-26 10:28:41,河南,7670435576,绝望的猪饲料经销商,https://weibo.com/u/7670435576
5302445874877349,Repost,2026-05-26 10:26:36,北京,6045926704,我真没话讲_,https://weibo.com/u/6045926704
5302445874877349,转发微博,2026-05-26 10:26:22,陕西,7845462570,客魂消-,https://weibo.com/u/7845462570
5302445874877349,雪是春的保護色_转发微博,2026-05-26 10:24:18,北京,7793386454,--宣告春天--,https://weibo.com/u/7793386454
5302445874877349,转发微博,2026-05-26 10:22:28,辽宁,6748554595,雪是春的保護色_,https://weibo.com/u/6748554595
5302445874877349,大师我悟了潮湿性恋爱病大学是人生的暑假吗那我应该是中暑了,2026-05-26 10:22:07,重庆,7677676466,恶心兔了19,https://weibo.com/u/7677676466
5302445874877349,Repost,2026-05-26 10:22:02,安徽,6313134113,-Matsui-,https://weibo.com/u/6313134113
5302445874877349,反正我是女儿奴焦鼠烤布蕾找到回忆就有再次相遇的理由荷尔拜因冬月大转发微博,2026-05-26 10:20:55,福建,5744164337,-长河无声奔去-,https://weibo.com/u/5744164337
5302445874877349,转发微博,2026-05-26 10:20:13,新疆,7975741731,你把我藏在暗处_1912,https://weibo.com/u/7975741731
5302445874877349,转发微博,2026-05-26 10:20:00,湖北,7400438039,而我却虚度美年,https://weibo.com/u/7400438039
5302445874877349,转发微博,2026-05-26 10:19:41,山东,2133524793,PierceWind,https://weibo.com/u/2133524793
5302445874877349,潮湿性恋爱病大学是人生的暑假吗那我应该是中暑了,2026-05-26 10:19:16,黑龙江,6670418794,认识我的人不要和我说话,https://weibo.com/u/6670418794
5302445874877349,转发微博,2026-05-26 10:16:55,山东,4018650816,前途一片喵呜,https://weibo.com/u/4018650816
5302445874877349,转发微博,2026-05-26 10:16:29,广西,7885629345,关于养猫我是个新手qaq,https://weibo.com/u/7885629345
5302445874877349,转发微博,2026-05-26 10:16:09,湖南,7173170795,绥挽岁,https://weibo.com/u/7173170795
5302445874877349,[泪奔]潮湿性恋爱病大学是人生的暑假吗那我应该是中暑了,2026-05-26 10:14:32,湖北,7857351387,谁惹我了原地升天,https://weibo.com/u/7857351387
5302445874877349,转发微博,2026-05-26 10:14:14,甘肃,5717208571,我就是命好啊-,https://weibo.com/u/5717208571
5302445874877349,转发微博,2026-05-26 10:14:05,河北,7443279780,神圣萝卜种大地,https://weibo.com/u/7443279780
5302445874877349,转发微博,2026-05-26 10:10:52,山西,7275985573,-Aubreyyyy,https://weibo.com/u/7275985573
5302445874877349,转发微博,2026-05-26 10:09:56,山东,7898581893,圆圆圆二言,https://weibo.com/u/7898581893
5302445874877349,转发微博,2026-05-26 10:09:16,广东,7418636727,找到热岛,https://weibo.com/u/7418636727
5302445874877349,没这么好玩,2026-05-26 10:07:56,四川,6716723644,--落星--,https://weibo.com/u/6716723644
5302445874877349,轉發微博,2026-05-26 10:07:11,广西,7416204513,ZiiY_L,https://weibo.com/u/7416204513
5302445874877349,潮湿性恋爱病大学是人生的暑假吗那我应该是中暑了,2026-05-26 10:06:33,江苏,6594810644,san山药,https://weibo.com/u/6594810644
5302445874877349,转发微博,2026-05-26 10:06:26,山东,7850949718,小象TwT,https://weibo.com/u/7850949718
5302445874877349,[捂嘴哭][捂嘴哭],2026-05-26 10:05:12,山东,7249589430,诶希哒,https://weibo.com/u/7249589430
5302445874877349,潮湿性恋爱病大学是人生的暑假吗那我应该是中暑了,2026-05-26 10:04:41,山西,6569073493,等一缕光找到花瓶的缺口,https://weibo.com/u/6569073493
5302445874877349,Repost,2026-05-26 10:04:31,英国,5692754598,无法动脑思考之人,https://weibo.com/u/5692754598
5302445874877349,我应该是中暑了,2026-05-26 10:03:33,河北,9046408541,如果我說夢的意義,https://weibo.com/u/9046408541
5302445874877349,恐怖游轮,2026-05-26 10:03:16,北京,7454689789,6月14日出走月球事件,https://weibo.com/u/7454689789
5302445874877349,卧槽啊潮湿性恋爱病大学是人生的暑假吗那我应该是中暑了,2026-05-26 10:02:47,天津,7817774388,j萌_k兔,https://weibo.com/u/7817774388
5302445874877349,转发微博,2026-05-26 09:59:37,北京,7975275632,黑夜里的热带鱼,https://weibo.com/u/7975275632
5302445874877349,哦哦潮湿性恋爱病大学是人生的暑假吗那我应该是中暑了,2026-05-26 09:59:12,四川,6537926346,小鹅喵喵屋,https://weibo.com/u/6537926346
5302445874877349,找到回忆就有再次相遇的理由荷尔拜因冬月大转发微博,2026-05-26 09:58:15,湖北,6112571346,给点虾堡,https://weibo.com/u/6112571346
5302445874877349,焦鼠烤布蕾找到回忆就有再次相遇的理由荷尔拜因冬月大转发微博,2026-05-26 09:58:01,湖北,7979162319,反正我是女儿奴,https://weibo.com/u/7979162319
5302445874877349,转发微博,2026-05-26 09:56:24,山西,7949270121,Owl-89,https://weibo.com/u/7949270121
5302445874877349,哦哦这样潮湿性恋爱病大学是人生的暑假吗那我应该是中暑了,2026-05-26 09:55:16,河南,7765568080,掉入茶碗的花瓣是否漾起涟漪,https://weibo.com/u/7765568080
5302445874877349,转发微博,2026-05-26 09:54:14,安徽,7797767841,馒豆大王,https://weibo.com/u/7797767841
5302445874877349,潮湿性恋爱病大学是人生的暑假吗那我应该是中暑了,2026-05-26 09:53:40,天津,6881949929,冬櫻早春時_,https://weibo.com/u/6881949929
5302445874877349,[太开心],2026-05-26 09:53:40,安徽,6588907236,霍格沃滋醒你,https://weibo.com/u/6588907236
5302445874877349,转发微博,2026-05-26 09:53:34,河北,6124936377,夏季芭乐沙丶,https://weibo.com/u/6124936377
5302445874877349,焦鼠烤布蕾找到回忆就有再次相遇的理由荷尔拜因冬月大转发微博,2026-05-26 09:52:41,北京,8355374902,我祝福你的整个人生,https://weibo.com/u/8355374902
5302445874877349,嗯嗯,2026-05-26 09:50:02,广东,7609427656,小猫布甸,https://weibo.com/u/7609427656
5302445874877349,转发微博,2026-05-26 09:49:44,内蒙古,7439705512,LTK77W,https://weibo.com/u/7439705512
5302445874877349,转发微博,2026-05-26 09:48:50,辽宁,5880801661,清明回农村在雨中忧郁喂鸡,https://weibo.com/u/5880801661
5302445874877349,Repost,2026-05-26 09:48:35,韩国,7921335679,误食褪黑素,https://weibo.com/u/7921335679
5302445874877349,找到回忆就有再次相遇的理由荷尔拜因冬月大转发微博,2026-05-26 09:48:27,宁夏,7878023322,焦鼠烤布蕾,https://weibo.com/u/7878023322
5302445874877349,Repost,2026-05-26 09:48:05,上海,7923207937,momoMello_030,https://weibo.com/u/7923207937
5302445874877349,转发微博,2026-05-26 09:47:08,山东,7941133540,就不要谈论什么炸猪排,https://weibo.com/u/7941133540
5302445874877349,转发微博,2026-05-26 09:46:36,浙江,6615013722,老师我好想睡觉啊,https://weibo.com/u/6615013722
5302445874877349,转发微博,2026-05-26 09:46:03,四川,6495785669,和金智秀do到失禁a,https://weibo.com/u/6495785669
5302445874877349,转发微博,2026-05-26 09:45:56,山东,7937171879,小鼠极黏法,https://weibo.com/u/7937171879
5302445874877349,Repost,2026-05-26 09:45:50,广西,5717398402,月山芙蓉,https://weibo.com/u/5717398402
5302445874877349,转发微博,2026-05-26 09:44:58,江西,6471152477,超级无敌幸福幸运的,https://weibo.com/u/6471152477
5302445874877349,转发微博,2026-05-26 09:44:58,辽宁,6882363788,错乱的心跳是你的影子吗,https://weibo.com/u/6882363788
5302445874877349,好累潮湿性恋爱病大学是人生的暑假吗那我应该是中暑了,2026-05-26 09:44:28,福建,8010900522,吃圆饼_,https://weibo.com/u/8010900522
5302445874877349,[爱你],2026-05-26 09:44:28,陕西,5532170970,你的摩尔曼斯克,https://weibo.com/u/5532170970
5302445874877349,对,2026-05-26 09:44:14,湖南,6582630989,布讲栗猫猫王,https://weibo.com/u/6582630989
5302445874877349,转发微博,2026-05-26 09:44:04,北京,7846808924,我想純粹地此刻,https://weibo.com/u/7846808924
5302445874877349,潮湿性恋爱病大学是人生的暑假吗那我应该是中暑了,2026-05-26 09:43:50,广东,7776392755,_QQ没寐_,https://weibo.com/u/7776392755
5302445874877349,[泪奔][泪奔][泪奔],2026-05-26 09:41:34,广东,6045827372,wuchun0409,https://weibo.com/u/6045827372
5302445874877349,潮湿性恋爱病大学是人生的暑假吗那我应该是中暑了,2026-05-26 09:37:52,江西,7808408889,而我是否会回到故乡,https://weibo.com/u/7808408889
5302445874877349,转发微博,2026-05-26 09:37:23,贵州,6004494207,蛋糕吃完就睡,https://weibo.com/u/6004494207
5302445874877349,转发微博,2026-05-26 09:36:18,湖北,4071716641,四宫宁月之母,https://weibo.com/u/4071716641
5302445874877349,转发微博,2026-05-26 09:35:41,广东,7451008304,Fuukiki,https://weibo.com/u/7451008304
5302445874877349,转发微博,2026-05-26 09:34:44,浙江,8019953377,你打下的文字只是你以为,https://weibo.com/u/8019953377
5302445874877349,转发微博,2026-05-26 09:33:54,湖北,7976936986,梅子黄又时雨,https://weibo.com/u/7976936986
5302445874877349,转发微博,2026-05-26 09:33:50,陕西,5880293676,我真的烦死了啊啊啊啊,https://weibo.com/u/5880293676
5302445874877349,荷尔拜因冬月大转发微博,2026-05-26 09:33:34,天津,6736627392,找到回忆就有再次相遇的理由,https://weibo.com/u/6736627392
5302445874877349,转发微博,2026-05-26 09:33:09,湖北,7771688353,Melody思嘉,https://weibo.com/u/7771688353
5302445874877349,转发微博,2026-05-26 09:31:57,辽宁,7926810228,特雾兎two,https://weibo.com/u/7926810228
5302445874877349,潮湿性恋爱病大学是人生的暑假吗那我应该是中暑了,2026-05-26 09:31:42,辽宁,7065577174,-Demon_陌柠,https://weibo.com/u/7065577174
5302445874877349,轉發微博,2026-05-26 09:30:31,江苏,7627279672,举世无双霸王龙,https://weibo.com/u/7627279672
5302445874877349,请让我拥有你失去的时间转发微博,2026-05-26 09:29:59,山东,7413248808,莫名豹躁,https://weibo.com/u/7413248808
5302445874877349,转发微博,2026-05-26 09:29:18,山东,6570633022,冬天的人像神祗一样走来_,https://weibo.com/u/6570633022
5302445874877349,轉發微博,2026-05-26 09:28:36,广东,4022817337,手心长出纠缠的曲线_,https://weibo.com/u/4022817337
5302445874877349,你们就继续大学是人生的暑假吧大学是我人生的一战二战罗马斗兽场疯人院奥斯维辛阿兹卡班失乐园永冻土五指山围城鬼打墙无限循环死胡同回声室饥饿游戏,2026-05-26 09:27:52,河北,7870613973,AAA非凡特性批发_现点现杀,https://weibo.com/u/7870613973
5302445874877349,转发微博,2026-05-26 09:26:01,河南,6186033113,赫敏格兰杰linda,https://weibo.com/u/6186033113
5302445874877349,转发微博,2026-05-26 09:19:39,辽宁,6305040588,我是自嘲熊大王,https://weibo.com/u/6305040588
5302445874877349,荷尔拜因冬月大转发微博,2026-05-26 09:19:15,北京,1870641353,溺水水母厨玩微博,https://weibo.com/u/1870641353
5302445874877349,转发微博,2026-05-26 09:18:47,北京,6749650812,春日记仇本,https://weibo.com/u/6749650812
5302445874877349,转发微博,2026-05-26 09:18:14,吉林,7550852223,荷尔拜因冬月大,https://weibo.com/u/7550852223
5302445874877349,转发微博,2026-05-26 09:17:49,安徽,6389369868,Witka_palbatros,https://weibo.com/u/6389369868
5302445874877349,大学是我人生的一战二战罗马斗兽场疯人院奥斯维辛阿兹卡班失乐园永冻土五指山围城鬼打墙无限循环死胡同回声室饥饿游戏,2026-05-26 09:17:46,四川,5977935991,noturningbird,https://weibo.com/u/5977935991
5302445874877349,,2026-05-26 09:15:51,甘肃,7400132946,你别醪糟了,https://weibo.com/u/7400132946
5302445874877349,转发微博,2026-05-26 09:15:48,江西,6460677412,鲁珀老大异拉罐,https://weibo.com/u/6460677412
5302445874877349,对请让我拥有你失去的时间转发微博,2026-05-26 09:15:27,浙江,7997931216,天生命好女,https://weibo.com/u/7997931216
5302445874877349,转发微博,2026-05-26 09:15:02,天津,6267665189,观音山大鼠,https://weibo.com/u/6267665189
5302445874877349,转发微博,2026-05-26 09:14:44,江苏,7207288236,绿发厨_,https://weibo.com/u/7207288236
5302445874877349,转发微博,2026-05-26 09:11:16,四川,6358833284,请让我拥有你失去的时间,https://weibo.com/u/6358833284
5302445874877349,转发微博,2026-05-26 09:10:18,江西,5985595421,错综而循环的圆是注定而无尽的缘,https://weibo.com/u/5985595421
5302445874877349,转发微博,2026-05-26 09:07:45,山西,7778293029,唯有痛苦将我们相连,https://weibo.com/u/7778293029
5302445874877349,滚啊这个臭大学[白眼][流汗],2026-05-26 09:05:28,广东,7272631644,xintt02,https://weibo.com/u/7272631644
5302445874877349,转发微博,2026-05-26 09:05:12,山东,7455314124,to5ke-i8ki-ri4ku-zu-,https://weibo.com/u/7455314124
5302445874877349,转发微博,2026-05-26 09:04:34,江苏,6457568385,想哭的我戴上了小狗面具,https://weibo.com/u/6457568385
5302445874877349,转发微博,2026-05-26 09:04:06,湖北,8016872498,请给我的生活加糖谢谢,https://weibo.com/u/8016872498
5302445874877349,,2026-05-26 09:02:08,河北,5940860133,宰父想罩宰父只,https://weibo.com/u/5940860133
5302445874877349,转发微博,2026-05-26 09:01:23,湖南,7900857813,续写TuT,https://weibo.com/u/7900857813
5302445874877349,对,2026-05-26 09:00:21,北京,7340317143,n1cho1e,https://weibo.com/u/7340317143
5302445874877349,转发微博,2026-05-26 08:59:30,山东,9006176617,R3w1nd,https://weibo.com/u/9006176617
5302445874877349,Repost,2026-05-26 08:59:03,山西,7148896179,九號線絵空事,https://weibo.com/u/7148896179
5302445874877349,转发微博,2026-05-26 08:58:02,辽宁,6815239620,愛被回憶堆疊,https://weibo.com/u/6815239620
5302445874877349,移动迷宫概念,2026-05-26 08:56:31,北京,6508450447,再说也,https://weibo.com/u/6508450447
5302445874877349,转发微博,2026-05-26 08:51:22,福建,7644432645,Vanilla_Wishes_,https://weibo.com/u/7644432645
5302445874877349,和意为,2026-05-26 08:48:57,广东,6342162754,易珂訫,https://weibo.com/u/6342162754
5302445874877349,轉發微博,2026-05-26 08:48:00,湖北,7018045250,可他只是一只饺志,https://weibo.com/u/7018045250
5302445874877349,转发微博,2026-05-26 08:47:12,广西,7811231859,吃不吃番茄猫,https://weibo.com/u/7811231859
5302445874877349,转发微博,2026-05-26 08:45:48,河北,4000478418,梨美帝远点,https://weibo.com/u/4000478418
5302445874877349,转发微博,2026-05-26 08:45:14,江苏,7843969977,珉孝女锐郁_蛇骨钉草莓咪,https://weibo.com/u/7843969977
5302445874877349,我特么潮湿性恋爱病大学是人生的暑假吗那我应该是中暑了,2026-05-26 08:43:49,陕西,8471097455,Sternstunde--011,https://weibo.com/u/8471097455
5302445874877349,更累无法选中用户甲我大学和高中疲惫程度没差,2026-05-26 08:41:31,湖北,8012751815,虔颂旻悯,https://weibo.com/u/8012751815
5302445874877349,我大学和高中疲惫程度没差,2026-05-26 08:40:58,湖北,7944517130,无法选中用户甲,https://weibo.com/u/7944517130
5302445874877349,转发微博,2026-05-26 08:39:28,湖南,6050095984,弦卷心厨,https://weibo.com/u/6050095984
5302445874877349,略死潮湿性恋爱病大学是人生的暑假吗那我应该是中暑了,2026-05-26 08:37:58,山东,7650674858,coin怪怪,https://weibo.com/u/7650674858
5302445874877349,潮湿性恋爱病大学是人生的暑假吗那我应该是中暑了,2026-05-26 08:34:50,上海,7808329900,世界的尽头不用买单,https://weibo.com/u/7808329900
5302445874877349,转发微博,2026-05-26 08:33:34,山西,7651165990,Lv4_酱油味红枣糕点师,https://weibo.com/u/7651165990
5302445874877349,潮湿性恋爱病大学是人生的暑假吗那我应该是中暑了,2026-05-26 08:33:29,广东,5999275748,不会取名能怎么办,https://weibo.com/u/5999275748
5302445874877349,转发微博,2026-05-26 08:33:09,浙江,5729211016,女鬼一,https://weibo.com/u/5729211016
5302445874877349,转发微博,2026-05-26 08:32:10,江西,7486639434,桃小枝__,https://weibo.com/u/7486639434
5302445874877349,转发微博,2026-05-26 08:28:20,江西,8352799126,江枫摇落满庭秋声,https://weibo.com/u/8352799126
5302445874877349,转发微博,2026-05-26 08:28:19,山东,7649728148,收录喜欢,https://weibo.com/u/7649728148
5302445874877349,转发微博,2026-05-26 08:20:40,山东,8006065603,用户8006065603,https://weibo.com/u/8006065603
5302445874877349,转发微博,2026-05-26 08:19:07,广东,7075730066,串串香鱿鱼,https://weibo.com/u/7075730066
5302445874877349,elimina9molH2属于我的罗马斗兽场已经找到,2026-05-26 08:17:00,湖南,7946675412,我要喝经典原味,https://weibo.com/u/7946675412
5302445874877349,属于我的罗马斗兽场已经找到,2026-05-26 08:15:54,北京,6556359895,elimina9molH2,https://weibo.com/u/6556359895
5302445874877349,野蛮游戏love没人被赦免,2026-05-26 08:13:17,江苏,7026561845,-晕晕循环,https://weibo.com/u/7026561845
5302445874877349,转发微博,2026-05-26 08:08:22,陕西,7446956013,Ibkbk,https://weibo.com/u/7446956013
5302445874877349,转发微博,2026-05-26 08:07:36,湖南,5879480604,雨隐雾115,https://weibo.com/u/5879480604
5302445874877349,转发微博,2026-05-26 08:06:36,河北,9176935285,最后幸福-,https://weibo.com/u/9176935285
5302445874877349,转发微博,2026-05-26 08:04:44,江苏,5674542418,来吧246046242526,https://weibo.com/u/5674542418
5302445874877349,转发微博,2026-05-26 08:01:12,浙江,7374940750,殺死一只知更鸟_O,https://weibo.com/u/7374940750
5302445874877349,转发微博,2026-05-26 07:57:54,江苏,5665932313,静猴节假目,https://weibo.com/u/5665932313
5302445874877349,转发微博,2026-05-26 07:57:44,广东,7906070591,恋健齿笑,https://weibo.com/u/7906070591
5302445874877349,此用户是小兔椰子樹理学潮湿性恋爱病大学是人生的暑假吗那我应该是中暑了,2026-05-26 07:53:08,湖北,6273938728,柒柒bye,https://weibo.com/u/6273938728
5302445874877349,转发微博,2026-05-26 07:52:50,山东,7426651372,念己身,https://weibo.com/u/7426651372
5302445874877349,转发微博,2026-05-26 07:52:44,江苏,8004356964,JustUwait,https://weibo.com/u/8004356964
5302445874877349,潮湿性恋爱病大学是人生的暑假吗那我应该是中暑了,2026-05-26 07:51:54,上海,7821307357,恰逢雪霁_Snouen,https://weibo.com/u/7821307357
5302445874877349,椰子樹理学潮湿性恋爱病大学是人生的暑假吗那我应该是中暑了,2026-05-26 07:49:41,江苏,7510359544,此用户是小兔,https://weibo.com/u/7510359544
5302445874877349,潮湿性恋爱病大学是人生的暑假吗那我应该是中暑了,2026-05-26 07:49:30,上海,7258440937,椰子樹理学,https://weibo.com/u/7258440937
5302445874877349,转发微博,2026-05-26 07:48:00,山东,6989469353,PearlsonIce,https://weibo.com/u/6989469353
5302445874877349,转发微博,2026-05-26 07:35:41,上海,7375524938,蓝天起不出名,https://weibo.com/u/7375524938
5302445874877349,我上学,2026-05-26 07:29:44,吉林,6928048871,老公不在家追星解闷-Y,https://weibo.com/u/6928048871
5302445874877349,转发微博,2026-05-26 07:24:33,山东,7543849853,妹比花匠,https://weibo.com/u/7543849853
5302445874877349,转发微博,2026-05-26 07:18:46,湖南,7401486872,-丁叮叮叮-,https://weibo.com/u/7401486872
5302445874877349,转发微博,2026-05-26 07:18:14,韩国,8239007431,馒已急哭,https://weibo.com/u/8239007431
5302445874877349,是恐怖游轮王菲地球唯一心肝全世界只有你能做1我说真的潮湿性恋爱病大学是人生的暑假吗那我应该是中暑了,2026-05-26 06:09:21,广西,5516143239,请实现吧,https://weibo.com/u/5516143239
5302445874877349,_只是为什么眼泪会流我也不懂转发微博,2026-05-26 05:27:16,海南,7947085220,我讨厌雨_,https://weibo.com/u/7947085220
5302445874877349,转发微博,2026-05-26 05:04:02,美国,7035114368,乌龙茶上瘾者,https://weibo.com/u/7035114368
5302445874877349,老师你看到我双截棍了吗转发微博,2026-05-26 04:01:56,广东,5551486742,Lu页琴史,https://weibo.com/u/5551486742
5302445874877349,转发微博,2026-05-26 03:50:33,辽宁,6592991352,勤劳的农村入777,https://weibo.com/u/6592991352
5302445874877349,转发微博,2026-05-26 03:44:14,北京,7902256080,子明在这呢_,https://weibo.com/u/7902256080
5302445874877349,summary,2026-05-26 03:37:45,湖北,7766017640,rremindsme,https://weibo.com/u/7766017640
5302445874877349,不过以前也没好过,2026-05-26 03:33:08,上海,1533405111,山东黑豹188,https://weibo.com/u/1533405111
5302445874877349,转发微博,2026-05-26 03:26:11,江苏,4029992104,早上枣呀-3-,https://weibo.com/u/4029992104
5302445874877349,转发微博,2026-05-26 03:11:18,山东,6382230763,唱著連系起你我的手的詩,https://weibo.com/u/6382230763
5302445874877349,转发微博,2026-05-26 03:10:33,广东,7976804970,呆萌爱猪女,https://weibo.com/u/7976804970
5302445874877349,转发微博,2026-05-26 02:54:43,河北,6156199597,感冒拜拜药药加油,https://weibo.com/u/6156199597
5302445874877349,1,2026-05-26 02:47:42,江苏,7858067795,恩的小羊叫小狗,https://weibo.com/u/7858067795
5302445874877349,转发微博,2026-05-26 02:42:41,广东,7415543038,藤阳_,https://weibo.com/u/7415543038
5302445874877349,转发微博,2026-05-26 02:41:43,安徽,5826013348,骑白马喝可乐kkid,https://weibo.com/u/5826013348
5302445874877349,我特么没话说了,2026-05-26 02:41:06,上海,7994750176,不迷路天才,https://weibo.com/u/7994750176
5302445874877349,转发微博,2026-05-26 02:26:38,湖北,7030761305,澳澳珍心话,https://weibo.com/u/7030761305
5302445874877349,轉發微博,2026-05-26 02:25:37,甘肃,7778828120,肆伍不画画不嗑cp,https://weibo.com/u/7778828120
5302445874877349,对,2026-05-26 02:21:33,山西,7406450891,我的名字怎么又没了,https://weibo.com/u/7406450891
5302445874877349,转发微博,2026-05-26 02:15:30,浙江,7745887304,水土不服怎么办,https://weibo.com/u/7745887304
5302445874877349,转发微博,2026-05-26 02:13:05,广东,7986324703,24小时倾听貌美长发男的原生家庭,https://weibo.com/u/7986324703
5302445874877349,转发微博,2026-05-26 02:07:44,安徽,7891749697,看到请提醒我快去学英语,https://weibo.com/u/7891749697
5302445874877349,完全正确[可爱],2026-05-26 02:07:27,广东,7338807813,哒哒哒米米佳驾到,https://weibo.com/u/7338807813
5302445874877349,转发微博,2026-05-26 02:06:23,山东,6289063866,-這心動降临在了春天還是初夏,https://weibo.com/u/6289063866
5302445874877349,转发微博,2026-05-26 02:04:40,山东,7324581561,孤灯未曾眠,https://weibo.com/u/7324581561
5302445874877349,转发微博,2026-05-26 02:00:43,山东,7405285392,用户7405285392,https://weibo.com/u/7405285392
5302445874877349,转发微博,2026-05-26 01:47:17,北京,7844474307,枕中梨花,https://weibo.com/u/7844474307
5302445874877349,Repost,2026-05-26 01:41:43,江苏,7481165577,烛煌耶拉打融化,https://weibo.com/u/7481165577
5302445874877349,转发微博,2026-05-26 01:40:33,上海,6345574597,冷调唱片,https://weibo.com/u/6345574597
5302445874877349,转发微博,2026-05-26 01:29:35,新疆,7534818718,我好想吃炒面面包,https://weibo.com/u/7534818718
5302445874877349,我好崩溃我[允悲],2026-05-26 01:28:19,上海,7925052614,落日最后一抹蓝,https://weibo.com/u/7925052614
5302445874877349,转发微博,2026-05-26 01:22:40,湖北,7458432410,椰号BDSM视频放送员,https://weibo.com/u/7458432410
5302445874877349,流亡地之诗潮湿性恋爱病大学是人生的暑假吗那我应该是中暑了,2026-05-26 01:19:54,辽宁,5657940849,我的脑内选项正在全力妨碍兔女郎,https://weibo.com/u/5657940849
5302445874877349,看得我既想笑又想哭,2026-05-26 01:14:13,浙江,5675104499,莉卷动物园,https://weibo.com/u/5675104499
5302445874877349,还是我的异世界,2026-05-26 01:06:32,广东,7993497810,我要笑薯叻,https://weibo.com/u/7993497810
5302445874877349,转发微博,2026-05-26 01:04:28,江苏,7692732421,奈信帕帕,https://weibo.com/u/7692732421
5302445874877349,转发微博,2026-05-26 01:04:11,江苏,7875669682,米吃面线,https://weibo.com/u/7875669682
5302445874877349,转发微博,2026-05-26 00:56:15,天津,7185758839,-PakiSuN9,https://weibo.com/u/7185758839
5302445874877349,转发微博,2026-05-26 00:52:34,广东,6968991145,Yeongiun,https://weibo.com/u/6968991145
5302445874877349,潮湿性恋爱病大学是人生的暑假吗那我应该是中暑了,2026-05-26 00:48:36,云南,7918082514,芽芽呢__,https://weibo.com/u/7918082514
5302445874877349,转发微博,2026-05-26 00:48:10,浙江,5878563084,没钱我去摊煎饼,https://weibo.com/u/5878563084
5302445874877349,转发微博,2026-05-26 00:46:57,河北,5801974790,而我偏心于你,https://weibo.com/u/5801974790
5302445874877349,流亡地之诗潮湿性恋爱病大学是人生的暑假吗那我应该是中暑了,2026-05-26 00:44:14,广西,7630382707,夏日公交站,https://weibo.com/u/7630382707
5302445874877349,转发微博,2026-05-26 00:43:03,陕西,6833772351,我却爱着一对坤,https://weibo.com/u/6833772351
5302445874877349,透糕的竟然火了[泪][心],2026-05-26 00:42:00,江苏,6620737211,嘉然今天吃汉堡,https://weibo.com/u/6620737211
5302445874877349,大学是人生的暑假吗那我应该是中暑了潮湿性恋爱病大学是人生的暑假吗那我应该是中暑了,2026-05-26 00:36:27,云南,6737948720,yyqiu6,https://weibo.com/u/6737948720
5302445874877349,纯情喵之刃潮湿性恋爱病大学是人生的暑假吗那我应该是中暑了,2026-05-26 00:35:17,浙江,6048391230,iaak_urom3,https://weibo.com/u/6048391230
5302445874877349,转发微博,2026-05-26 00:34:59,山东,6619828462,叶叶丸_,https://weibo.com/u/6619828462
5302445874877349,我真的我对专四,2026-05-26 00:34:57,浙江,7338155326,sayiteasy,https://weibo.com/u/7338155326
5302445874877349,潮湿性恋爱病大学是人生的暑假吗那我应该是中暑了,2026-05-26 00:32:24,广东,7346441788,流亡地之诗,https://weibo.com/u/7346441788
5302445874877349,转发微博,2026-05-26 00:32:07,江苏,6612367227,增增哇甘耐,https://weibo.com/u/6612367227
5302445874877349,一只桃绒转发微博,2026-05-26 00:28:01,河南,7430672135,抱歉是他太可爱了,https://weibo.com/u/7430672135
5302445874877349,Repost,2026-05-26 00:26:40,河北,7943753736,我们互爱如罂粟和记忆,https://weibo.com/u/7943753736
5302445874877349,转发微博,2026-05-26 00:26:36,浙江,7485843415,一只桃绒,https://weibo.com/u/7485843415
5302445874877349,转发微博,2026-05-26 00:26:08,四川,7480103828,去挪威找鱼算账pt1,https://weibo.com/u/7480103828
5302445874877349,轉發微博,2026-05-26 00:22:30,浙江,7283594747,最难的是香芋,https://weibo.com/u/7283594747
5302445874877349,转发微博,2026-05-26 00:22:26,广东,7367412565,老师你看到我双截棍了吗,https://weibo.com/u/7367412565
5302445874877349,转发微博,2026-05-26 00:14:05,广东,6246058371,棟的芒果珍波椰,https://weibo.com/u/6246058371
5302445874877349,你们就继续大学是人生的暑假吧大学是我人生的一战二战罗马斗兽场疯人院奥斯维辛阿兹卡班失乐园永冻土五指山围城鬼打墙无限循环死胡同回声室饥饿游戏,2026-05-26 00:10:48,上海,7286410105,不要扔掉那片雪,https://weibo.com/u/7286410105
5302445874877349,暑假在哪,2026-05-26 00:09:11,黑龙江,7345405345,袅液从右耳流淌的阳痿狗,https://weibo.com/u/7345405345
5302445874877349,转发微博,2026-05-26 00:08:04,上海,7739655775,雪会融化变cheng,https://weibo.com/u/7739655775
5302445874877349,转发微博,2026-05-26 00:06:15,上海,6137802564,发现心是空的可以用火鸡面填满胃,https://weibo.com/u/6137802564
5302445874877349,转发微博,2026-05-26 00:04:08,福建,6569312194,SR_乾脆都鯊了,https://weibo.com/u/6569312194
5302445874877349,转发微博,2026-05-26 00:00:33,福建,7780409172,无不合格薯条,https://weibo.com/u/7780409172
5302445874877349,转发微博,2026-05-25 23:58:28,山东,7443711697,耶耶耶yel,https://weibo.com/u/7443711697
5302445874877349,潮湿性恋爱病大学是人生的暑假吗那我应该是中暑了,2026-05-25 23:57:59,宁夏,7241781091,吱吱吱吱炸,https://weibo.com/u/7241781091
5302445874877349,转发微博,2026-05-25 23:50:53,山东,6480341781,你漂亮的名字,https://weibo.com/u/6480341781
5302445874877349,那我中暑了,2026-05-25 23:49:09,四川,7405261054,hanniorbreadcielddwhqb,https://weibo.com/u/7405261054
5302445874877349,转发微博,2026-05-25 23:46:18,福建,6524499076,牵丝灵,https://weibo.com/u/6524499076
5302445874877349,转发微博,2026-05-25 23:45:31,新疆,8384304299,用户8384304299,https://weibo.com/u/8384304299
5302445874877349,转发微博,2026-05-25 23:43:45,江西,7033689115,udonkita,https://weibo.com/u/7033689115
5302445874877349,转发微博,2026-05-25 23:43:05,吉林,4087652862,我还不太了解她__,https://weibo.com/u/4087652862
5302445874877349,转发微博,2026-05-25 23:42:45,澳大利亚,6072809391,不想喝汽水TT,https://weibo.com/u/6072809391
5302445874877349,转发微博,2026-05-25 23:40:56,山东,6975096202,她说别把梦吵醒,https://weibo.com/u/6975096202
5302445874877349,转发微博,2026-05-25 23:40:04,宁夏,7642562600,N0T12AND14AtrUe,https://weibo.com/u/7642562600
5302445874877349,转发微博,2026-05-25 23:40:02,河北,7810526556,慢慢喜歡你到永遠,https://weibo.com/u/7810526556
5302445874877349,转发微博,2026-05-25 23:39:55,河南,7888170592,用户0304只有你是天蓝色,https://weibo.com/u/7888170592
5302445874877349,转发微博,2026-05-25 23:37:17,天津,8012154409,ineedpuppy,https://weibo.com/u/8012154409
5302445874877349,转发微博,2026-05-25 23:35:37,广东,3730570080,产品昊天,https://weibo.com/u/3730570080
5302445874877349,转发微博,2026-05-25 23:31:58,四川,6340597542,酸一点点柠檬,https://weibo.com/u/6340597542
5302445874877349,转发微博,2026-05-25 23:31:45,山西,6513126612,我猫煮盐,https://weibo.com/u/6513126612
5302445874877349,转发微博,2026-05-25 23:27:58,福建,7972225259,外星人waixingrennnnn,https://weibo.com/u/7972225259
5302445874877349,转发微博,2026-05-25 23:24:39,上海,7453897868,我又淚流滿面妳不在我身邊_,https://weibo.com/u/7453897868
5302445874877349,转发微博,2026-05-25 23:23:29,天津,5953407421,鸭妈妈_,https://weibo.com/u/5953407421
5302445874877349,转发微博,2026-05-25 23:22:33,辽宁,7074475352,重生为河南人之我爱偷井盖,https://weibo.com/u/7074475352
5302445874877349,转发微博,2026-05-25 23:22:23,江西,5825153858,正经啲-我很normal,https://weibo.com/u/5825153858
5302445874877349,潮湿性恋爱病大学是人生的暑假吗那我应该是中暑了,2026-05-25 23:21:28,江西,7004439037,-ArgonZinc-,https://weibo.com/u/7004439037
5302445874877349,疯人院我真是要疯了我是个脆弱的应届生别搞我,2026-05-25 23:20:21,北京,5342794610,括号点倒A点括号,https://weibo.com/u/5342794610
5302445874877349,转发微博,2026-05-25 23:20:14,浙江,8010338998,用户45485626,https://weibo.com/u/8010338998
5302445874877349,,2026-05-25 23:19:42,江苏,4021037894,123abc____,https://weibo.com/u/4021037894
5302445874877349,撒库拉嘛挞塔青菜旺財泰尼尼重度依赖转发微博,2026-05-25 23:19:11,广东,6628785834,咸来谟时,https://weibo.com/u/6628785834
5302445874877349,叫我琳琳琳琳那我应该是中暑了潮湿性恋爱病大学是人生的暑假吗那我应该是中暑了,2026-05-25 23:18:07,天津,6016264805,给我烦死了,https://weibo.com/u/6016264805
5302445874877349,转发微博,2026-05-25 23:16:46,北京,6206313496,恋狗癖拒丑狗0x0,https://weibo.com/u/6206313496
5302445874877349,婊酱渍轉發微博,2026-05-25 23:15:58,四川,3167845755,家养三金鱼,https://weibo.com/u/3167845755
5302445874877349,轉發微博,2026-05-25 23:15:42,江西,7986609356,婊酱渍,https://weibo.com/u/7986609356
5302445874877349,转发微博,2026-05-25 23:13:17,江苏,7342342271,兔貓廚_,https://weibo.com/u/7342342271
5302445874877349,那我应该是中暑了潮湿性恋爱病大学是人生的暑假吗那我应该是中暑了,2026-05-25 23:10:54,辽宁,7774273861,叫我琳琳琳琳,https://weibo.com/u/7774273861
5302445874877349,转发微博,2026-05-25 23:10:42,广西,9167584892,蒸龟坤,https://weibo.com/u/9167584892
5302445874877349,转发微博,2026-05-25 23:10:34,黑龙江,7780021310,爽子妈大战大真真,https://weibo.com/u/7780021310
5302445874877349,转发微博,2026-05-25 23:10:21,湖南,3229128295,那憧憬的轉眼瞬間就能實現,https://weibo.com/u/3229128295
5302445874877349,加上一个釜山行,2026-05-25 23:07:26,北京,6031432517,好想睡觉睡觉还有假期,https://weibo.com/u/6031432517
5302445874877349,转发微博,2026-05-25 23:02:35,山东,7666949684,10-u7-463085589,https://weibo.com/u/7666949684
5302445874877349,转发微博,2026-05-25 23:02:01,江苏,7521341625,温覃WTG,https://weibo.com/u/7521341625
5302445874877349,转发微博,2026-05-25 23:01:26,甘肃,5871957573,LINNN-凛,https://weibo.com/u/5871957573
5302445874877349,转发微博,2026-05-25 22:59:16,新疆,7406300187,再也不内耗,https://weibo.com/u/7406300187
5302445874877349,轉發微博,2026-05-25 22:58:41,广西,7771561168,凉粉很难,https://weibo.com/u/7771561168
5302445874877349,潮湿性恋爱病大学是人生的暑假吗那我应该是中暑了,2026-05-25 22:58:20,辽宁,7910948692,纯情喵之刃,https://weibo.com/u/7910948692
5302445874877349,转发微博,2026-05-25 22:57:29,山东,6159124737,祝死亡生日快乐,https://weibo.com/u/6159124737
5302445874877349,转发微博,2026-05-25 22:55:56,黑龙江,6870822770,天使飯店,https://weibo.com/u/6870822770
5302445874877349,转发微博,2026-05-25 22:55:45,浙江,6593170078,别融化了眼泪-,https://weibo.com/u/6593170078
5302445874877349,轉發微博,2026-05-25 22:52:00,广东,7359638943,是誰令幸福殮葬,https://weibo.com/u/7359638943
5302445874877349,转发微博,2026-05-25 22:50:25,湖北,7402221566,-小施特劳斯-,https://weibo.com/u/7402221566
5302445874877349,[泪奔]潮湿性恋爱病大学是人生的暑假吗那我应该是中暑了,2026-05-25 22:47:08,福建,6025673496,我草莓招了_衮,https://weibo.com/u/6025673496
5302445874877349,转发微博,2026-05-25 22:42:00,湖南,4029401595,用户4029401595,https://weibo.com/u/4029401595
5302445874877349,转发微博,2026-05-25 22:41:07,重庆,7925293668,怜遥绪,https://weibo.com/u/7925293668
5302445874877349,转发微博,2026-05-25 22:40:53,马来西亚,7623301795,羊粪墩墩,https://weibo.com/u/7623301795
5302445874877349,转发微博,2026-05-25 22:40:35,天津,7067515548,juhannusruusuuuu____,https://weibo.com/u/7067515548
5302445874877349,Repost,2026-05-25 22:35:49,浙江,7763822673,脑内下落,https://weibo.com/u/7763822673
5302445874877349,忘记你的旅行真是远的够可以转发微博,2026-05-25 22:34:15,广东,7227661068,如果能回溯时间,https://weibo.com/u/7227661068
5302445874877349,转发微博,2026-05-25 22:30:47,上海,7374423768,山外青山楼外楼之梦醒时分,https://weibo.com/u/7374423768
5302445874877349,转发微博,2026-05-25 22:27:01,湖南,6665084844,调二一,https://weibo.com/u/6665084844
5302445874877349,转发微博,2026-05-25 22:24:54,福建,6543752751,方案被肯一万次,https://weibo.com/u/6543752751
5302445874877349,转发微博,2026-05-25 22:22:50,广东,7595205337,索香之女,https://weibo.com/u/7595205337
5302445874877349,ounmomento轉發微博,2026-05-25 22:19:21,浙江,6856712546,意义不明的可乐鸡翅,https://weibo.com/u/6856712546
5302445874877349,转发微博,2026-05-25 22:10:59,北京,4087149728,乞讨过一个吻的秘密,https://weibo.com/u/4087149728
5302445874877349,转发微博,2026-05-25 22:10:35,四川,7646622721,floor_ry444,https://weibo.com/u/7646622721
5302445874877349,潮湿性恋爱病大学是人生的暑假吗那我应该是中暑了,2026-05-25 22:10:30,重庆,8355460687,Thxxxmy,https://weibo.com/u/8355460687
5302445874877349,转发微博,2026-05-25 22:09:25,重庆,6862551109,想让流星能够实现幸福的愿望,https://weibo.com/u/6862551109
5302445874877349,转发微博,2026-05-25 22:08:44,北京,3395619760,·火锅锅锅·,https://weibo.com/u/3395619760
5302445874877349,bluebird30_转发微博,2026-05-25 22:08:18,天津,6581784853,1015天才狗儿黎东嗨,https://weibo.com/u/6581784853
5302445874877349,转发微博,2026-05-25 22:06:42,江苏,7281751630,yoohuuyp,https://weibo.com/u/7281751630
5302445874877349,对,2026-05-25 22:02:32,广东,6286651314,无敌星云芋头大王,https://weibo.com/u/6286651314
5302445874877349,转发微博,2026-05-25 22:02:18,广东,7534875128,2021年12月13日,https://weibo.com/u/7534875128
5302445874877349,[泪]潮湿性恋爱病大学是人生的暑假吗那我应该是中暑了,2026-05-25 22:00:57,四川,6448875031,多少眼泪能换来幸福,https://weibo.com/u/6448875031
5302445874877349,潮湿性恋爱病大学是人生的暑假吗那我应该是中暑了,2026-05-25 21:59:18,山东,8018548209,长得太萌出门被法,https://weibo.com/u/8018548209
5302445874877349,嗯对潮湿性恋爱病大学是人生的暑假吗那我应该是中暑了,2026-05-25 21:37:43,湖南,7804610383,夏萧因祸得福,https://weibo.com/u/7804610383
5302445874877349,转发微博,2026-05-25 21:36:59,吉林,7949128046,我写不出代码,https://weibo.com/u/7949128046
5302445874877349,Repost,2026-05-25 21:36:02,安徽,5645519367,小澄得汁,https://weibo.com/u/5645519367
5302445874877349,转发微博,2026-05-25 21:34:39,湖北,7502613381,_你说浪花为何喧响_,https://weibo.com/u/7502613381
5302445874877349,上班也是,2026-05-25 21:32:20,湖南,7744198101,泡芙猪,https://weibo.com/u/7744198101
5302445874877349,潮湿性恋爱病大学是人生的暑假吗那我应该是中暑了,2026-05-25 21:30:31,陕西,7251673623,惠逸沉驰_,https://weibo.com/u/7251673623
5302445874877349,心情,2026-05-25 21:27:03,贵州,7807792977,懒懒的爱绕过你的眉眼,https://weibo.com/u/7807792977
5302445874877349,转发微博,2026-05-25 21:20:47,山东,7692310687,耶耶心想事成万事如身体健康版,https://weibo.com/u/7692310687
5302445874877349,没那么轻松好吧,2026-05-25 21:17:51,黑龙江,7564970602,就要自挂西北枝,https://weibo.com/u/7564970602
5302445874877349,转发微博,2026-05-25 21:17:34,河北,7552950098,忘记你的旅行真是远的够可以,https://weibo.com/u/7552950098
5302445874877349,我真的不行了[泪奔]啊啊啊啊啊[泪奔],2026-05-25 21:16:11,湖北,7835177853,云雾樴山鹤,https://weibo.com/u/7835177853
5302445874877349,Minamotovo那我应该是中暑了潮湿性恋爱病大学是人生的暑假吗那我应该是中暑了,2026-05-25 21:15:50,北京,7894351913,DazedAndConfused,https://weibo.com/u/7894351913
5302445874877349,那我应该是中暑了潮湿性恋爱病大学是人生的暑假吗那我应该是中暑了,2026-05-25 21:11:39,江苏,7903422931,Minamotovo,https://weibo.com/u/7903422931
5302445874877349,[泪奔],2026-05-25 21:09:56,四川,7844970203,无差别攻击所有人bot,https://weibo.com/u/7844970203
5302445874877349,转发微博,2026-05-25 21:08:19,广东,6634148146,負橘,https://weibo.com/u/6634148146
5302445874877349,转发微博,2026-05-25 21:05:36,辽宁,7770389105,爱雯TV,https://weibo.com/u/7770389105
5302445874877349,转发微博,2026-05-25 21:05:28,山西,7212313615,第零号信箱,https://weibo.com/u/7212313615
5302445874877349,对,2026-05-25 21:03:31,广东,4082745498,RaTaroll,https://weibo.com/u/4082745498
5302445874877349,转发微博,2026-05-25 21:03:08,北京,7838452038,月立方_,https://weibo.com/u/7838452038
5302445874877349,轉發微博,2026-05-25 20:55:18,湖北,7994363745,犬犬症候,https://weibo.com/u/7994363745
5302445874877349,潮湿性恋爱病大学是人生的暑假吗那我应该是中暑了,2026-05-25 20:55:14,重庆,7737315465,Irrrrr111,https://weibo.com/u/7737315465
5302445874877349,潮湿性恋爱病大学是人生的暑假吗那我应该是中暑了,2026-05-25 20:51:41,江苏,6584033810,kiwiiiiiTuT,https://weibo.com/u/6584033810
5302445874877349,我他妈哭惨,2026-05-25 20:51:06,湖北,7568718865,乙烯你狗呢,https://weibo.com/u/7568718865
5302445874877349,黒沢吞是人狼游戏是弥留之国是帝爱集团是希望号是私立百花王学园是大逃杀是诈欺游戏,2026-05-25 20:46:04,湖北,7605081874,余生皆假期_59,https://weibo.com/u/7605081874
5302445874877349,潮湿性恋爱病大学是人生的暑假吗那我应该是中暑了,2026-05-25 20:46:03,安徽,7844323121,寻盆日记,https://weibo.com/u/7844323121
5302445874877349,是人狼游戏是弥留之国是帝爱集团是希望号是私立百花王学园是大逃杀是诈欺游戏,2026-05-25 20:45:40,福建,6984511289,黒沢吞,https://weibo.com/u/6984511289
5302445874877349,Repost,2026-05-25 20:45:21,山东,7493816419,_驴子酱流心巴斯克_,https://weibo.com/u/7493816419
5302445874877349,转发微博,2026-05-25 20:42:59,江西,7471399972,泪腺已拆除,https://weibo.com/u/7471399972
5302445874877349,哈哈哈哈支持,2026-05-25 20:41:51,湖北,7800218142,獒来柴,https://weibo.com/u/7800218142
5302445874877349,轉發微博,2026-05-25 20:40:39,河北,7394062282,她又说她爱了几百遍了,https://weibo.com/u/7394062282
5302445874877349,风泪卉我女沐橙Tangerine阿枳潮湿性恋爱病大学是人生的暑假吗那我应该是中暑了,2026-05-25 20:36:40,浙江,6853341476,Petrichor5_,https://weibo.com/u/6853341476
5302445874877349,转发微博,2026-05-25 20:33:07,山东,7926393521,恋与纪_,https://weibo.com/u/7926393521
5302445874877349,转发微博,2026-05-25 20:31:04,安徽,7846438510,鱼鱼芋芋泥,https://weibo.com/u/7846438510
5302445874877349,转发微博,2026-05-25 20:30:55,湖北,6484679379,炸鲜奶呼叫中,https://weibo.com/u/6484679379
5302445874877349,转发微博,2026-05-25 20:28:45,湖北,5849168623,S_syxitey,https://weibo.com/u/5849168623
5302445874877349,潮湿性恋爱病大学是人生的暑假吗那我应该是中暑了,2026-05-25 20:27:37,四川,6012536086,傻啦傻啦13,https://weibo.com/u/6012536086
5302445874877349,转发微博,2026-05-25 20:26:46,上海,6179142151,用户6179142151,https://weibo.com/u/6179142151
5302445874877349,轉發微博,2026-05-25 20:25:03,北京,7959824104,pic1kMypuppy,https://weibo.com/u/7959824104
5302445874877349,潮湿性恋爱病大学是人生的暑假吗那我应该是中暑了,2026-05-25 20:22:41,江苏,8019813575,薇焄主义,https://weibo.com/u/8019813575
5302445874877349,转发微博,2026-05-25 20:20:17,山东,5483027220,11lyyi,https://weibo.com/u/5483027220
5302445874877349,我女沐橙Tangerine阿枳潮湿性恋爱病大学是人生的暑假吗那我应该是中暑了,2026-05-25 20:19:17,上海,8004496119,风泪卉,https://weibo.com/u/8004496119
5302445874877349,转发微博,2026-05-25 20:18:08,湖南,6577520872,人間濯枝雨,https://weibo.com/u/6577520872
5302445874877349,潮湿性恋爱病大学是人生的暑假吗那我应该是中暑了,2026-05-25 20:18:05,河北,6050174273,ksozhxns,https://weibo.com/u/6050174273
5302445874877349,转发微博,2026-05-25 20:13:09,湖北,7396502523,雨幕为我降临一支间奏曲,https://weibo.com/u/7396502523
5302445874877349,转发微博,2026-05-25 20:10:17,山东,8002840868,寒夜剩我一个人等清呈_,https://weibo.com/u/8002840868
5302445874877349,转发微博,2026-05-25 20:07:36,福建,7593803703,當初給你的那張紙條是我們的記號,https://weibo.com/u/7593803703
5302445874877349,转发微博,2026-05-25 20:04:48,河北,6616307541,WsySolivagant,https://weibo.com/u/6616307541
5302445874877349,转发微博,2026-05-25 20:03:23,山东,7361044227,骨科医院大讲堂,https://weibo.com/u/7361044227
5302445874877349,转发微博,2026-05-25 20:02:47,广东,7746760821,Tothemoon_9,https://weibo.com/u/7746760821
5302445874877349,轉發微博,2026-05-25 20:01:20,浙江,6603343671,ariuii,https://weibo.com/u/6603343671
5302445874877349,转发微博,2026-05-25 20:00:52,辽宁,6303020069,徐清三3,https://weibo.com/u/6303020069
5302445874877349,转发微博,2026-05-25 19:59:16,山西,6274412495,发家致富的爱人破碎的她,https://weibo.com/u/6274412495
5302445874877349,转发微博,2026-05-25 19:57:50,湖北,7391602801,我的心比薄荷凉,https://weibo.com/u/7391602801
5302445874877349,心情,2026-05-25 19:56:32,广西,5884797803,跳进冰凉碧绿的池塘,https://weibo.com/u/5884797803
5302445874877349,转发微博,2026-05-25 19:55:45,海南,6239438282,仿生瓶子会梦见电子z吗_,https://weibo.com/u/6239438282
5302445874877349,转发微博,2026-05-25 19:53:58,湖南,7770924166,iOwQi_ketchup,https://weibo.com/u/7770924166
5302445874877349,转发微博,2026-05-25 19:53:45,上海,7876688137,魔法烧酒小明,https://weibo.com/u/7876688137
5302445874877349,Repost,2026-05-25 19:53:32,陕西,8303199287,九号用户_,https://weibo.com/u/8303199287
5302445874877349,撒库拉嘛挞塔青菜旺財泰尼尼重度依赖转发微博,2026-05-25 19:52:19,广东,7481392455,重度乌山恋猪病,https://weibo.com/u/7481392455
5302445874877349,转发微博,2026-05-25 19:51:30,北京,7192807724,-鸟雀呼晴-,https://weibo.com/u/7192807724
5302445874877349,青菜旺財泰尼尼重度依赖转发微博,2026-05-25 19:49:03,上海,6523032930,撒库拉嘛挞塔,https://weibo.com/u/6523032930
5302445874877349,潮湿性恋爱病大学是人生的暑假吗那我应该是中暑了,2026-05-25 19:48:23,河北,7888522207,恋梨序纪,https://weibo.com/u/7888522207
5302445874877349,转发微博,2026-05-25 19:47:11,陕西,6042191537,Krinoi,https://weibo.com/u/6042191537
5302445874877349,转发微博,2026-05-25 19:44:47,江苏,7203281229,陌陌子stranger,https://weibo.com/u/7203281229
5302445874877349,再喝一杯波子汽水潮湿性恋爱病大学是人生的暑假吗那我应该是中暑了,2026-05-25 19:43:14,吉林,7843885986,Rongdez,https://weibo.com/u/7843885986
5302445874877349,转发微博,2026-05-25 19:42:44,广东,7793862631,发誓要赢下所有残局,https://weibo.com/u/7793862631
5302445874877349,转发微博,2026-05-25 19:39:04,上海,6984101481,熬耶成瘾,https://weibo.com/u/6984101481
5302445874877349,泰尼尼重度依赖转发微博,2026-05-25 19:37:36,上海,5605012263,青菜旺財,https://weibo.com/u/5605012263
5302445874877349,转发微博,2026-05-25 19:37:28,北京,7282235661,有桃遥遥,https://weibo.com/u/7282235661
5302445874877349,Repost,2026-05-25 19:36:49,四川,6576239893,小樱饲养手册,https://weibo.com/u/6576239893
5302445874877349,转发微博,2026-05-25 19:36:33,江苏,7826940158,爱憎被刻于细胞,https://weibo.com/u/7826940158
5302445874877349,潮湿性恋爱病大学是人生的暑假吗那我应该是中暑了,2026-05-25 19:35:33,广东,6903263298,再见并非遗忘的终点,https://weibo.com/u/6903263298
5302445874877349,转发微博,2026-05-25 19:34:18,云南,5731276708,地球没了gsr还转啥,https://weibo.com/u/5731276708
5302445874877349,[泪奔],2026-05-25 19:31:54,广东,5977249455,春日纵横,https://weibo.com/u/5977249455
5302445874877349,转发微博,2026-05-25 19:31:07,黑龙江,5944474399,太阳系流浪树,https://weibo.com/u/5944474399
5302445874877349,[泪奔][泪奔][泪奔]都说了我有恋诡癖[泪奔][泪奔][泪奔],2026-05-25 19:30:01,重庆,6330356701,黑粉厨,https://weibo.com/u/6330356701
5302445874877349,转发微博,2026-05-25 19:29:36,广东,7439309301,魂淡蛙蛙,https://weibo.com/u/7439309301
5302445874877349,大学是昆虫我是小丑大学是红夫人我是击球大学是前锋我是猪肘大学是宿伞我是守墓大学是金身我是空军,2026-05-25 19:29:29,江苏,7888241997,韦伯壳硬,https://weibo.com/u/7888241997
5302445874877349,Repost,2026-05-25 19:28:59,重庆,7659631826,Oliivetree,https://weibo.com/u/7659631826
5302445874877349,转发微博,2026-05-25 19:28:47,湖北,7985716820,泰尼尼重度依赖,https://weibo.com/u/7985716820
5302445874877349,转发微博,2026-05-25 19:28:30,陕西,7915725326,你的眼淚是困住我的湖,https://weibo.com/u/7915725326
5302445874877349,所以沉默是灿烂的死海没这么好玩,2026-05-25 19:28:28,重庆,7804318041,群青kiki_,https://weibo.com/u/7804318041
5302445874877349,[泪奔][泪奔][泪奔],2026-05-25 19:25:29,上海,7913258203,都说了我有恋诡癖,https://weibo.com/u/7913258203
5302445874877349,转发微博,2026-05-25 19:24:36,江苏,7424649987,iukiovo-,https://weibo.com/u/7424649987
5302445874877349,转发微博,2026-05-25 19:23:23,广东,6499883518,睡眠面膜和褪黑素,https://weibo.com/u/6499883518
5302445874877349,[泪奔],2026-05-25 19:23:00,湖北,7509536775,參商永離而蘭亭已矣,https://weibo.com/u/7509536775
5302445874877349,转发微博,2026-05-25 19:21:07,北京,7466508873,大师剑旁盛开着静谧公主,https://weibo.com/u/7466508873
5302445874877349,你们安稳度过的每一天我都在无限城,2026-05-25 19:18:00,北京,5721628486,9能带刀,https://weibo.com/u/5721628486
5302445874877349,转发微博,2026-05-25 19:15:57,福建,2646353903,曹魏第一葡萄宣传大使,https://weibo.com/u/2646353903
5302445874877349,轉發微博,2026-05-25 19:15:02,福建,7412042724,Graphicart,https://weibo.com/u/7412042724
5302445874877349,轉發微博,2026-05-25 19:14:10,广东,6540639288,cooiiiiiiiiikKk,https://weibo.com/u/6540639288
5302445874877349,,2026-05-25 19:13:32,广东,6508295240,Klkjjl,https://weibo.com/u/6508295240
5302445874877349,木溪冬林转发微博,2026-05-25 19:12:08,江苏,7362594689,待机中___,https://weibo.com/u/7362594689
5302445874877349,转发微博,2026-05-25 19:11:27,湖北,7799579541,沙滩上的eva在晒太阳,https://weibo.com/u/7799579541
5302445874877349,杏豹菇拌咪饭转发微博,2026-05-25 19:11:02,广西,6988169021,猫铃卷,https://weibo.com/u/6988169021
5302445874877349,转发微博,2026-05-25 19:10:24,辽宁,6976745430,杏豹菇拌咪饭,https://weibo.com/u/6976745430
5302445874877349,转发微博,2026-05-25 19:08:58,福建,5737885880,大屿山企业家cookie,https://weibo.com/u/5737885880
5302445874877349,转发微博,2026-05-25 19:08:55,福建,7108601335,护法感冒灵誓死守护华天帝,https://weibo.com/u/7108601335
5302445874877349,转发微博,2026-05-25 19:07:39,广东,6988695001,柚恩的缝纫机踏板,https://weibo.com/u/6988695001
5302445874877349,转发微博,2026-05-25 19:07:02,山东,7800890527,Ftsuvacolium,https://weibo.com/u/7800890527
5302445874877349,转发微博,2026-05-25 19:06:34,山东,6599075273,是兔子也是小狗,https://weibo.com/u/6599075273
5302445874877349,转发微博,2026-05-25 19:06:13,吉林,3902724617,船长cremel-,https://weibo.com/u/3902724617
5302445874877349,转发微博,2026-05-25 19:06:04,江苏,6601638161,子玉昭昭,https://weibo.com/u/6601638161
5302445874877349,转发微博,2026-05-25 19:05:35,河北,6303734014,彩色大青蛙_柚味版,https://weibo.com/u/6303734014
5302445874877349,转发微博,2026-05-25 19:05:07,安徽,8220027919,今夜我不关心你们人类,https://weibo.com/u/8220027919
5302445874877349,转发微博,2026-05-25 19:04:40,湖南,7930980628,世界爆炸就好了,https://weibo.com/u/7930980628
5302445874877349,转发微博,2026-05-25 19:03:07,广西,7643594804,我与师尊不谈情,https://weibo.com/u/7643594804
5302445874877349,转发微博,2026-05-25 19:00:06,云南,7568455316,悲悯你所有泪,https://weibo.com/u/7568455316
5302445874877349,转发微博,2026-05-25 18:58:11,河北,7306324591,睡醒就发财la,https://weibo.com/u/7306324591
5302445874877349,转发微博,2026-05-25 18:57:17,黑龙江,7314222744,究竟怎么取这个名字,https://weibo.com/u/7314222744
5302445874877349,转发微博,2026-05-25 18:56:26,福建,7904633619,射落水树玩瓦罗兰特,https://weibo.com/u/7904633619
5302445874877349,转发微博,2026-05-25 18:55:38,重庆,7771276630,绝望双强姐的一生,https://weibo.com/u/7771276630
5302445874877349,Repost,2026-05-25 18:53:20,北京,6983198954,萌歉,https://weibo.com/u/6983198954
5302445874877349,星星告白不眨眼转发微博,2026-05-25 18:52:14,福建,7945327758,海浪拍过你脸颊,https://weibo.com/u/7945327758
5302445874877349,转发微博,2026-05-25 18:51:49,江苏,8308075721,星星告白不眨眼,https://weibo.com/u/8308075721
5302445874877349,转发微博,2026-05-25 18:51:06,浙江,7398698946,我觉得淡淡的就会顺顺的,https://weibo.com/u/7398698946
5302445874877349,转发微博,2026-05-25 18:50:27,浙江,8457879857,提剑今生踏破红尘,https://weibo.com/u/8457879857
5302445874877349,潮湿性恋爱病大学是人生的暑假吗那我应该是中暑了,2026-05-25 18:50:10,四川,6985162524,就是稍微有些讽刺的矛盾修辞,https://weibo.com/u/6985162524
5302445874877349,你们就继续大学是人生的暑假吧大学是我人生的一战二战罗马斗兽场疯人院奥斯维辛阿兹卡班失乐园永冻土五指山围城鬼打墙无限循环死胡同回声室饥饿游戏,2026-05-25 18:48:41,湖北,6366187230,想必这一定是谁的错吧,https://weibo.com/u/6366187230
5302445874877349,转发微博,2026-05-25 18:48:08,陕西,7184580206,我只是喜欢在雨季向左向右转圈圈,https://weibo.com/u/7184580206
5302445874877349,转发微博,2026-05-25 18:42:58,湖北,6557109447,木溪冬林,https://weibo.com/u/6557109447
5302445874877349,转发微博,2026-05-25 18:42:23,上海,7745277968,向全宇宙播報一聽可爾必思,https://weibo.com/u/7745277968
5302445874877349,转发微博,2026-05-25 18:40:29,海南,7534852200,请不要回头继续逃跑直到自由,https://weibo.com/u/7534852200
5302445874877349,气温执笔手,2026-05-25 18:40:24,河南,5932865644,你的卡丁车小天才,https://weibo.com/u/5932865644
5302445874877349,,2026-05-25 18:39:49,黑龙江,7797839038,气温执笔手,https://weibo.com/u/7797839038
5302445874877349,转发微博,2026-05-25 18:36:49,福建,9061588627,秋竹词,https://weibo.com/u/9061588627
5302445874877349,大学比高中还糟糕,2026-05-25 18:35:15,北京,6595743132,·琑定玥亮·,https://weibo.com/u/6595743132
5302445874877349,转发微博,2026-05-25 18:33:48,四川,7861947273,眼睛支撐起我與世界之間的橋_,https://weibo.com/u/7861947273
5302445874877349,转发微博,2026-05-25 18:32:15,辽宁,7767302836,富小歇,https://weibo.com/u/7767302836
5302445874877349,兔娚攻大学是我人生的军工厂红教堂圣心医院月亮河公园湖景村里奥的回忆白沙街疯人院永眠镇闪金石窟唐人街不归林克雷伯格赛马场,2026-05-25 18:30:51,重庆,7643343768,曼谷校草,https://weibo.com/u/7643343768
5302445874877349,转发微博,2026-05-25 18:29:39,中国香港,7890490831,不要输给圣诞和情侣,https://weibo.com/u/7890490831
5302445874877349,大学是我人生的军工厂红教堂圣心医院月亮河公园湖景村里奥的回忆白沙街疯人院永眠镇闪金石窟唐人街不归林克雷伯格赛马场,2026-05-25 18:27:30,山东,7962959266,兔娚攻,https://weibo.com/u/7962959266
5302445874877349,转发微博,2026-05-25 18:27:06,山西,7909744712,主观愿望,https://weibo.com/u/7909744712
5302445874877349,转发微博,2026-05-25 18:26:08,广东,7410672302,紫堂幻想童话,https://weibo.com/u/7410672302
5302445874877349,转发微博,2026-05-25 18:25:28,重庆,6005745987,EvangelicGirlisaGun_,https://weibo.com/u/6005745987
5302445874877349,我Xiiun3_7我潮湿性恋爱病大学是人生的暑假吗那我应该是中暑了,2026-05-25 18:25:10,河南,6471178621,仪定要顺li,https://weibo.com/u/6471178621
5302445874877349,大学是辛者库,2026-05-25 18:23:50,广东,7863392337,青蚨吟,https://weibo.com/u/7863392337
5302445874877349,潮湿性恋爱病大学是人生的暑假吗那我应该是中暑了,2026-05-25 18:23:31,重庆,7802027081,陌陌on风,https://weibo.com/u/7802027081
5302445874877349,转发微博,2026-05-25 18:23:21,浙江,7901872609,荆棘之路通往何地,https://weibo.com/u/7901872609
5302445874877349,Repost,2026-05-25 18:22:24,黑龙江,7996712627,毅花之女,https://weibo.com/u/7996712627
5302445874877349,辣个不仅是饥饿游戏我特么还在12区,2026-05-25 18:21:29,天津,6036536190,说话又懒不说又想,https://weibo.com/u/6036536190
5302445874877349,转发微博,2026-05-25 18:21:05,马来西亚,7927728106,非自愿成为抖m_,https://weibo.com/u/7927728106
5302445874877349,转发微博,2026-05-25 18:20:23,福建,7374421159,蝶匿,https://weibo.com/u/7374421159
5302445874877349,转发微博,2026-05-25 18:18:19,广东,6178617091,-Hyeon-,https://weibo.com/u/6178617091
5302445874877349,全世界只有你能做1我说真的潮湿性恋爱病大学是人生的暑假吗那我应该是中暑了,2026-05-25 18:17:41,广西,9014227667,王菲地球唯一心肝,https://weibo.com/u/9014227667
5302445874877349,我潮湿性恋爱病大学是人生的暑假吗那我应该是中暑了,2026-05-25 18:14:58,陕西,7828665563,Xiiun3_7,https://weibo.com/u/7828665563
5302445874877349,转发微博,2026-05-25 18:12:54,江苏,7779587516,今后地狱都会无限延续,https://weibo.com/u/7779587516
5302445874877349,我,2026-05-25 18:06:43,湖北,7206242166,规与鹃,https://weibo.com/u/7206242166
5302445874877349,轉發微博,2026-05-25 18:05:57,江苏,7946867435,_WH0AM1,https://weibo.com/u/7946867435
5302445874877349,窝,2026-05-25 18:04:29,河北,7268043917,桃气连枝,https://weibo.com/u/7268043917
5302445874877349,潮湿性恋爱病大学是人生的暑假吗那我应该是中暑了,2026-05-25 18:03:21,陕西,7771945263,Ofunsaidwordandsunsentletter17,https://weibo.com/u/7771945263
5302445874877349,潮湿性恋爱病大学是人生的暑假吗那我应该是中暑了,2026-05-25 18:02:25,湖南,6464408540,捏扁的空牛奶盒,https://weibo.com/u/6464408540
5302445874877349,yes,2026-05-25 18:01:08,云南,6433669671,银石鉴赏家,https://weibo.com/u/6433669671
5302445874877349,转发微博,2026-05-25 17:57:41,河南,7919322648,小柒_莉莉爱慕重度依赖ver,https://weibo.com/u/7919322648
5302445874877349,转发微博,2026-05-25 17:55:20,江西,7337385257,江川漫年,https://weibo.com/u/7337385257
5302445874877349,潮湿性恋爱病大学是人生的暑假吗那我应该是中暑了,2026-05-25 17:54:06,湖南,6319897783,美乐豆豆子,https://weibo.com/u/6319897783
5302445874877349,转发微博,2026-05-25 17:54:05,上海,7766264006,Decalage_horaire,https://weibo.com/u/7766264006
5302445874877349,潮湿性恋爱病大学是人生的暑假吗那我应该是中暑了,2026-05-25 17:52:20,浙江,6011885342,无限大披萨超级终结者,https://weibo.com/u/6011885342
5302445874877349,潮湿性恋爱病大学是人生的暑假吗那我应该是中暑了,2026-05-25 17:51:04,江苏,7788255739,想吃贝果-,https://weibo.com/u/7788255739
5302445874877349,潮湿性恋爱病大学是人生的暑假吗那我应该是中暑了,2026-05-25 17:50:03,江西,6893698559,水獺都嘆息,https://weibo.com/u/6893698559
5302445874877349,潮湿性恋爱病大学是人生的暑假吗那我应该是中暑了,2026-05-25 17:49:16,山东,7418466858,kkk-taysoo,https://weibo.com/u/7418466858
5302445874877349,潮湿性恋爱病大学是人生的暑假吗那我应该是中暑了,2026-05-25 17:48:26,浙江,7967734849,再喝一杯波子汽水,https://weibo.com/u/7967734849
5302445874877349,潮湿性恋爱病大学是人生的暑假吗那我应该是中暑了,2026-05-25 17:45:44,湖北,7986502261,某一天头上长出了羊角,https://weibo.com/u/7986502261
5302445874877349,Tangerine阿枳潮湿性恋爱病大学是人生的暑假吗那我应该是中暑了,2026-05-25 17:40:35,云南,6417343903,我女沐橙,https://weibo.com/u/6417343903
5302445874877349,潮湿性恋爱病大学是人生的暑假吗那我应该是中暑了,2026-05-25 17:38:31,湖北,7666825596,Tangerine阿枳,https://weibo.com/u/7666825596
5302445874877349,转发微博,2026-05-25 17:36:53,英国,6964823407,杏仁殉情者,https://weibo.com/u/6964823407
5302445874877349,大学是我的圣杯战争对了我是四战的卫宫切嗣迪卢木多五战的间桐慎二[捂嘴哭][捂嘴哭][捂嘴哭],2026-05-25 17:34:55,福建,6493405285,黑麦威士忌w,https://weibo.com/u/6493405285
5302445874877349,转发微博,2026-05-25 17:31:30,江苏,6232344488,秋天什麼時候來,https://weibo.com/u/6232344488
5302445874877349,转发微博,2026-05-25 17:29:51,陕西,7266637434,heartbeat怜涟,https://weibo.com/u/7266637434
5302445874877349,潮湿性恋爱病大学是人生的暑假吗那我应该是中暑了,2026-05-25 17:29:42,广东,7496536135,嘻嘻嘻嘻硕愛你,https://weibo.com/u/7496536135
5302445874877349,潮湿性恋爱病大学是人生的暑假吗那我应该是中暑了,2026-05-25 17:28:33,湖北,7438376911,Zero_Key,https://weibo.com/u/7438376911
5302445874877349,潮湿性恋爱病大学是人生的暑假吗那我应该是中暑了,2026-05-25 17:27:39,福建,7460118274,折阡沐,https://weibo.com/u/7460118274
5302445874877349,转发微博,2026-05-25 17:26:05,上海,6877010626,敢若無魂有體,https://weibo.com/u/6877010626
5302445874877349,转发微博,2026-05-25 17:25:44,新疆,7204751725,永不熬夜-,https://weibo.com/u/7204751725
5302445874877349,转发微博,2026-05-25 17:23:00,山东,7495199719,李锈uuu,https://weibo.com/u/7495199719
5302445874877349,转发微博,2026-05-25 17:20:47,安徽,8017248914,盒装冷雨渍,https://weibo.com/u/8017248914
5302445874877349,回头看或许会觉得轻松但是我觉得这个时候把自己和家庭依赖等等剥离然后社会化的过程真的很痛苦就是正式和幼年体告别了[泪],2026-05-25 17:18:07,福建,7772943069,乙號火炙抹茶巴菲愛好者,https://weibo.com/u/7772943069
5302445874877349,潮湿性恋爱病大学是人生的暑假吗那我应该是中暑了,2026-05-25 17:15:06,山东,7830994408,前夫哥速速还钱,https://weibo.com/u/7830994408
5302445874877349,转发微博,2026-05-25 17:13:32,北京,7887661547,看向你眼睛時的總觀效應,https://weibo.com/u/7887661547
5302445874877349,转发微博,2026-05-25 17:12:38,浙江,7395980673,_imgoingstateside,https://weibo.com/u/7395980673
5302445874877349,潮湿性恋爱病大学是人生的暑假吗那我应该是中暑了,2026-05-25 17:11:59,江苏,7680379335,我在我的世界感到永生不灭,https://weibo.com/u/7680379335
5302445874877349,潮湿性恋爱病大学是人生的暑假吗那我应该是中暑了,2026-05-25 17:11:08,福建,6918307802,南极洲Antarcticaaaa,https://weibo.com/u/6918307802
5302445874877349,转发微博,2026-05-25 17:11:08,江苏,7305730169,是三又如何,https://weibo.com/u/7305730169
5302445874877349,Repost,2026-05-25 17:00:55,湖北,6369296611,ShouldIwalkAway,https://weibo.com/u/6369296611
5302445874877349,轉發微博,2026-05-25 16:59:16,四川,7887551046,驴掌心的温度是冰露吗,https://weibo.com/u/7887551046
5302445874877349,转发微博,2026-05-25 16:55:45,浙江,6463465546,爱流淌在你走过的空气里,https://weibo.com/u/6463465546
5302445874877349,潮湿性恋爱病大学是人生的暑假吗那我应该是中暑了,2026-05-25 16:54:56,广东,7272108200,全世界只有你能做1我说真的,https://weibo.com/u/7272108200
5302445874877349,转发微博,2026-05-25 16:50:43,福建,7328341155,bluebird30_,https://weibo.com/u/7328341155
5302445874877349,潮湿性恋爱病大学是人生的暑假吗那我应该是中暑了,2026-05-25 16:44:23,河南,6583701782,下雨时你是我的屋檐,https://weibo.com/u/6583701782
5302445874877349,最难受的时光,2026-05-25 16:42:46,山西,7442765823,枫筠杋糖,https://weibo.com/u/7442765823
5302445874877349,转发微博,2026-05-25 16:40:33,天津,7501582780,給我九十九天愛,https://weibo.com/u/7501582780
5302445874877349,转发微博,2026-05-25 16:40:14,陕西,7029949755,苹果晚熟一刻钟_,https://weibo.com/u/7029949755
5302445874877349,转发微博,2026-05-25 16:37:37,广东,5899470286,yuie_1,https://weibo.com/u/5899470286
5302445874877349,转发微博,2026-05-25 16:37:16,湖南,7387291803,LK九九八十一,https://weibo.com/u/7387291803
5302445874877349,转发微博,2026-05-25 16:26:22,江苏,8018340573,Bibiii88,https://weibo.com/u/8018340573
5302445874877349,搜噶潮湿性恋爱病大学是人生的暑假吗那我应该是中暑了,2026-05-25 16:25:35,江苏,7414209361,吟泣时,https://weibo.com/u/7414209361
5302445874877349,转发微博,2026-05-25 16:23:03,江苏,7979537854,1992创口贴_,https://weibo.com/u/7979537854
5302425227626404,转发微博,2026-05-28 18:13:33,吉林,6916849481,丌川_,https://weibo.com/u/6916849481
5302425227626404,转发微博,2026-05-28 17:40:24,江苏,7976063158,justsuxinhao,https://weibo.com/u/7976063158
5302425227626404,转发微博,2026-05-28 17:28:30,陕西,7640301153,一口祺祺崽,https://weibo.com/u/7640301153
5302425227626404,转发微博,2026-05-28 16:58:53,上海,6416123379,Wwyjdk,https://weibo.com/u/6416123379
5302425227626404,普通食民最好的祝福祝你舍友都是正常人[笑cry],2026-05-28 16:48:54,北京,7539715252,苔绿芭比,https://weibo.com/u/7539715252
5302425227626404,转发微博,2026-05-28 16:39:21,天津,6180634350,mmr可以来找我领鸡蛋,https://weibo.com/u/6180634350
5302425227626404,点了,2026-05-28 16:05:21,甘肃,7565951598,祁优优-yoyo,https://weibo.com/u/7565951598
5302425227626404,转发微博,2026-05-28 16:04:56,河北,7820311040,吾乃天之娇孜,https://weibo.com/u/7820311040
5302425227626404,转发微博,2026-05-28 15:54:36,湖南,6990071605,DLMi_,https://weibo.com/u/6990071605
5302425227626404,哭了,2026-05-28 15:40:09,广东,7903315566,danceallnine,https://weibo.com/u/7903315566
5302425227626404,普通食民最好的祝福祝你舍友都是正常人[笑cry],2026-05-28 15:03:09,浙江,7727603335,可耐嘚特务鸭,https://weibo.com/u/7727603335
5302425227626404,转发微博,2026-05-28 13:59:53,河北,9142480489,ranquilsoulcn,https://weibo.com/u/9142480489
5302425227626404,是的,2026-05-28 13:38:50,黑龙江,8002534290,不知名小胖狗,https://weibo.com/u/8002534290
5302425227626404,转发微博,2026-05-28 12:59:20,四川,7814687559,innnatu,https://weibo.com/u/7814687559
5302425227626404,只有,2026-05-28 12:21:34,山东,6047893859,耀斑极光,https://weibo.com/u/6047893859
5302425227626404,蒽,2026-05-28 11:40:55,陕西,7768644616,-酢乙女爱li,https://weibo.com/u/7768644616
5302425227626404,是的这是真上过大学的[哆啦A梦吃惊]真的是这样[柯基],2026-05-28 11:07:00,安徽,7700493016,开门我是肌肉饼,https://weibo.com/u/7700493016
5302425227626404,晟惟鲷鱼烧O_o转发微博,2026-05-28 10:59:51,湖南,6431477699,缘渚兔,https://weibo.com/u/6431477699
5302425227626404,转发微博,2026-05-28 10:54:33,广东,7529036438,晟惟鲷鱼烧O_o,https://weibo.com/u/7529036438
5302425227626404,转发微博,2026-05-28 09:53:29,湖北,5863045114,a苏孤尘,https://weibo.com/u/5863045114
5302425227626404,啊啊啊啊啊啊[允悲][ok]Vita_晏临其实是有无代课代取快递代上楼各种代代代[捂嘴哭]监控热评你以为的表白墙内容表白某个男生女生实际上的到底是谁偷了我的外卖[柯基],2026-05-28 09:49:58,湖南,7971613376,千浔千,https://weibo.com/u/7971613376
5302425227626404,是的呀,2026-05-28 09:39:05,河北,6985465505,六十一K,https://weibo.com/u/6985465505
5302425227626404,转发微博,2026-05-28 08:45:17,广东,6613823057,Karissa-_-,https://weibo.com/u/6613823057
5302425227626404,哎卧槽真的啊[笑cry][笑cry][笑cry],2026-05-28 07:48:12,湖北,7549904918,mannnnr,https://weibo.com/u/7549904918
5302425227626404,转发微博,2026-05-28 01:50:59,广东,7605769907,虾米拉屎,https://weibo.com/u/7605769907
5302425227626404,转发微博,2026-05-28 00:21:44,江苏,5219983690,超级无敌暴龙战士来也,https://weibo.com/u/5219983690
5302425227626404,,2026-05-28 00:15:12,广东,7270387539,imKimberlyyyy,https://weibo.com/u/7270387539
5302425227626404,转发微博,2026-05-27 22:58:45,广东,8000726347,练习想念你想起也不会偷偷哭泣,https://weibo.com/u/8000726347
5302425227626404,转发微博,2026-05-27 22:56:00,福建,6065061374,猫羊世纪爱恋,https://weibo.com/u/6065061374
5302425227626404,转发微博,2026-05-27 20:35:40,江苏,6509886346,木易小羊Y_Y,https://weibo.com/u/6509886346
5302425227626404,[点赞]普通食民最好的祝福祝你舍友都是正常人[笑cry],2026-05-27 20:12:11,湖北,6537777440,O泡果奶喔_,https://weibo.com/u/6537777440
5302425227626404,嗯对,2026-05-27 20:02:20,吉林,8275245064,梦境海雾,https://weibo.com/u/8275245064
5302425227626404,监控热评你以为的表白墙内容表白某个男生女生实际上的到底是谁偷了我的外卖[柯基],2026-05-27 19:07:25,广西,7951636054,ytkzz,https://weibo.com/u/7951636054
5302425227626404,偶尔还有学校附近的大学城,2026-05-27 19:03:18,云南,7654666371,人形小饼天使心,https://weibo.com/u/7654666371
5302425227626404,对咯,2026-05-27 18:11:23,浙江,7929751688,小怡nn-,https://weibo.com/u/7929751688
5302425227626404,普通食民最好的祝福祝你舍友都是正常人[笑cry],2026-05-27 17:30:20,广东,7734251161,用户7734251161,https://weibo.com/u/7734251161
5302425227626404,普通食民最好的祝福祝你舍友都是正常人[笑cry],2026-05-27 16:26:51,湖北,6490339982,煎鸡蛋饼饼,https://weibo.com/u/6490339982
5302425227626404,还有一大堆开不完的会和赶不完的ddl,2026-05-27 16:23:31,湖南,7558718108,饺子什么味_,https://weibo.com/u/7558718108
5302425227626404,我点了,2026-05-27 16:21:34,湖南,6523307966,z_h又又又佑,https://weibo.com/u/6523307966
5302425227626404,转发微博,2026-05-27 16:00:42,浙江,7258611392,Ru饮下第九杯月亮by,https://weibo.com/u/7258611392
5302425227626404,转发微博,2026-05-27 15:29:28,江西,8017977431,交给我你就闹吧,https://weibo.com/u/8017977431
5302425227626404,转发微博,2026-05-27 15:08:04,湖北,7513872786,男神爱卖萌_,https://weibo.com/u/7513872786
5302425227626404,转发微博,2026-05-27 14:59:19,辽宁,6972678625,jwisnjskaoalal_1713,https://weibo.com/u/6972678625
5302425227626404,泪是小雨日转发微博,2026-05-27 14:32:24,江苏,7784817451,我的爱具象化为猪,https://weibo.com/u/7784817451
5302425227626404,泪是小雨日转发微博,2026-05-27 14:29:01,江苏,8445372395,纸糊心脏,https://weibo.com/u/8445372395
5302425227626404,转发微博,2026-05-27 14:27:36,四川,7739277411,泪是小雨日,https://weibo.com/u/7739277411
5302425227626404,转发微博,2026-05-27 14:27:22,山东,6920263839,蜜桃猫戀记,https://weibo.com/u/6920263839
5302425227626404,转发微博,2026-05-27 14:26:49,黑龙江,7130853795,爱吃食物小猫猫,https://weibo.com/u/7130853795
5302425227626404,转发微博,2026-05-27 13:54:21,美国,7809046704,奶泡麦卡尼,https://weibo.com/u/7809046704
5302425227626404,转发微博,2026-05-27 13:41:51,广东,7556258868,呼啦呼啦星9,https://weibo.com/u/7556258868
5302425227626404,普通食民最好的祝福祝你舍友都是正常人[笑cry],2026-05-27 13:12:30,广东,5829778310,拍下过记住过好过拥有光圈爱漫游,https://weibo.com/u/5829778310
5302425227626404,还好我前舍友是金善旴工作室谢谢普通食民最好的祝福祝你舍友都是正常人[笑cry],2026-05-27 13:05:09,安徽,4079098543,TAEHYUN_CatHouse,https://weibo.com/u/4079098543
5302425227626404,谢谢普通食民最好的祝福祝你舍友都是正常人[笑cry],2026-05-27 13:03:52,宁夏,7785219204,金善旴工作室,https://weibo.com/u/7785219204
5302425227626404,我不行了这是真读过大学[doge],2026-05-27 13:00:34,四川,7161012694,糖醋墨鱼小丸子,https://weibo.com/u/7161012694
5302425227626404,哈哈哈太真实了[融化],2026-05-27 12:55:22,安徽,8411517219,布丁也椰,https://weibo.com/u/8411517219
5302425227626404,转发微博,2026-05-27 12:25:33,湖南,7338241569,易安在等长安的雨,https://weibo.com/u/7338241569
5302425227626404,[笑cry][笑cry]普通食民最好的祝福祝你舍友都是正常人[笑cry],2026-05-27 11:52:30,河南,7334008981,Yeeetaooo_,https://weibo.com/u/7334008981
5302425227626404,转发微博,2026-05-27 11:45:58,浙江,6593644248,樱桃小丸子92斤,https://weibo.com/u/6593644248
5302425227626404,转发微博,2026-05-27 11:45:12,河南,7749466801,纯纸萌,https://weibo.com/u/7749466801
5302425227626404,点了,2026-05-27 11:38:46,安徽,7996450024,好香泥啊,https://weibo.com/u/7996450024
5302425227626404,转发微博,2026-05-27 11:37:48,青海,7651082651,小狗统治世界h,https://weibo.com/u/7651082651
5302425227626404,还有游戏,2026-05-27 11:26:44,江西,7973086245,掐西咪,https://weibo.com/u/7973086245
5302425227626404,转发微博,2026-05-27 11:23:01,山东,5492476579,虚构串联,https://weibo.com/u/5492476579
5302425227626404,转发微博,2026-05-27 11:07:28,陕西,6633038385,小猫爱学习英语,https://weibo.com/u/6633038385
5302425227626404,转发微博,2026-05-27 10:32:39,山东,7751064498,ziiilil,https://weibo.com/u/7751064498
5302425227626404,转发微博,2026-05-27 10:22:45,福建,7955984900,蓝莓不漏洞,https://weibo.com/u/7955984900
5302425227626404,转发微博,2026-05-27 09:33:43,湖南,7408391074,Imasleeper,https://weibo.com/u/7408391074
5302425227626404,转发微博,2026-05-27 09:28:06,广东,6304483604,睡眠重度依赖Z_,https://weibo.com/u/6304483604
5302425227626404,转发微博,2026-05-27 09:22:15,山东,6387382054,Ustiniannaai,https://weibo.com/u/6387382054
5302425227626404,b愧了干饭晚睡最可怕的是你下课刚取快递到宿舍楼底下驿站发短信告诉你新的取件码[柯基],2026-05-27 08:44:10,山东,7814004897,naneuna,https://weibo.com/u/7814004897
5302425227626404,转发微博,2026-05-27 08:43:10,浙江,7762407287,小水天天开心,https://weibo.com/u/7762407287
5302425227626404,转发微博,2026-05-27 04:51:19,重庆,6225201289,DUU-DUU-BELL-BOO,https://weibo.com/u/6225201289
5302425227626404,我坤哭了普通食民最好的祝福祝你舍友都是正常人[笑cry],2026-05-27 03:16:56,山东,7451613364,uuu喝奶茶,https://weibo.com/u/7451613364
5302425227626404,太好了我就喜欢这样,2026-05-27 02:34:09,湖南,6624867335,喝养乐多的多多,https://weibo.com/u/6624867335
5302425227626404,转发微博,2026-05-27 01:13:49,安徽,4047157068,杰咪大王0108,https://weibo.com/u/4047157068
5302425227626404,转发微博,2026-05-27 01:07:06,河南,7815479925,酸澀的妳,https://weibo.com/u/7815479925
5302425227626404,转发微博,2026-05-27 00:42:42,辽宁,7403464630,用户7403464630,https://weibo.com/u/7403464630
5302425227626404,是真的,2026-05-27 00:38:04,江苏,5415895088,肉食主义兔-,https://weibo.com/u/5415895088
5302425227626404,太真实了感同身受啊干饭晚睡最可怕的是你下课刚取快递到宿舍楼底下驿站发短信告诉你新的取件码[柯基],2026-05-27 00:35:01,广西,5977888577,laplaqlovek,https://weibo.com/u/5977888577
5302425227626404,哈哈哈哈哈哈哈哈哈哈哈哈是的,2026-05-27 00:15:19,上海,7815432727,福暖四季-,https://weibo.com/u/7815432727
5302425227626404,宿舍厕所好臭有个人能不能处理掉,2026-05-26 23:18:30,安徽,7413514453,天才小宝原,https://weibo.com/u/7413514453
5302425227626404,转发微博,2026-05-26 22:52:18,河南,7973026202,孤立全世界中,https://weibo.com/u/7973026202
5302425227626404,转发微博,2026-05-26 20:51:50,河北,7928438883,向薄荷星球出发,https://weibo.com/u/7928438883
5302425227626404,转发微博,2026-05-26 20:31:22,浙江,5993019689,潘潘乘七,https://weibo.com/u/5993019689
5302425227626404,不洗澡不洗脚的男同学,2026-05-26 20:22:04,河南,7831453220,苹果汁_111,https://weibo.com/u/7831453220
5302425227626404,是的,2026-05-26 20:15:04,山西,7811412700,AA的小心愿,https://weibo.com/u/7811412700
5302425227626404,点了Ivy兔兔长得帅不是男娘就是同到底咋了,2026-05-26 20:14:32,江西,5857735933,世界是个游乐场zZ,https://weibo.com/u/5857735933
5302425227626404,干饭晚睡最可怕的是你下课刚取快递到宿舍楼底下驿站发短信告诉你新的取件码[柯基],2026-05-26 20:14:26,江苏,7773153179,雾栖春厘-Joy,https://weibo.com/u/7773153179
5302425227626404,长得帅不是男娘就是同到底咋了,2026-05-26 19:22:57,江西,7954993068,-Ivy-兔兔,https://weibo.com/u/7954993068
5302425227626404,转发微博,2026-05-26 19:00:37,江西,7171915180,一口一个哼堡包,https://weibo.com/u/7171915180
5302425227626404,挺好的,2026-05-26 18:59:51,天津,6102826413,temoii,https://weibo.com/u/6102826413
5302425227626404,骗你的学校连快递站都没有,2026-05-26 18:57:29,广东,7942059410,我是超级无敌大帅哥-_-,https://weibo.com/u/7942059410
5302425227626404,完全呀,2026-05-26 18:47:18,辽宁,4030256339,吃薯条就不蘸酱o,https://weibo.com/u/4030256339
5302425227626404,对本人大学校草认知一个好帅另一个也好帅哦他两是一对,2026-05-26 18:05:08,陕西,7832545267,Jocelyn-IF,https://weibo.com/u/7832545267
5302425227626404,转发微博,2026-05-26 17:47:25,河南,7947412676,xh早点睡-,https://weibo.com/u/7947412676
5302425227626404,Repost,2026-05-26 17:20:01,浙江,8004832756,用户8004832756,https://weibo.com/u/8004832756
5302425227626404,点了[允悲],2026-05-26 17:17:44,甘肃,7266527127,-Allen我压的你胳膊麻吗xx,https://weibo.com/u/7266527127
5302425227626404,转发微博,2026-05-26 16:59:15,广东,6619745377,小丸子_wy,https://weibo.com/u/6619745377
5302425227626404,转发微博,2026-05-26 16:54:35,安徽,7774768600,梅甘九_,https://weibo.com/u/7774768600
5302425227626404,转发微博,2026-05-26 16:54:19,福建,5661476087,__苏打气泡水,https://weibo.com/u/5661476087
5302425227626404,,2026-05-26 16:51:46,上海,3748867614,煮包干脆面,https://weibo.com/u/3748867614
5302425227626404,真实,2026-05-26 16:50:36,山东,7773374599,莴总的猫Fleshy,https://weibo.com/u/7773374599
5302425227626404,这是对的,2026-05-26 16:37:38,贵州,7795214350,粉心武装小王,https://weibo.com/u/7795214350
5302425227626404,sos,2026-05-26 16:32:50,安徽,7525313282,有力量的小面包,https://weibo.com/u/7525313282
5302425227626404,转发微博,2026-05-26 16:32:05,广东,5874048351,草莓招了_7,https://weibo.com/u/5874048351
5302425227626404,再加个小吃街,2026-05-26 16:26:58,湖北,6600690360,爱恰恰恰_,https://weibo.com/u/6600690360
5302425227626404,可不是,2026-05-26 16:17:59,陕西,6209073135,星途漫旅-,https://weibo.com/u/6209073135
5302425227626404,地铁站没那么近,2026-05-26 16:13:17,黑龙江,7910291814,哥哥不是窝错了,https://weibo.com/u/7910291814
5302425227626404,转发微博,2026-05-26 15:37:39,陕西,6348621274,全网唯一尸体比薄巧冰凉,https://weibo.com/u/6348621274
5302425227626404,我的生活blackpink,2026-05-26 15:18:24,广东,5852734671,yuyinwen,https://weibo.com/u/5852734671
5302425227626404,兑,2026-05-26 14:25:33,江苏,1014716465,Astral_Symphony,https://weibo.com/u/1014716465
5302425227626404,转发微博,2026-05-26 13:43:55,广东,7783998164,鉨已急哭,https://weibo.com/u/7783998164
5302425227626404,转发微博,2026-05-26 13:37:13,北京,6495320859,猪咪挚爱,https://weibo.com/u/6495320859
5302425227626404,就很,2026-05-26 13:35:01,新疆,7740913138,Galaxy_00s,https://weibo.com/u/7740913138
5302425227626404,转发微博,2026-05-26 13:25:58,北京,7902356747,楼娱天选公主病,https://weibo.com/u/7902356747
5302425227626404,轉發微博,2026-05-26 13:12:30,河南,7463746226,职高在读捞女的悲观主义,https://weibo.com/u/7463746226
5302425227626404,转发微博,2026-05-26 13:10:51,山西,8302902581,亲吻星星m,https://weibo.com/u/8302902581
5302425227626404,9_03Y转发微博,2026-05-26 13:07:15,广东,7932109934,仅自己可见-n,https://weibo.com/u/7932109934
5302425227626404,转发微博,2026-05-26 13:04:08,广东,9170978036,大圆观大鹅,https://weibo.com/u/9170978036
5302425227626404,转发微博,2026-05-26 13:01:11,河南,7940952253,9_03Y,https://weibo.com/u/7940952253
5302425227626404,普通食民最好的祝福祝你舍友都是正常人[笑cry],2026-05-26 12:20:01,北京,7965521273,geuuuiOnly,https://weibo.com/u/7965521273
5302425227626404,哈哈哈哈哈哈哈,2026-05-26 12:14:19,福建,7741851413,小福酱加油,https://weibo.com/u/7741851413
5302425227626404,转发微博,2026-05-26 12:01:06,辽宁,7000874895,敛唫,https://weibo.com/u/7000874895
5302425227626404,还有小组作业外卖大盗校园跑,2026-05-26 11:42:15,浙江,6507839422,Tearsvow_12,https://weibo.com/u/6507839422
5302425227626404,还有小偷[微笑],2026-05-26 11:38:52,河北,7265689311,哈库呐玛塔塔yyy,https://weibo.com/u/7265689311
5302425227626404,萌犬餐wonmeow带猴判官愛上天使的眼淚_用手描绘牛的眼鼻嘴转发微博,2026-05-26 11:14:45,陕西,7531664757,慶祝我們依舊尖銳的缺失,https://weibo.com/u/7531664757
5302425227626404,转发微博,2026-05-26 11:03:04,江苏,7776473451,記憶島-,https://weibo.com/u/7776473451
5302425227626404,普通食民最好的祝福祝你舍友都是正常人[笑cry],2026-05-26 10:55:08,江苏,7737419404,拾忆yoki,https://weibo.com/u/7737419404
5302425227626404,嗯对,2026-05-26 10:51:46,上海,6483072526,国产道唯一大弟子,https://weibo.com/u/6483072526
5302425227626404,转发微博,2026-05-26 10:51:26,山东,7947872785,顺直请远离地球,https://weibo.com/u/7947872785
5302425227626404,还有小吃摊,2026-05-26 10:46:06,安徽,7333701418,张凌赫我们多多见面好不好,https://weibo.com/u/7333701418
5302425227626404,转发微博,2026-05-26 10:38:49,重庆,7809985561,jdhrveth,https://weibo.com/u/7809985561
5302425227626404,转发微博,2026-05-26 10:36:18,四川,5602971303,未确定方程式,https://weibo.com/u/5602971303
5302425227626404,Repost,2026-05-26 10:26:06,天津,6513951925,煙雲默曉,https://weibo.com/u/6513951925
5302425227626404,转发微博,2026-05-26 10:08:56,辽宁,7401717880,少女情怀总是春zz,https://weibo.com/u/7401717880
5302425227626404,转发微博,2026-05-26 10:08:48,河南,7771093657,新疆马蹄打了贝贝-,https://weibo.com/u/7771093657
5302425227626404,转发微博,2026-05-26 10:00:28,广西,6586978022,雾季K巷恋,https://weibo.com/u/6586978022
5302425227626404,转发微博,2026-05-26 10:00:04,河北,6499812236,大概是一只哭哭猫,https://weibo.com/u/6499812236
5302425227626404,转发微博,2026-05-26 09:37:09,河南,7559818829,乱刀砍死aaa,https://weibo.com/u/7559818829
5302425227626404,监控热评你以为的表白墙内容表白某个男生女生实际上的到底是谁偷了我的外卖[柯基],2026-05-26 09:33:11,山东,8001427351,怎么又恨我了呢,https://weibo.com/u/8001427351
5302425227626404,转发微博,2026-05-26 09:18:18,天津,7799478794,渺小与伟大_多财多亿版,https://weibo.com/u/7799478794
5302425227626404,嗯嗯,2026-05-26 08:15:07,北京,6960739313,铋馆落玫,https://weibo.com/u/6960739313
5302425227626404,转发微博,2026-05-26 07:31:20,浙江,7287649365,鼠鼠今天也在翻垃圾箱,https://weibo.com/u/7287649365
5302425227626404,转发微博,2026-05-26 06:47:35,上海,7203817029,不是老猫ym,https://weibo.com/u/7203817029
5302425227626404,转发微博,2026-05-26 05:31:27,澳大利亚,7820705993,重生之我又是猫咪,https://weibo.com/u/7820705993
5302425227626404,[允悲]本人状态belike只有卑微微和无奈[哈哈],2026-05-26 05:21:10,湖南,6498445304,非常爱吃老干妈,https://weibo.com/u/6498445304
5302425227626404,[捂嘴哭][捂嘴哭][捂嘴哭]是鹤幽吖干饭晚睡最可怕的是你下课刚取快递到宿舍楼底下驿站发短信告诉你新的取件码[柯基]普通食民最好的祝福祝你舍友都是正常人[笑cry],2026-05-26 03:49:39,江苏,2142166794,·炸爆米花,https://weibo.com/u/2142166794
5302425227626404,外卖柜,2026-05-26 03:06:00,上海,8486103723,万念俱灰的那一刻爱上宝猪,https://weibo.com/u/8486103723
5302425227626404,转发微博,2026-05-26 01:32:02,陕西,6312960864,吃栗,https://weibo.com/u/6312960864
5302425227626404,转发微博,2026-05-26 01:18:34,广西,7933731035,封橘长,https://weibo.com/u/7933731035
5302425227626404,转发微博,2026-05-26 01:17:48,浙江,7283237294,狗儿怎能如此之可爱,https://weibo.com/u/7283237294
5302425227626404,Repost,2026-05-26 01:17:39,天津,6538110523,某年第五個周一,https://weibo.com/u/6538110523
5302425227626404,嗯对九条星星鱼嗯对,2026-05-26 01:17:38,陕西,7881498027,陈星旭要好好睡觉,https://weibo.com/u/7881498027
5302425227626404,嗯对,2026-05-26 00:55:15,陕西,7581627785,九条星星鱼,https://weibo.com/u/7581627785
5302425227626404,转发微博,2026-05-26 00:45:52,湖南,7979882948,爱要多聪明才能逃得过哭泣,https://weibo.com/u/7979882948
5302425227626404,除了个别朋友谁也不认识谁,2026-05-26 00:38:23,黑龙江,7966066703,清醒小雨,https://weibo.com/u/7966066703
5302425227626404,嗯,2026-05-26 00:14:00,安徽,7289344549,蔚蓝天空与红气球,https://weibo.com/u/7289344549
5302425227626404,谢谢,2026-05-26 00:05:49,福建,3746044892,小噗pout,https://weibo.com/u/3746044892
5302425227626404,我都笑死,2026-05-26 00:04:56,广东,7993497810,我要笑薯叻,https://weibo.com/u/7993497810
5302425227626404,转发微博,2026-05-25 23:58:03,浙江,7432907671,奔溃的攻之亩,https://weibo.com/u/7432907671
5302425227626404,转发微博,2026-05-25 23:51:59,江西,7243096303,苹果菠萝炸猪排,https://weibo.com/u/7243096303
5302425227626404,转发微博,2026-05-25 23:49:07,山东,6375719923,梦想成为学者,https://weibo.com/u/6375719923
5302425227626404,点了点了,2026-05-25 23:37:04,重庆,7568503494,熄星精粹系数,https://weibo.com/u/7568503494
5302425227626404,水好难喝吧平井淘气堡最重要的是一定要有奶茶店别来烦了__转发微博,2026-05-25 23:35:03,江苏,6486322306,-小羊洋葱圈-,https://weibo.com/u/6486322306
5302425227626404,平井淘气堡最重要的是一定要有奶茶店别来烦了__转发微博,2026-05-25 23:30:34,河南,9003992443,水好难喝吧,https://weibo.com/u/9003992443
5302425227626404,平井淘气堡最重要的是一定要有奶茶店别来烦了__转发微博,2026-05-25 23:29:17,河北,7734943076,遇事就桃泡,https://weibo.com/u/7734943076
5302425227626404,转发微博,2026-05-25 23:28:56,辽宁,7785074498,泥萌能不能放我一马呀,https://weibo.com/u/7785074498
5302425227626404,最重要的是一定要有奶茶店别来烦了__转发微博,2026-05-25 23:28:14,安徽,7305280974,平井淘气堡,https://weibo.com/u/7305280974
5302425227626404,转发微博,2026-05-25 23:24:05,福建,5761662387,别来烦了__,https://weibo.com/u/5761662387
5302425227626404,转发微博,2026-05-25 23:23:19,湖北,7769213575,轻吻你的梨涡Hoo,https://weibo.com/u/7769213575
5302425227626404,转发微博,2026-05-25 23:14:24,广西,7643594804,我与师尊不谈情,https://weibo.com/u/7643594804
5302425227626404,转发微博,2026-05-25 23:12:53,上海,6107494901,鱼糕伊之助,https://weibo.com/u/6107494901
5302425227626404,转发微博,2026-05-25 23:11:20,湖北,7584626008,I三yj,https://weibo.com/u/7584626008
5302425227626404,转发微博,2026-05-25 23:10:00,上海,7377128639,NoFound-303,https://weibo.com/u/7377128639
5302425227626404,还有瑞幸,2026-05-25 22:54:33,山东,9053723586,Solitude_Novae,https://weibo.com/u/9053723586
5302425227626404,转发微博,2026-05-25 22:48:47,浙江,7917150788,MaimiDangka-,https://weibo.com/u/7917150788
5302425227626404,转发微博,2026-05-25 22:45:55,吉林,7623437657,吃太饱的星_,https://weibo.com/u/7623437657
5302425227626404,转发微博,2026-05-25 22:30:50,河南,7730161749,可可秒大王kkw,https://weibo.com/u/7730161749
5302425227626404,转发微博,2026-05-25 22:26:15,河南,7812559687,猫头果冻小布丁,https://weibo.com/u/7812559687
5302425227626404,转发微博,2026-05-25 22:25:26,青海,2485921440,Lovelife_Babe,https://weibo.com/u/2485921440
5302425227626404,转发微博,2026-05-25 22:23:37,福建,7924161907,佯伪,https://weibo.com/u/7924161907
5302425227626404,转发微博,2026-05-25 22:22:51,河北,7877263693,饭蛋蛋_,https://weibo.com/u/7877263693
5302425227626404,籼米狐转发微博,2026-05-25 22:19:23,河南,7782914061,清清叙-,https://weibo.com/u/7782914061
5302425227626404,转发微博,2026-05-25 22:19:07,湖北,7852800347,籼米狐,https://weibo.com/u/7852800347
5302425227626404,转发微博,2026-05-25 22:15:50,辽宁,7514924775,火龙果味的黄桃,https://weibo.com/u/7514924775
5302425227626404,转发微博,2026-05-25 22:10:34,浙江,7842030489,小鸣不李你了8,https://weibo.com/u/7842030489
5302425227626404,转发微博,2026-05-25 22:01:56,江苏,7805990317,草莓牛乳好好喝,https://weibo.com/u/7805990317
5302425227626404,干饭晚睡最可怕的是你下课刚取快递到宿舍楼底下驿站发短信告诉你新的取件码[柯基],2026-05-25 21:58:29,江苏,5587744341,义主女,https://weibo.com/u/5587744341
5302425227626404,转发微博,2026-05-25 21:51:23,辽宁,6111326045,夏天到了我們一起跳海,https://weibo.com/u/6111326045
5302425227626404,转发微博,2026-05-25 21:49:42,辽宁,6011464409,Harrietyyyyyyy,https://weibo.com/u/6011464409
5302425227626404,对了,2026-05-25 21:46:46,上海,6963186581,放开老烊让我来,https://weibo.com/u/6963186581
5302425227626404,不冲的厕所和被偷的外卖怎么榜上无名,2026-05-25 21:32:24,福建,5992955292,麻球饭包不要酱,https://weibo.com/u/5992955292
5302425227626404,转发微博,2026-05-25 21:31:15,福建,7366968532,喻文州喜欢黄少天,https://weibo.com/u/7366968532
5302425227626404,好真实啊hhh,2026-05-25 21:24:27,广东,6391207025,Beak_yic3,https://weibo.com/u/6391207025
5302425227626404,嗯,2026-05-25 21:23:58,安徽,9165349260,Aprilfeels,https://weibo.com/u/9165349260
5302425227626404,转发微博,2026-05-25 21:13:28,湖北,6348914821,天上落下来个馒娇娇,https://weibo.com/u/6348914821
5302425227626404,转发微博,2026-05-25 21:10:48,广东,8004754666,可以喝奶绿装芒,https://weibo.com/u/8004754666
5302425227626404,转发微博,2026-05-25 21:02:39,河南,6101557553,牵你手时我不敢抬头,https://weibo.com/u/6101557553
5302425227626404,转发微博,2026-05-25 20:58:13,江苏,6543767508,iwillalwaysbeluckyyyyyy,https://weibo.com/u/6543767508
5302425227626404,转发微博,2026-05-25 20:52:48,福建,6032596724,我妻悠诗,https://weibo.com/u/6032596724
5302425227626404,这是真的上过大学,2026-05-25 20:52:30,江苏,6518869239,那你在世界的角落找到我了吗,https://weibo.com/u/6518869239
5302425227626404,转发微博,2026-05-25 20:35:27,山东,8006976643,鱼子酱_kk,https://weibo.com/u/8006976643
5302425227626404,对,2026-05-25 20:34:57,广东,8015176734,其实是隔壁丽芬,https://weibo.com/u/8015176734
5302425227626404,转发微博,2026-05-25 20:28:31,广东,8002382621,玉桂攻拌烟灰水,https://weibo.com/u/8002382621
5302425227626404,转发微博,2026-05-25 20:28:24,四川,7556808883,你长了张软妹脸,https://weibo.com/u/7556808883
5302425227626404,加个外卖柜,2026-05-25 20:17:30,湖南,7602451516,咕咕32765,https://weibo.com/u/7602451516
5302425227626404,去福井给我买块田转发微博,2026-05-25 20:16:20,浙江,7962572156,萌厨室温,https://weibo.com/u/7962572156
5302425227626404,转发微博,2026-05-25 20:05:31,浙江,6448115068,去福井给我买块田,https://weibo.com/u/6448115068
5302425227626404,轉發微博,2026-05-25 19:59:06,天津,7820162689,草莓兔Di,https://weibo.com/u/7820162689
5302425227626404,转发微博,2026-05-25 19:58:18,山东,6136701804,闭嘴吧泥吵死了,https://weibo.com/u/6136701804
5302425227626404,转发微博,2026-05-25 19:58:15,重庆,6307114965,小兔拔菠萝,https://weibo.com/u/6307114965
5302425227626404,转发微博,2026-05-25 19:29:00,湖北,7985716820,泰尼尼重度依赖,https://weibo.com/u/7985716820
5302425227626404,而且还是我立刻就想拿到的快递干饭晚睡最可怕的是你下课刚取快递到宿舍楼底下驿站发短信告诉你新的取件码[柯基],2026-05-25 19:28:23,青海,6378562730,狼鱼初恋頌,https://weibo.com/u/6378562730
5302425227626404,妈呀普通食民最好的祝福祝你舍友都是正常人[笑cry],2026-05-25 19:28:07,青海,6378562730,狼鱼初恋頌,https://weibo.com/u/6378562730
5302425227626404,等一下不管怎么说还我校园卡,2026-05-25 19:27:50,安徽,8225079562,Renepaiiii,https://weibo.com/u/8225079562
5302425227626404,小时候总是看那种校花校草偶像剧真上了大学才懂多离谱最受欢迎的其实是学校的小猫咪和小狗狗,2026-05-25 19:24:11,河北,7497735107,今天加几餐,https://weibo.com/u/7497735107
5302425227626404,转发微博,2026-05-25 19:16:28,内蒙古,8237919480,云朵小面包567,https://weibo.com/u/8237919480
5302425227626404,转发微博,2026-05-25 18:55:49,四川,8440738099,小之纯,https://weibo.com/u/8440738099
5302425227626404,转发微博,2026-05-25 18:55:05,山西,7909041044,的猫uuu,https://weibo.com/u/7909041044
5302425227626404,转发微博,2026-05-25 18:46:54,天津,6602539898,没名字给我用了_,https://weibo.com/u/6602539898
5302425227626404,转发微博,2026-05-25 18:45:20,广东,7509105729,用户122226679,https://weibo.com/u/7509105729
5302425227626404,转发微博,2026-05-25 18:45:07,陕西,6265774030,im02_,https://weibo.com/u/6265774030
5302425227626404,转发微博,2026-05-25 18:42:57,陕西,7378806415,天降小萌猴信女心想事成版,https://weibo.com/u/7378806415
5302425227626404,ho94sung_我上学,2026-05-25 18:42:50,江西,7491659444,獭獭蛋塔,https://weibo.com/u/7491659444
5302425227626404,我上学,2026-05-25 18:42:27,广东,6819571734,ho94sung_,https://weibo.com/u/6819571734
5302425227626404,接普通食民最好的祝福祝你舍友都是正常人[笑cry],2026-05-25 18:34:38,河北,7327841299,十字天使心,https://weibo.com/u/7327841299
5302425227626404,转发微博,2026-05-25 18:25:24,辽宁,5876760558,卷卷曲奇_,https://weibo.com/u/5876760558
5302425227626404,转发微博,2026-05-25 17:45:17,山西,7613124732,耀丸什么-Sixteen,https://weibo.com/u/7613124732
5302425227626404,小说里的大学是第一排,2026-05-25 17:44:18,四川,8012155298,Need乾,https://weibo.com/u/8012155298
5302425227626404,听懂的人都哭了普通食民最好的祝福祝你舍友都是正常人[笑cry],2026-05-25 17:34:44,山东,6508108275,还我脸颊腮腮肉,https://weibo.com/u/6508108275
5302425227626404,我接普通食民最好的祝福祝你舍友都是正常人[笑cry],2026-05-25 17:28:58,广东,7251438581,偷了男神内裤套头上在雨夜狂奔,https://weibo.com/u/7251438581
5302425227626404,嗯对,2026-05-25 17:27:04,广东,8229493925,讨厌吃鱼ka,https://weibo.com/u/8229493925
5302425227626404,转发微博,2026-05-25 17:21:34,广西,7847544522,青枝昭我心,https://weibo.com/u/7847544522
5302425227626404,萌犬餐wonmeow带猴判官愛上天使的眼淚_用手描绘牛的眼鼻嘴转发微博,2026-05-25 16:47:32,江苏,6653092297,正桶男,https://weibo.com/u/6653092297
5302425227626404,Repost,2026-05-25 16:40:42,广东,7644603414,Vellichor_ariay,https://weibo.com/u/7644603414
5302425227626404,wonmeow带猴判官愛上天使的眼淚_用手描绘牛的眼鼻嘴转发微博,2026-05-25 16:40:27,湖南,6581903848,萌犬餐,https://weibo.com/u/6581903848
5302425227626404,骗你的都不怎么去食堂[笑cry],2026-05-25 16:32:14,广东,7345811135,lucky_year6,https://weibo.com/u/7345811135
5302425227626404,你这个小节吧愛上天使的眼淚_用手描绘牛的眼鼻嘴转发微博,2026-05-25 16:27:00,广东,7784801944,恒温羊驼,https://weibo.com/u/7784801944
5302425227626404,愛上天使的眼淚_用手描绘牛的眼鼻嘴转发微博,2026-05-25 16:25:19,广东,7262879175,你这个小节吧,https://weibo.com/u/7262879175
5302425227626404,带猴判官愛上天使的眼淚_用手描绘牛的眼鼻嘴转发微博,2026-05-25 16:23:32,浙江,6260139889,tositsoydohstidhpcc,https://weibo.com/u/6260139889
5302425227626404,转发微博,2026-05-25 16:19:26,浙江,6766684923,心为乾镐安_,https://weibo.com/u/6766684923
5302425227626404,带猴判官愛上天使的眼淚_用手描绘牛的眼鼻嘴转发微博,2026-05-25 16:19:24,上海,6118682906,wonmeow-,https://weibo.com/u/6118682906
5302425227626404,愛上天使的眼淚_用手描绘牛的眼鼻嘴转发微博,2026-05-25 16:18:44,广东,7439076327,吃口猪酱包,https://weibo.com/u/7439076327
5302425227626404,愛上天使的眼淚_用手描绘牛的眼鼻嘴转发微博,2026-05-25 16:18:43,天津,7802444368,带猴判官,https://weibo.com/u/7802444368
5302425227626404,用手描绘牛的眼鼻嘴转发微博,2026-05-25 16:18:04,广东,6591392813,愛上天使的眼淚_,https://weibo.com/u/6591392813
5302425227626404,转发微博,2026-05-25 16:17:45,四川,6140995041,用手描绘牛的眼鼻嘴,https://weibo.com/u/6140995041
5302425227626404,转发微博,2026-05-25 16:13:01,甘肃,7443319484,豆几与风,https://weibo.com/u/7443319484
5302425227626404,取件码刚发过来[兔子],2026-05-25 16:07:11,山西,8005857575,煮沸消独-,https://weibo.com/u/8005857575
5302425227626404,转发微博,2026-05-25 15:55:36,韩国,8011474886,瘦到昏厥就可以了,https://weibo.com/u/8011474886
5302425227626404,我快递到了谁去帮我取一下茉莉雨Yiii_我快递又到了谁去帮我拿一下,2026-05-25 15:44:36,广东,7946273117,你会去听吗,https://weibo.com/u/7946273117
5302425227626404,转发微博,2026-05-25 15:37:27,浙江,6462068597,老教授_,https://weibo.com/u/6462068597
5302425227626404,转发微博,2026-05-25 15:32:39,湖北,6980875115,哥哥你敢幸福就死定了,https://weibo.com/u/6980875115
5302425227626404,对,2026-05-25 15:29:51,海南,7754183731,麻薯奶冻卷卷卷,https://weibo.com/u/7754183731
5302425227626404,我快递又到了谁去帮我拿一下,2026-05-25 15:16:25,上海,7468344915,茉莉雨Yiii_,https://weibo.com/u/7468344915
5302425227626404,转发微博,2026-05-25 15:15:07,河南,7018166738,萝渽苠,https://weibo.com/u/7018166738
5302425227626404,转发微博,2026-05-25 15:14:49,四川,6912067736,Cccqr-,https://weibo.com/u/6912067736
5302425227626404,转发微博,2026-05-25 14:38:51,山东,7381959679,用户_20200130,https://weibo.com/u/7381959679
5302425227626404,我有点弟弟了,2026-05-25 14:36:40,浙江,7990622748,就算倒转天地我也能找到你,https://weibo.com/u/7990622748
5302425227626404,转发微博,2026-05-25 14:31:58,广东,6984504253,-小鱼yuuw,https://weibo.com/u/6984504253
5302425227626404,我连食堂都不去,2026-05-25 14:17:21,浙江,7958325098,躲进被子里直到世界毁灭,https://weibo.com/u/7958325098
5302425227626404,转发微博,2026-05-25 14:15:24,江苏,7304342040,旼咚序-,https://weibo.com/u/7304342040
5302425227626404,转发微博,2026-05-25 12:22:29,海南,6739231071,世界坏小馨好,https://weibo.com/u/6739231071
5302425227626404,我们家附近真的没什么好吃的外卖监控热评你以为的表白墙内容表白某个男生女生实际上的到底是谁偷了我的外卖[柯基],2026-05-25 11:45:57,北京,7579394246,__esse__,https://weibo.com/u/7579394246
5302425227626404,转发微博,2026-05-25 11:45:28,江西,6194237624,路障者重,https://weibo.com/u/6194237624
5302425227626404,转发微博,2026-05-25 11:45:27,福建,6203787466,高帅友与狗,https://weibo.com/u/6203787466
5302425227626404,转发微博,2026-05-25 11:45:24,海南,6200873730,满街玫瑰谁奢华了谁眉间情莫装纯,https://weibo.com/u/6200873730
5302425227626404,转发微博,2026-05-25 11:45:24,浙江,5893911447,菊丹青,https://weibo.com/u/5893911447
5302425227626404,转发微博,2026-05-25 11:45:21,上海,6198904799,把酒慰风尘时忘人愿予你,https://weibo.com/u/6198904799
5302425227626404,转发微博,2026-05-25 11:45:22,陕西,6198732882,没了她的他风中杀焚烧,https://weibo.com/u/6198732882
5302425227626404,转发微博,2026-05-25 11:45:20,江苏,6863211588,微微一笑92,https://weibo.com/u/6863211588
5302425227626404,转发微博,2026-05-25 11:45:20,青海,5879125993,别无他心被枷锁她懂,https://weibo.com/u/5879125993
5302425227626404,转发微博,2026-05-25 11:45:19,上海,6108131829,鱼儿在等待海水止不住,https://weibo.com/u/6108131829
5302425227626404,转发微博,2026-05-25 11:45:18,广东,6614192527,1101平安幸福,https://weibo.com/u/6614192527
5302425227626404,转发微博,2026-05-25 11:45:19,湖南,6931534366,劉__建lj,https://weibo.com/u/6931534366
5302425227626404,转发微博,2026-05-25 11:45:19,河北,6189739891,若无所梦美娘子惡徒,https://weibo.com/u/6189739891
5302425227626404,转发微博,2026-05-25 11:45:18,安徽,6478589125,欢欢3168,https://weibo.com/u/6478589125
5302425227626404,转发微博,2026-05-25 11:45:18,江苏,5942153409,残羽biubiubiu,https://weibo.com/u/5942153409
5302425227626404,转发微博,2026-05-25 11:45:19,陕西,3124648363,戎装映山河-,https://weibo.com/u/3124648363
5302425227626404,转发微博,2026-05-25 11:45:19,湖南,6866938009,jacky51035,https://weibo.com/u/6866938009
5302425227626404,转发微博,2026-05-25 11:45:18,内蒙古,6679700104,用户6679700104,https://weibo.com/u/6679700104
5302425227626404,转发微博,2026-05-25 11:45:18,河南,6905433538,铁骨护家园-,https://weibo.com/u/6905433538
5302425227626404,转发微博,2026-05-25 11:45:18,天津,6818052669,边关月70,https://weibo.com/u/6818052669
5302425227626404,转发微博,2026-05-25 11:45:18,北京,6889276148,随风Y90,https://weibo.com/u/6889276148
5302425227626404,转发微博,2026-05-25 11:45:18,广东,5266089538,草绿色的故事人生,https://weibo.com/u/5266089538
5302425227626404,转发微博,2026-05-25 11:45:18,河南,6592603711,爱笑的老刘L,https://weibo.com/u/6592603711
5302425227626404,转发微博,2026-05-25 11:45:18,江苏,6232850441,夏天的浪漫-T,https://weibo.com/u/6232850441
5302425227626404,转发微博,2026-05-25 11:45:18,广东,6462356165,奔跑的蜗牛A000,https://weibo.com/u/6462356165
5302425227626404,转发微博,2026-05-25 11:45:18,北京,6104635700,明哲ik,https://weibo.com/u/6104635700
5302425227626404,转发微博,2026-05-25 11:45:18,天津,6882777466,晓与dfdf,https://weibo.com/u/6882777466
5302425227626404,转发微博,2026-05-25 11:45:18,河南,6882306003,用户6882306003,https://weibo.com/u/6882306003
5302425227626404,转发微博,2026-05-25 11:45:15,海南,5659592143,淡淡星光Z,https://weibo.com/u/5659592143
5302425227626404,转发微博,2026-05-25 11:45:14,内蒙古,5260558761,梦里的他洛血飞,https://weibo.com/u/5260558761
5302425227626404,转发微博,2026-05-25 11:45:14,西藏,1325818733,小狗撒欢_334,https://weibo.com/u/1325818733
5302425227626404,转发微博,2026-05-25 11:45:14,内蒙古,2757842364,弹出你的旋律渴望你,https://weibo.com/u/2757842364
5302425227626404,转发微博,2026-05-25 11:45:15,湖南,6203698063,少女掠夺者要有光,https://weibo.com/u/6203698063
5302425227626404,转发微博,2026-05-25 11:45:15,河北,2749276183,未来可期可期未来,https://weibo.com/u/2749276183
5302425227626404,转发微博,2026-05-25 11:45:15,广东,1089027884,风悠婉江,https://weibo.com/u/1089027884
5302425227626404,转发微博,2026-05-25 11:45:15,河北,7389243442,橘未橙不好,https://weibo.com/u/7389243442
5302425227626404,转发微博,2026-05-25 11:45:14,山东,2717879500,惡人骨孤船余灯,https://weibo.com/u/2717879500
5302425227626404,转发微博,2026-05-25 11:45:15,广东,1740719301,给你撩臣服先贤,https://weibo.com/u/1740719301
5302425227626404,转发微博,2026-05-25 11:45:14,西藏,6231564272,在赛车场刷视频的蜂蜜,https://weibo.com/u/6231564272
5302425227626404,转发微博,2026-05-25 11:45:15,广东,1420826061,别欠吻卑微的倔强,https://weibo.com/u/1420826061
5302425227626404,转发微博,2026-05-25 11:45:15,河北,6313537021,用户6313537021,https://weibo.com/u/6313537021
5302425227626404,转发微博,2026-05-25 11:45:15,广东,2429310053,蝶sse,https://weibo.com/u/2429310053
5302425227626404,转发微博,2026-05-25 11:45:15,河北,3009457933,男暴君还是浪,https://weibo.com/u/3009457933
5302425227626404,转发微博,2026-05-25 11:45:14,河南,6358515695,陌年gg丶,https://weibo.com/u/6358515695
5302425227626404,转发微博,2026-05-25 11:45:14,安徽,6459476172,扬帆起航_2525,https://weibo.com/u/6459476172
5302425227626404,转发微博,2026-05-25 11:45:14,江苏,5307998333,用户5307998333,https://weibo.com/u/5307998333
5302425227626404,转发微博,2026-05-25 11:45:13,安徽,3023350525,手机用户3023350525,https://weibo.com/u/3023350525
5302425227626404,转发微博,2026-05-25 11:45:14,江苏,6193191292,我与孤独从归旧好男婆姨,https://weibo.com/u/6193191292
5302425227626404,转发微博,2026-05-25 11:45:13,山西,3636706951,吕希雨泽,https://weibo.com/u/3636706951
5302425227626404,转发微博,2026-05-25 11:45:14,新疆,6191359792,我没有说非要到老喜,https://weibo.com/u/6191359792
5302425227626404,转发微博,2026-05-25 11:45:14,上海,6205163833,像梦路人局,https://weibo.com/u/6205163833
5302425227626404,转发微博,2026-05-25 11:45:14,福建,5209554748,冷漠978_343,https://weibo.com/u/5209554748
5302425227626404,转发微博,2026-05-25 11:45:13,浙江,1793121650,男人犯帅不犯贱酒,https://weibo.com/u/1793121650
5302425227626404,转发微博,2026-05-25 11:45:14,河北,5923855200,英超第品红酒,https://weibo.com/u/5923855200
5302425227626404,转发微博,2026-05-25 11:45:14,新疆,6193919687,生老病死荆轲树,https://weibo.com/u/6193919687
5302425227626404,转发微博,2026-05-25 11:45:14,江西,6201220953,限量版纯情莫装,https://weibo.com/u/6201220953
5302425227626404,转发微博,2026-05-25 11:45:14,黑龙江,6011913980,今天好像有点热吖,https://weibo.com/u/6011913980
5302425227626404,转发微博,2026-05-25 11:45:14,广东,6195494991,捡笑话好心酸,https://weibo.com/u/6195494991
5302425227626404,转发微博,2026-05-25 11:45:14,江苏,6195235494,言语旳荆棘太仔细,https://weibo.com/u/6195235494
5302425227626404,转发微博,2026-05-25 11:45:14,安徽,1621481430,未来可期加码,https://weibo.com/u/1621481430
5302425227626404,转发微博,2026-05-25 11:45:14,河南,3994225241,我-本-善-良1967_357,https://weibo.com/u/3994225241
5302425227626404,转发微博,2026-05-25 11:45:14,广东,5169241691,山高水长8889,https://weibo.com/u/5169241691
5302425227626404,转发微博,2026-05-25 11:45:14,浙江,5768844215,nian许,https://weibo.com/u/5768844215
5302425227626404,转发微博,2026-05-25 11:45:14,湖北,6194072024,奋斗赎青春会撸吗,https://weibo.com/u/6194072024
5302425227626404,转发微博,2026-05-25 11:45:14,山西,1260513840,天下会一,https://weibo.com/u/1260513840
5302425227626404,转发微博,2026-05-25 11:45:13,浙江,6141980857,孙小节工作室,https://weibo.com/u/6141980857
5302425227626404,转发微博,2026-05-25 11:45:13,黑龙江,6451121460,Awayskk121,https://weibo.com/u/6451121460
5302425227626404,转发微博,2026-05-25 11:45:13,江西,6176994266,黑豆有梦想,https://weibo.com/u/6176994266
5302425227626404,转发微博,2026-05-25 11:45:12,河南,1940578645,timac1992,https://weibo.com/u/1940578645
5302425227626404,转发微博,2026-05-25 11:45:13,湖南,5203849663,最後冰吻心不深,https://weibo.com/u/5203849663
5302425227626404,转发微博,2026-05-25 11:45:13,江西,5712625835,全栈工场,https://weibo.com/u/5712625835
5302425227626404,转发微博,2026-05-25 11:45:13,福建,5866955294,HegemonOfAntarctic,https://weibo.com/u/5866955294
5302425227626404,转发微博,2026-05-25 11:45:13,河南,6551842980,瑰丽柚子爱修图,https://weibo.com/u/6551842980
5302425227626404,转发微博,2026-05-25 11:45:13,黑龙江,5946489357,斧山369,https://weibo.com/u/5946489357
5302425227626404,转发微博,2026-05-25 11:45:13,湖南,6972635090,竹悠甜莓,https://weibo.com/u/6972635090
5302425227626404,转发微博,2026-05-25 11:45:12,河南,1020668370,huixin_307,https://weibo.com/u/1020668370
5302425227626404,转发微博,2026-05-25 11:45:12,辽宁,5301522201,暮年渐暮久,https://weibo.com/u/5301522201
5302425227626404,转发微博,2026-05-25 11:45:13,青海,2994788283,谁用了我的手机号注册555,https://weibo.com/u/2994788283
5302425227626404,转发微博,2026-05-25 11:45:12,江苏,6050208742,七崽呀OOIL,https://weibo.com/u/6050208742
5302425227626404,转发微博,2026-05-25 11:45:13,浙江,6458865834,小雨天气433,https://weibo.com/u/6458865834
5302425227626404,转发微博,2026-05-25 11:45:13,湖南,6449751652,丨晴岚灬,https://weibo.com/u/6449751652
5302425227626404,转发微博,2026-05-25 11:45:13,福建,1461042934,ywyingwang_783,https://weibo.com/u/1461042934
5302425227626404,转发微博,2026-05-25 11:45:12,山西,1847977233,Yhhgfrtu,https://weibo.com/u/1847977233
5302425227626404,转发微博,2026-05-25 11:45:12,四川,7728601364,上尉被浸,https://weibo.com/u/7728601364
5302425227626404,转发微博,2026-05-25 11:45:13,四川,5382636176,用户5382636176,https://weibo.com/u/5382636176
5302425227626404,转发微博,2026-05-25 11:45:13,四川,6570415832,Dontletthemgojustfucktha_,https://weibo.com/u/6570415832
5302425227626404,转发微博,2026-05-25 11:45:13,海南,6055927673,爱情诺谩迪8,https://weibo.com/u/6055927673
5302425227626404,转发微博,2026-05-25 11:45:13,浙江,6622067496,弈非非非凡,https://weibo.com/u/6622067496
5302425227626404,转发微博,2026-05-25 11:45:12,宁夏,7659606882,咪谙女hdc,https://weibo.com/u/7659606882
5302425227626404,转发微博,2026-05-25 11:45:13,浙江,2944194827,手机用户2944194827,https://weibo.com/u/2944194827
5302425227626404,转发微博,2026-05-25 11:45:13,青海,2388164533,可爱女人女装指肀导,https://weibo.com/u/2388164533
5302425227626404,转发微博,2026-05-25 11:45:13,江西,6812421979,爱国就缴税,https://weibo.com/u/6812421979
5302425227626404,转发微博,2026-05-25 11:45:13,广东,5643857372,春姿明媚,https://weibo.com/u/5643857372
5302425227626404,转发微博,2026-05-25 11:45:12,湖南,3956340732,梦奇YL,https://weibo.com/u/3956340732
5302425227626404,转发微博,2026-05-25 11:45:13,河南,3871036675,顾心凉走对的路让未来无悔,https://weibo.com/u/3871036675
5302425227626404,转发微博,2026-05-25 11:45:12,黑龙江,5135858654,深夜总是让人想,https://weibo.com/u/5135858654
5302425227626404,转发微博,2026-05-25 11:45:12,黑龙江,6314323983,好时光吹走了少年林公子,https://weibo.com/u/6314323983
5302425227626404,转发微博,2026-05-25 11:45:12,山西,5986026248,小可乐殇鈊誶,https://weibo.com/u/5986026248
5302425227626404,转发微博,2026-05-25 11:45:12,甘肃,1411315223,全自动雁北,https://weibo.com/u/1411315223
5302425227626404,转发微博,2026-05-25 11:45:12,湖北,2506043001,足够暖骨子,https://weibo.com/u/2506043001
5302425227626404,转发微博,2026-05-25 11:45:12,湖南,6201607407,痴心风排面儿,https://weibo.com/u/6201607407
5302425227626404,转发微博,2026-05-25 11:45:12,安徽,6831564167,十里温柔春光暮,https://weibo.com/u/6831564167
5302425227626404,转发微博,2026-05-25 11:45:12,黑龙江,5977497483,我希望未来,https://weibo.com/u/5977497483
5302508151113856,转发微博,2026-05-29 04:01:27,江苏,5667478525,smile72338,https://weibo.com/u/5667478525
5302508151113856,转发微博,2026-05-29 02:13:06,湖北,7350649616,莲莲3333,https://weibo.com/u/7350649616
5302508151113856,沈教授人真好,2026-05-28 23:00:28,辽宁,1824487295,闪亮的紫红色,https://weibo.com/u/1824487295
5302508151113856,转发微博,2026-05-28 22:32:16,广东,6138473926,wenzhijinn,https://weibo.com/u/6138473926
5302508151113856,转发微博,2026-05-28 22:23:22,浙江,7770023850,与子何忧,https://weibo.com/u/7770023850
5302508151113856,转发微博,2026-05-28 21:58:34,浙江,1395495372,薇微辰,https://weibo.com/u/1395495372
5302508151113856,健康的活着最好,2026-05-28 21:49:11,山东,5878755029,蓝裳5878755029,https://weibo.com/u/5878755029
5302508151113856,转发微博,2026-05-28 20:37:37,江苏,6116450118,summer的故事_666,https://weibo.com/u/6116450118
5302508151113856,转发微博,2026-05-28 20:32:22,江苏,2268451862,xiuci22603,https://weibo.com/u/2268451862
5302508151113856,转发微博,2026-05-28 19:45:40,湖北,1825461734,c西瓜家的西瓜c,https://weibo.com/u/1825461734
5302508151113856,转发微博,2026-05-28 17:35:14,江苏,6793569247,Katherine-201101,https://weibo.com/u/6793569247
5302508151113856,转发微博,2026-05-28 17:13:06,上海,1373769801,小呀小呀小月牙,https://weibo.com/u/1373769801
5302508151113856,转发微博,2026-05-28 16:36:07,上海,5743921596,用户5743921596,https://weibo.com/u/5743921596
5302508151113856,转发微博,2026-05-28 15:06:34,福建,1015046530,屁屁柒宝酱,https://weibo.com/u/1015046530
5302508151113856,转发微博,2026-05-28 13:50:40,湖北,5887359712,南顾112,https://weibo.com/u/5887359712
5302508151113856,转发微博,2026-05-28 13:49:28,上海,2772327027,午夜卖米糊,https://weibo.com/u/2772327027
5302508151113856,转发微博,2026-05-28 13:47:06,湖北,5887359712,南顾112,https://weibo.com/u/5887359712
5302508151113856,转发微博,2026-05-28 13:46:23,湖北,5887359712,南顾112,https://weibo.com/u/5887359712
5302508151113856,转发微博,2026-05-28 13:08:55,贵州,7639041908,monsterfox17,https://weibo.com/u/7639041908
5302508151113856,转发微博,2026-05-28 12:54:04,河南,1806771605,共派三墅,https://weibo.com/u/1806771605
5302508151113856,转发微博,2026-05-28 11:36:56,广西,5403628622,人间四月天6170201,https://weibo.com/u/5403628622
5302508151113856,转发微博,2026-05-28 11:23:32,湖北,1708373383,白米饭可口,https://weibo.com/u/1708373383
5302508151113856,转发微博,2026-05-28 11:21:26,广东,7724663004,用户7724663004,https://weibo.com/u/7724663004
5302508151113856,转发微博,2026-05-28 10:08:34,湖北,8005144937,用户8005144937,https://weibo.com/u/8005144937
5302508151113856,转发微博,2026-05-28 09:09:17,广西,1752652034,悕懔,https://weibo.com/u/1752652034
5302508151113856,转发微博,2026-05-28 08:19:57,河南,5616297747,重返10年,https://weibo.com/u/5616297747
5302508151113856,转发微博,2026-05-28 08:09:47,宁夏,1328339393,不问何年,https://weibo.com/u/1328339393
5302508151113856,转发微博,2026-05-28 07:42:06,河北,1891715215,ABRHJ,https://weibo.com/u/1891715215
5302508151113856,转发微博,2026-05-28 06:45:39,浙江,6923194560,洋洋Y顶呱呱K,https://weibo.com/u/6923194560
5302508151113856,转发微博,2026-05-28 05:55:45,江苏,1583738823,提壶不买酒买茶一人饮,https://weibo.com/u/1583738823
5302508151113856,转发微博,2026-05-27 23:28:23,安徽,6745311770,向日葵的慧笑,https://weibo.com/u/6745311770
5302508151113856,转发微博,2026-05-27 23:13:35,广东,1827367177,琳琳琅琅琳琳,https://weibo.com/u/1827367177
5302508151113856,想起来C之前让我接一位学生爸妈一个清华一个北大孩子英语只能6070我也是不敢接怕教不出来[笑cry]最近常看到沈教授的视频虽然我是做培训的但是作为妈妈我还是很佛系的到现在我问旭宝最多的就是最近上学开心吗,2026-05-27 23:08:35,浙江,5467525800,Serena与六便士,https://weibo.com/u/5467525800
5302508151113856,转发微博,2026-05-27 22:33:16,安徽,5030108395,相信大耳朵锤子,https://weibo.com/u/5030108395
5302508151113856,转发微博,2026-05-27 22:31:14,广东,6886230739,元气少女的星辰大海,https://weibo.com/u/6886230739
5302508151113856,转发微博,2026-05-27 22:05:45,福建,2281142690,FLE38534,https://weibo.com/u/2281142690
5302508151113856,转发微博,2026-05-27 21:54:40,北京,6205278135,用户6205278135,https://weibo.com/u/6205278135
5302508151113856,转发微博,2026-05-27 20:31:30,广东,5665396297,feichang之事,https://weibo.com/u/5665396297
5302508151113856,转发微博,2026-05-27 20:23:45,江苏,1733894682,76樱子,https://weibo.com/u/1733894682
5302508151113856,幸存者偏差咋不说普通市民家庭也有孩子上清北还不少只要愿意卷天资差不多的各种类型的家庭不应该都有mjkkkkkkk0304但是很多老师的孩子成绩都很好啊我知道的几个校长的小孩不是清北就是复旦上交什么的,2026-05-27 19:43:45,福建,7907117512,地球游戏待岗NPC,https://weibo.com/u/7907117512
5302508151113856,但是他儿子这种性格很讨喜啊,2026-05-27 19:20:20,浙江,7476369933,醛克皅,https://weibo.com/u/7476369933
5302508151113856,转发微博,2026-05-27 18:46:54,辽宁,1816742443,星宝,https://weibo.com/u/1816742443
5302508151113856,Repost,2026-05-27 17:40:52,韩国,3149588120,粉红猪乾坤屁,https://weibo.com/u/3149588120
5302508151113856,父母没有执念孩子就会很幸福不是每个孩子都要拿一百分才是优秀[可爱],2026-05-27 16:32:27,福建,5618411077,shfyoga,https://weibo.com/u/5618411077
5302508151113856,转发微博,2026-05-27 16:17:03,江苏,7958685155,南de小鹿,https://weibo.com/u/7958685155
5302508151113856,转发微博,2026-05-27 16:03:45,吉林,6910213726,千宁一,https://weibo.com/u/6910213726
5302508151113856,转发微博,2026-05-27 16:01:08,广西,1784855527,趴趴爬,https://weibo.com/u/1784855527
5302508151113856,[允悲][允悲][允悲],2026-05-27 15:52:56,山东,1968039321,向阳飞翔1314,https://weibo.com/u/1968039321
5302508151113856,考进了能升天吗,2026-05-27 15:43:36,上海,7620844095,未来已来btc,https://weibo.com/u/7620844095
5302508151113856,转发微博,2026-05-27 15:40:36,广西,1784855527,趴趴爬,https://weibo.com/u/1784855527
5302508151113856,转发微博,2026-05-27 14:59:40,湖南,1421559790,歪歪邝,https://weibo.com/u/1421559790
5302508151113856,转发微博,2026-05-27 14:52:17,山东,1746725677,小拇指童鞋,https://weibo.com/u/1746725677
5302508151113856,转发微博,2026-05-27 14:48:38,广东,2865321087,zidane-biezhen,https://weibo.com/u/2865321087
5302508151113856,转发微博,2026-05-27 14:47:56,新疆,1713458981,早又早8196,https://weibo.com/u/1713458981
5302508151113856,转发微博,2026-05-27 14:46:58,新疆,1713458981,早又早8196,https://weibo.com/u/1713458981
5302508151113856,转发微博,2026-05-27 14:32:59,陕西,7516158548,用户7516158548,https://weibo.com/u/7516158548
5302508151113856,转发微博,2026-05-27 14:25:40,上海,7622861279,绞尽脑汁取名的笨人,https://weibo.com/u/7622861279
5302508151113856,转发微博,2026-05-27 14:24:34,山东,2429750053,小荷花叶_,https://weibo.com/u/2429750053
5302508151113856,转发微博,2026-05-27 14:20:46,山东,2429750053,小荷花叶_,https://weibo.com/u/2429750053
5302508151113856,转发微博,2026-05-27 14:10:25,河南,5579547387,妮妮猪_6123,https://weibo.com/u/5579547387
5302508151113856,转发微博,2026-05-27 13:41:09,上海,6124580814,用户6124580814,https://weibo.com/u/6124580814
5302508151113856,转发微博,2026-05-27 13:36:13,江苏,7384860225,星月馨宸,https://weibo.com/u/7384860225
5302508151113856,转发微博,2026-05-27 13:04:17,安徽,2431035165,弓长豆豆豆豆豆豆,https://weibo.com/u/2431035165
5302508151113856,转发微博,2026-05-27 12:47:22,江苏,5892715735,青青婀娜,https://weibo.com/u/5892715735
5302508151113856,转发微博,2026-05-27 12:44:56,广东,7036904427,Helenella5590,https://weibo.com/u/7036904427
5302508151113856,转发微博,2026-05-27 12:21:09,上海,1714099127,木糖醇Amanda,https://weibo.com/u/1714099127
5302508151113856,转发微博,2026-05-27 12:16:44,北京,5714534197,冰茉莉大甜甜,https://weibo.com/u/5714534197
5302508151113856,转发微博,2026-05-27 11:34:00,山东,7808125697,婧心唯祎,https://weibo.com/u/7808125697
5302508151113856,转发微博,2026-05-27 11:20:03,天津,3281776457,千与千寻爱1,https://weibo.com/u/3281776457
5302508151113856,转发微博,2026-05-27 11:09:40,江苏,5647356693,余声南吟,https://weibo.com/u/5647356693
5302508151113856,[哈哈][鲜花]勿焦虑上天自由安排,2026-05-27 11:08:52,天津,2270460387,teaczarai,https://weibo.com/u/2270460387
5302508151113856,转发微博,2026-05-27 10:52:41,江苏,5799670967,刘小暖miki,https://weibo.com/u/5799670967
5302508151113856,转发微博,2026-05-27 10:42:00,湖南,6380858506,茹2017688,https://weibo.com/u/6380858506
5302508151113856,转发微博,2026-05-27 10:40:38,四川,6325934589,紫雨1870,https://weibo.com/u/6325934589
5302508151113856,转发微博,2026-05-27 10:19:59,山东,2195137783,汵楚,https://weibo.com/u/2195137783
5302508151113856,转发微博,2026-05-27 09:51:38,甘肃,5885145036,潇潇93257,https://weibo.com/u/5885145036
5302508151113856,转发微博,2026-05-27 09:43:13,安徽,7804538431,用户7804538431,https://weibo.com/u/7804538431
5302508151113856,转发微博,2026-05-27 09:37:58,浙江,3496603940,xuyan妮儿,https://weibo.com/u/3496603940
5302508151113856,转发微博,2026-05-27 09:37:44,辽宁,6306951262,锦鲤附体1206,https://weibo.com/u/6306951262
5302508151113856,转发微博,2026-05-27 09:08:13,广东,6352013081,chiquita22,https://weibo.com/u/6352013081
5302508151113856,每个孩子有他自己的路要走家长在能力范围内支持就好了,2026-05-27 09:04:38,河北,7165535549,丫丫爱妈咪0412,https://weibo.com/u/7165535549
5302508151113856,转发微博,2026-05-27 09:04:28,湖南,2719702033,airdingding,https://weibo.com/u/2719702033
5302508151113856,转发微博,2026-05-27 09:04:12,江苏,2577675802,枣儿妈的夏天,https://weibo.com/u/2577675802
5302508151113856,转发微博,2026-05-27 08:58:40,浙江,3927030226,Sun一壹辰,https://weibo.com/u/3927030226
5302508151113856,转发微博,2026-05-27 08:44:32,江苏,2012991762,妞妞-min,https://weibo.com/u/2012991762
5302508151113856,转发微博,2026-05-27 08:41:38,江西,3603185261,善解69,https://weibo.com/u/3603185261
5302508151113856,转发微博,2026-05-27 08:35:01,广东,5627227674,用户5627227674,https://weibo.com/u/5627227674
5302508151113856,转发微博,2026-05-27 08:22:40,陕西,1792916802,谢恩楠,https://weibo.com/u/1792916802
5302508151113856,转发微博,2026-05-27 08:21:21,陕西,2572778103,快乐大仙子,https://weibo.com/u/2572778103
5302508151113856,转发微博,2026-05-27 08:18:51,江苏,6076363335,沐雪一园,https://weibo.com/u/6076363335
5302508151113856,喜欢沈老师的直率,2026-05-27 08:17:23,上海,7574074589,用户7574074589,https://weibo.com/u/7574074589
5302508151113856,转发微博,2026-05-27 08:17:06,广东,1896108302,Mix-L,https://weibo.com/u/1896108302
5302508151113856,转发微博,2026-05-27 08:15:40,湖南,5839866700,庭院深深2000,https://weibo.com/u/5839866700
5302508151113856,转发微博,2026-05-27 08:14:46,北京,2665723497,卿卿我卿卿唧唧,https://weibo.com/u/2665723497
5302508151113856,转发微博,2026-05-27 08:13:13,浙江,1031082595,牛丞妈咪_292,https://weibo.com/u/1031082595
5302508151113856,转发微博,2026-05-27 08:12:38,安徽,3194494512,哭泣的风信子2013,https://weibo.com/u/3194494512
5302508151113856,转发微博,2026-05-27 08:11:10,江西,5065300795,萦梦浮萍,https://weibo.com/u/5065300795
5302508151113856,转发微博,2026-05-27 08:10:35,上海,6194821443,用户6194821443,https://weibo.com/u/6194821443
5302508151113856,很喜欢沈教授但是沈教授之前自己也在直播间说了因为他们作为家长作为父母已经给孩子挣到了足够多的钱是能够给到他们都兜底的不需要孩子们去思考这些问题但是很多普通家庭的孩子是没有办法绕开这个另一个角度上来说其实这个观点也不错吧只能说是嗯没办法只能想开点,2026-05-27 08:10:22,江苏,3013117375,小王小王-旺旺旺旺,https://weibo.com/u/3013117375
5302508151113856,cantagreemore,2026-05-27 08:09:10,四川,1805395564,Catherinelovelinda,https://weibo.com/u/1805395564
5302508151113856,转发微博,2026-05-27 08:09:01,福建,3810052415,萧眉3810052415,https://weibo.com/u/3810052415
5302508151113856,转发微博,2026-05-27 08:08:59,广东,5593893180,康先生地盘,https://weibo.com/u/5593893180
5302508151113856,缓解焦虑,2026-05-27 08:08:13,上海,2689313381,又厚又多的厚多士,https://weibo.com/u/2689313381
5302508151113856,转发微博,2026-05-27 08:07:42,江苏,6704211490,用户6704211490,https://weibo.com/u/6704211490
5302508151113856,转发微博,2026-05-27 08:07:14,河北,3962273453,七仔123456789,https://weibo.com/u/3962273453
5302508151113856,转发微博,2026-05-27 08:07:03,江苏,3820713436,J---Z小姐,https://weibo.com/u/3820713436
5302508151113856,转发微博,2026-05-27 08:06:48,江苏,6704211490,用户6704211490,https://weibo.com/u/6704211490
5302508151113856,转发微博,2026-05-27 08:06:07,吉林,7541533545,甜松鼠100,https://weibo.com/u/7541533545
5302508151113856,转发微博,2026-05-27 08:05:51,四川,5718379603,茉莉花开hml,https://weibo.com/u/5718379603
5302508151113856,转发微博,2026-05-27 08:05:03,湖南,3845227465,木子萍yi,https://weibo.com/u/3845227465
5302508151113856,转发微博,2026-05-27 08:04:17,山东,1723272661,大米喂小米,https://weibo.com/u/1723272661
5302508151113856,转发微博,2026-05-27 08:04:05,重庆,6077213641,喝牛奶长大的孩纸,https://weibo.com/u/6077213641
5302508151113856,转发微博,2026-05-27 08:04:01,山东,6366722763,alittle笨猪,https://weibo.com/u/6366722763
5302508151113856,爱生活爱阳光2011,2026-05-27 08:03:37,广东,1933899452,JJ竹间一壶酒,https://weibo.com/u/1933899452
5302508151113856,转发微博,2026-05-27 08:02:28,重庆,7751656212,我是一只小猴子202204,https://weibo.com/u/7751656212
5302508151113856,转发微博,2026-05-27 08:01:38,江苏,2107378550,青青靖,https://weibo.com/u/2107378550
5302508151113856,转发微博,2026-05-27 08:01:35,河北,7305656335,碧海青天_2019,https://weibo.com/u/7305656335
5302508151113856,转发微博,2026-05-27 08:00:47,山西,6422151386,用户6422151386,https://weibo.com/u/6422151386
5302508151113856,转发微博,2026-05-27 08:00:36,江苏,2107378550,青青靖,https://weibo.com/u/2107378550
5302508151113856,转发微博,2026-05-27 07:59:57,湖北,7827955883,Peacekkknow,https://weibo.com/u/7827955883
5302508151113856,转发微博,2026-05-27 07:59:27,江西,1844135935,难得可以有梦想,https://weibo.com/u/1844135935
5302508151113856,转发微博,2026-05-27 07:59:18,吉林,1678033981,酥酥饼家的长毛兔,https://weibo.com/u/1678033981
5302508151113856,转发微博,2026-05-27 07:59:08,浙江,2276808192,蒙娜LI赛,https://weibo.com/u/2276808192
5302508151113856,转发微博,2026-05-27 07:58:36,广东,6570108963,爱坤小尾巴,https://weibo.com/u/6570108963
5302508151113856,转发微博,2026-05-27 07:58:01,广东,5856863471,艳渡寒潭54756,https://weibo.com/u/5856863471
5302508151113856,转发微博,2026-05-27 07:57:46,安徽,6388820903,小野人从容的牛,https://weibo.com/u/6388820903
5302508151113856,转发微博,2026-05-27 07:57:27,内蒙古,7990650577,在餐厅写书评的小鹿,https://weibo.com/u/7990650577
5302508151113856,转发微博,2026-05-27 07:57:09,广东,7991795381,在大峡谷写书评的山莓,https://weibo.com/u/7991795381
5302508151113856,转发微博,2026-05-27 07:56:52,安徽,5607325104,whitecloud无爱了,https://weibo.com/u/5607325104
5302508151113856,呜呜呜说的好好啊,2026-05-27 07:56:34,浙江,3784763975,Nalueva,https://weibo.com/u/3784763975
5302508151113856,转发微博,2026-05-27 07:56:18,上海,4016430210,用户4016430210,https://weibo.com/u/4016430210
5302508151113856,转发微博,2026-05-27 07:55:37,河南,9168027965,在鸟巢摆造型的兔子,https://weibo.com/u/9168027965
5302508151113856,转发微博,2026-05-27 07:55:20,广东,5215215123,XIAolig023,https://weibo.com/u/5215215123
5302508151113856,转发微博,2026-05-27 07:55:18,北京,6226184064,小能猫不吃竹子,https://weibo.com/u/6226184064
5302508151113856,转发微博,2026-05-27 07:55:12,上海,2759815367,longyusmiling,https://weibo.com/u/2759815367
5302508151113856,转发微博,2026-05-27 07:54:49,福建,5518404664,用户5518404664,https://weibo.com/u/5518404664
5302508151113856,转发微博,2026-05-27 07:54:11,广东,7339231940,晨宜Y,https://weibo.com/u/7339231940
5302508151113856,转发微博,2026-05-27 07:54:00,广东,7798835491,来自南方仁,https://weibo.com/u/7798835491
5302508151113856,转发微博,2026-05-27 07:53:59,湖北,2687385741,科玛嘉,https://weibo.com/u/2687385741
5302508151113856,父母能兜底对孩子的心态应该也很不一样,2026-05-27 07:53:23,福建,1274034314,壹恒一素,https://weibo.com/u/1274034314
5302508151113856,转发微博,2026-05-27 07:53:18,上海,7782042561,海底总动员199003,https://weibo.com/u/7782042561
5302508151113856,Repost,2026-05-27 07:53:10,澳大利亚,7521093914,亲爱的小Panda,https://weibo.com/u/7521093914
5302508151113856,但很遗憾的是很多差生不仅成绩差情商也没有沈教授儿子高就让家长很担忧学习成绩不决定一个人的一生但每一项都是短板就让人头疼了沈教授必然还是有过人的教育理念的,2026-05-27 07:52:21,辽宁,2161758433,姿势分子-knowledge,https://weibo.com/u/2161758433
5302508151113856,转发微博,2026-05-27 07:52:13,安徽,5607325104,whitecloud无爱了,https://weibo.com/u/5607325104
5302508151113856,转发微博,2026-05-27 07:52:09,山东,1659458882,然和我,https://weibo.com/u/1659458882
5302508151113856,转发微博,2026-05-27 07:52:05,北京,2129179490,辉辉小媳妇一枚,https://weibo.com/u/2129179490
5302508151113856,转发微博,2026-05-27 07:51:49,上海,6989809425,嘟暏渡度,https://weibo.com/u/6989809425
5302508151113856,转发微博,2026-05-27 07:51:18,山东,1837390987,遇见来自xinxin的你,https://weibo.com/u/1837390987
5302508151113856,转发微博,2026-05-27 07:50:03,山东,1659458882,然和我,https://weibo.com/u/1659458882
5302508151113856,转发微博,2026-05-27 07:49:44,山西,3226955427,Alice的幸福vuv,https://weibo.com/u/3226955427
5302508151113856,转发微博,2026-05-27 07:49:43,广东,1629457610,骄傲的猫不吃鱼,https://weibo.com/u/1629457610
5302508151113856,转发微博,2026-05-27 07:49:42,湖北,6621192132,文耀哥哥-,https://weibo.com/u/6621192132
5302508151113856,转发微博,2026-05-27 07:48:53,云南,8214135385,小蘑菇铁粉,https://weibo.com/u/8214135385
5302508151113856,转发微博,2026-05-27 07:48:06,河北,3880488018,Mikey810,https://weibo.com/u/3880488018
5302508151113856,转发微博,2026-05-27 07:47:47,河北,6880326406,bbzz吃饱饱,https://weibo.com/u/6880326406
5302508151113856,转发微博,2026-05-27 07:47:45,内蒙古,7297015688,乐伊理li,https://weibo.com/u/7297015688
5302508151113856,转发微博,2026-05-27 07:47:37,四川,3260244704,糖糖糖糖春燕,https://weibo.com/u/3260244704
5302508151113856,转发微博,2026-05-27 07:47:32,河南,1818517017,CiCi-111777,https://weibo.com/u/1818517017
5302508151113856,转发微博,2026-05-27 07:47:12,山东,1731061957,无敌铁牛89,https://weibo.com/u/1731061957
5302508151113856,转发微博,2026-05-27 07:47:10,广西,7399109080,秘境清幽2,https://weibo.com/u/7399109080
5302508151113856,转发微博,2026-05-27 07:47:04,山西,6126703330,玺猫宝宝,https://weibo.com/u/6126703330
5302508151113856,转发微博,2026-05-27 07:47:01,重庆,5153496412,my莫语my,https://weibo.com/u/5153496412
5302508151113856,转发微博,2026-05-27 07:46:50,广东,2334383533,氧气是个宝,https://weibo.com/u/2334383533
5302508151113856,转发微博,2026-05-27 07:46:40,江苏,2812683222,一米阳光sheeily,https://weibo.com/u/2812683222
5302508151113856,幸福心理学社会心理学,2026-05-27 07:46:25,湖北,2783496442,letitgobeyourself,https://weibo.com/u/2783496442
5302508151113856,转发微博,2026-05-27 07:46:03,浙江,5502007769,心理咨询师Zoey,https://weibo.com/u/5502007769
5302508151113856,转发微博,2026-05-27 07:45:45,广东,1797302382,陈志倩,https://weibo.com/u/1797302382
5302508151113856,家庭教育的成功,2026-05-27 07:45:33,湖北,3316302057,乐活儿乐活儿乐,https://weibo.com/u/3316302057
5302508151113856,转发微博,2026-05-27 07:45:24,河南,6052288410,是会眨眼的小星星啊,https://weibo.com/u/6052288410
5302508151113856,转发微博,2026-05-27 07:45:15,安徽,6412859865,御姐范的唠嗑,https://weibo.com/u/6412859865
5302508151113856,世事难料,2026-05-27 07:44:03,河北,7439519345,用户7439519345,https://weibo.com/u/7439519345
5302508151113856,转发微博,2026-05-27 07:43:18,上海,6485677161,考拉家的DD,https://weibo.com/u/6485677161
5302508151113856,转发微博,2026-05-27 07:43:13,广东,7542397807,ada666999_66206,https://weibo.com/u/7542397807
5302508151113856,[赞][赞][赞],2026-05-27 07:42:48,上海,7076015946,高雅_艺术,https://weibo.com/u/7076015946
5302508151113856,转发微博,2026-05-27 07:42:34,四川,3260244704,糖糖糖糖春燕,https://weibo.com/u/3260244704
5302508151113856,转发微博,2026-05-27 07:42:30,广东,6070885904,星月云雾,https://weibo.com/u/6070885904
5302508151113856,转发微博,2026-05-27 07:42:13,福建,1832458841,菲儿flying,https://weibo.com/u/1832458841
5302508151113856,转发微博,2026-05-27 07:41:30,四川,7969532279,月神的城,https://weibo.com/u/7969532279
5302508151113856,智商回归现象是到顶了才回归我这种中等水平的明显还是有往上走上北大清华的几率的哪有说财大本科就智商回归的100分智商回归80分回归个屁,2026-05-27 07:41:26,陕西,7859867660,潜泳柳湖,https://weibo.com/u/7859867660
5302508151113856,转发微博,2026-05-27 07:41:10,陕西,6811329131,小妖lqn,https://weibo.com/u/6811329131
5302508151113856,转发微博,2026-05-27 07:40:59,江苏,6105986775,哈罗莫妮卡527,https://weibo.com/u/6105986775
5302508151113856,转发微博,2026-05-27 07:40:57,广西,2989763575,你的名字我的告白,https://weibo.com/u/2989763575
5302508151113856,每个自有她成长轨迹顺其自然,2026-05-27 07:40:21,福建,1205556800,明歆传说,https://weibo.com/u/1205556800
5302508151113856,[赞][赞][赞],2026-05-27 07:40:21,上海,7076015946,高雅_艺术,https://weibo.com/u/7076015946
5302508151113856,[心],2026-05-27 07:39:21,安徽,2793499113,DZ天蝎,https://weibo.com/u/2793499113
5302508151113856,转发微博,2026-05-27 07:38:51,江苏,7925921098,用户7925921098,https://weibo.com/u/7925921098
5302508151113856,复旦教授的儿子大概率考不上复旦知道了哈快要高考了[允悲]复旦又又又开始各种方式营销了特别是出高考分数前后期营销电话里各种方式吹拉弹奏耍文科生口才抢拉理科学生把本想报考交大等学府的理科少年忽悠去不少哈哈哈年年如此,2026-05-27 07:38:24,上海,7939122621,蔬果年丰,https://weibo.com/u/7939122621
5302508151113856,转发微博,2026-05-27 07:37:58,江苏,5239163288,嫣梓---七月,https://weibo.com/u/5239163288
5302508151113856,转发微博,2026-05-27 07:37:51,广东,6257201604,用户6257201604,https://weibo.com/u/6257201604
5302508151113856,转发微博,2026-05-27 07:37:39,江苏,3225014831,梦O洞O庭,https://weibo.com/u/3225014831
5302508151113856,转发微博,2026-05-27 07:37:19,山西,6488836348,thalia_111,https://weibo.com/u/6488836348
5302508151113856,转发微博,2026-05-27 07:36:50,黑龙江,6791313020,鱼儿201818,https://weibo.com/u/6791313020
5302508151113856,[赞],2026-05-27 07:35:56,浙江,1881915170,混混浑浑,https://weibo.com/u/1881915170
5302508151113856,转发微博,2026-05-27 07:35:44,山东,1569491797,旷野精灵03391,https://weibo.com/u/1569491797
5302508151113856,转发微博,2026-05-27 07:35:32,云南,7539907882,再熬夜我是猪202012,https://weibo.com/u/7539907882
5302508151113856,转发微博,2026-05-27 07:34:56,北京,3040714572,一粒种子3040714572,https://weibo.com/u/3040714572
5302508151113856,转发微博,2026-05-27 07:34:34,山东,6914633355,迷恋宇宙少女,https://weibo.com/u/6914633355
5302508151113856,转发微博,2026-05-27 07:34:19,陕西,5563615159,mini恒星,https://weibo.com/u/5563615159
5302508151113856,转发微博,2026-05-27 07:34:17,上海,6067854647,可可豆豆52016,https://weibo.com/u/6067854647
5302508151113856,转发微博,2026-05-27 07:34:12,安徽,5833750658,轻歌曼舞小小屋,https://weibo.com/u/5833750658
5302508151113856,转发微博,2026-05-27 07:34:04,上海,1735089913,陶懒懒,https://weibo.com/u/1735089913
5302508151113856,转发微博,2026-05-27 07:34:02,浙江,7175199756,沈明阳,https://weibo.com/u/7175199756
5302508151113856,转发微博,2026-05-27 07:33:44,广东,1735700611,dmt的一些事一些情,https://weibo.com/u/1735700611
5302508151113856,转发微博,2026-05-27 07:32:46,四川,7416212434,用户7416212434,https://weibo.com/u/7416212434
5302508151113856,转发微博,2026-05-27 07:32:37,江苏,6866667218,雅梅86,https://weibo.com/u/6866667218
5302508151113856,7788,2026-05-27 07:32:33,广东,5630254521,秋毫o,https://weibo.com/u/5630254521
5302508151113856,转发微博,2026-05-27 07:32:10,四川,7256905623,赤焰燃寰宇,https://weibo.com/u/7256905623
5302508151113856,elanelan孩子培养[爱你],2026-05-27 07:32:00,湖北,5900752261,elanelan,https://weibo.com/u/5900752261
5302508151113856,孩子培养[爱你],2026-05-27 07:31:56,湖北,5900752261,elanelan,https://weibo.com/u/5900752261
5302508151113856,转发微博,2026-05-27 07:30:47,云南,7397344290,哥终必穿蓝袍与某HNZSC人无关,https://weibo.com/u/7397344290
5302508151113856,转发微博,2026-05-27 07:30:25,辽宁,6095996406,小米粒儿ABC,https://weibo.com/u/6095996406
5302508151113856,转发微博,2026-05-27 07:30:22,上海,1750082122,tracypisces,https://weibo.com/u/1750082122
5302508151113856,转发微博,2026-05-27 07:30:15,浙江,1575429745,留白帖呀,https://weibo.com/u/1575429745
5302508151113856,转发微博,2026-05-27 07:29:50,山东,7521650080,冷却的流言,https://weibo.com/u/7521650080
5302508151113856,转发微博,2026-05-27 07:29:42,江苏,5977120657,侠鹤者也,https://weibo.com/u/5977120657
5302508151113856,同款娃唯一欣慰的就是青春期什么都会和我聊哪怕是劲爆话题[嘻嘻],2026-05-27 07:29:23,安徽,7614600560,火火火木土土土,https://weibo.com/u/7614600560
5302508151113856,转发微博,2026-05-27 07:29:03,内蒙古,5470617122,我就是那个小呈呈t,https://weibo.com/u/5470617122
5302508151113856,转发微博,2026-05-27 07:28:48,四川,2090385883,无言非天,https://weibo.com/u/2090385883
5302508151113856,转发微博,2026-05-27 07:28:13,安徽,5833750658,轻歌曼舞小小屋,https://weibo.com/u/5833750658
5302508151113856,转发微博,2026-05-27 07:28:12,浙江,2819257360,天下有熊君,https://weibo.com/u/2819257360
5302508151113856,转发微博,2026-05-27 07:28:08,黑龙江,1689321381,burry新疆羊肉串,https://weibo.com/u/1689321381
5302508151113856,转发微博,2026-05-27 07:28:04,湖北,7378624879,用户7378624879,https://weibo.com/u/7378624879
5302508151113856,转发微博,2026-05-27 07:28:02,广东,2932079090,niceday89_75003,https://weibo.com/u/2932079090
5302508151113856,转发微博,2026-05-27 07:27:50,浙江,1575429745,留白帖呀,https://weibo.com/u/1575429745
5302508151113856,转发微博,2026-05-27 07:27:34,河南,7326742028,向阳而生cpa,https://weibo.com/u/7326742028
5302508151113856,转发微博,2026-05-27 07:26:40,四川,7256905623,赤焰燃寰宇,https://weibo.com/u/7256905623
5302508151113856,身体健康心理健康其他都是锦上添花每个人的人生都是不同的没有标准可定义自己认为活出了想要的人生就是幸福的,2026-05-27 07:26:12,天津,5446405414,简清生活,https://weibo.com/u/5446405414
5302508151113856,说的很对说的很好,2026-05-27 07:25:37,上海,1970194301,f1_angel_紫水晶,https://weibo.com/u/1970194301
5302508151113856,转发微博,2026-05-27 07:25:04,天津,7423219472,熙童6,https://weibo.com/u/7423219472
5302508151113856,转发微博,2026-05-27 07:23:48,湖南,7702515819,小李子1呀,https://weibo.com/u/7702515819
5302508151113856,转发微博,2026-05-27 07:23:43,上海,3021163183,山顶上唱歌歌,https://weibo.com/u/3021163183
5302508151113856,转发微博,2026-05-27 07:23:41,山东,5600686245,小宇5600686245,https://weibo.com/u/5600686245
5302508151113856,转发微博,2026-05-27 07:23:26,浙江,2033539935,最美的时间等你,https://weibo.com/u/2033539935
5302508151113856,转发微博,2026-05-27 07:23:14,四川,6116852866,生椰拿铁加酸奶,https://weibo.com/u/6116852866
5302508151113856,转发微博,2026-05-27 07:22:47,上海,6173102627,afblrieagbierbg,https://weibo.com/u/6173102627
5302508151113856,Repost,2026-05-27 07:22:02,匈牙利,6198392146,用户6198392146,https://weibo.com/u/6198392146
5302508151113856,转发微博,2026-05-27 07:21:32,湖南,5618501091,青山西路,https://weibo.com/u/5618501091
5302508151113856,很喜欢,2026-05-27 07:21:21,上海,2112911424,大胖纯圆,https://weibo.com/u/2112911424
5302508151113856,转发微博,2026-05-27 07:21:08,浙江,1790801357,麦麦田520,https://weibo.com/u/1790801357
5302508151113856,转发微博,2026-05-27 07:20:50,上海,3881084909,feiqufeilai-alice,https://weibo.com/u/3881084909
5302508151113856,转发微博,2026-05-27 07:20:17,上海,1762210271,Nothing一笑,https://weibo.com/u/1762210271
5302508151113856,转发微博,2026-05-27 07:19:23,山东,2807470391,脸大的瘦瘦,https://weibo.com/u/2807470391
5302508151113856,转发微博,2026-05-27 07:18:08,江苏,7336164741,赵十三幺,https://weibo.com/u/7336164741
5302508151113856,转发微博,2026-05-27 07:17:47,广东,7418229204,用户7418229204,https://weibo.com/u/7418229204
5302508151113856,真的很喜欢看沈教授,2026-05-27 07:17:45,江苏,3178097234,深海局部降雨,https://weibo.com/u/3178097234
5302508151113856,转发微博,2026-05-27 07:17:02,山东,1583391787,涂涂_tutu,https://weibo.com/u/1583391787
5302508151113856,转发微博,2026-05-27 07:16:30,山西,7510933723,蔚微微1234567,https://weibo.com/u/7510933723
5302508151113856,转发微博,2026-05-27 07:16:10,江苏,1103506784,皆大欢喜鱼,https://weibo.com/u/1103506784
5302508151113856,转发微博,2026-05-27 07:15:23,江苏,6534086366,哥要发功了,https://weibo.com/u/6534086366
5302508151113856,转发微博,2026-05-27 07:13:59,山东,5992841656,Chargetreasure,https://weibo.com/u/5992841656
5302508151113856,转发微博,2026-05-27 07:13:54,吉林,6463811809,多多清水无香0879,https://weibo.com/u/6463811809
5302508151113856,转发微博,2026-05-27 07:13:47,山西,7510933723,蔚微微1234567,https://weibo.com/u/7510933723
5302508151113856,转发微博,2026-05-27 07:13:42,江苏,5609725941,米唐熊,https://weibo.com/u/5609725941
5302508151113856,转发微博,2026-05-27 07:11:56,河北,5362708296,芊芮1209,https://weibo.com/u/5362708296
5302508151113856,转发微博,2026-05-27 07:11:13,浙江,5521287733,想养猫的甜甜圈,https://weibo.com/u/5521287733
5302508151113856,转发微博,2026-05-27 07:10:19,上海,2736835604,babalousa,https://weibo.com/u/2736835604
5302508151113856,转发微博,2026-05-27 07:09:44,辽宁,2187399497,头不是一般铁,https://weibo.com/u/2187399497
5302508151113856,转发微博,2026-05-27 07:09:36,山东,7517701499,诸事顺利的安妮小天才,https://weibo.com/u/7517701499
5302508151113856,转发微博,2026-05-27 07:09:19,福建,1791323051,Gideal,https://weibo.com/u/1791323051
5302508151113856,转发微博,2026-05-27 07:09:15,河南,7998156303,用户7998156303,https://weibo.com/u/7998156303
5302508151113856,转发微博,2026-05-27 07:08:47,山西,5321579288,星空皓洁,https://weibo.com/u/5321579288
5302508151113856,转发微博,2026-05-27 07:08:36,浙江,6516051354,用户6516051354,https://weibo.com/u/6516051354
5302508151113856,转发微博,2026-05-27 07:08:23,江西,6921835768,NC好运爆彭女士,https://weibo.com/u/6921835768
5302508151113856,转发微博,2026-05-27 07:08:01,浙江,5458127723,马琳1012,https://weibo.com/u/5458127723
5302508151113856,转发微博,2026-05-27 07:07:04,山东,7138387983,奥利奥利给1125,https://weibo.com/u/7138387983
5302508151113856,转发微博,2026-05-27 07:06:25,天津,2059699633,Sylviashuai帅33,https://weibo.com/u/2059699633
5302508151113856,转发微博,2026-05-27 07:06:22,江苏,7496554338,来一杯25年的长岛冰茶哈,https://weibo.com/u/7496554338
5302508151113856,转发微博,2026-05-27 07:06:14,河北,2336642545,改个名字咋都这么费劲,https://weibo.com/u/2336642545
5302508151113856,转发微博,2026-05-27 07:06:02,广西,6445661392,一棵蓝色的梧桐树,https://weibo.com/u/6445661392
5302508151113856,转发微博,2026-05-27 07:05:42,上海,2807821704,双商被狗吃了,https://weibo.com/u/2807821704
5302508151113856,转发微博,2026-05-27 07:05:38,陕西,1659596372,吃心的鱼,https://weibo.com/u/1659596372
5302508151113856,知识可以耳濡目染但人生无法照搬复制学霸父母未必能养出学霸接纳平凡也是一种通透大可不必唏嘘各行其道亦是圆满[给你小心心],2026-05-27 07:05:31,广东,3403313584,卿卿宝贝们,https://weibo.com/u/3403313584
5302508151113856,转发微博,2026-05-27 07:04:24,浙江,3170695930,立羽葳,https://weibo.com/u/3170695930
5302508151113856,转发微博,2026-05-27 07:04:22,江苏,5804423459,宝宝毛毛相爱一生远离black,https://weibo.com/u/5804423459
5302508151113856,让孩子幸福的成长这是家庭的责任,2026-05-27 07:04:04,浙江,1822521764,陈是也,https://weibo.com/u/1822521764
5302508151113856,转发微博,2026-05-27 07:03:39,浙江,7085703277,爬爬的心满满的爱,https://weibo.com/u/7085703277
5302508151113856,转发微博,2026-05-27 07:03:10,安徽,7325099008,用户7325099008,https://weibo.com/u/7325099008
5302508151113856,这不是很正常要是所有高智商父母生的孩子都能考上普通家的孩子还有机会吗上天还是公平的[打call],2026-05-27 07:02:33,上海,6588131428,淼淼猫喵,https://weibo.com/u/6588131428
5302508151113856,转发微博,2026-05-27 07:02:24,河北,5833009100,用户5833009100,https://weibo.com/u/5833009100
5302508151113856,转发微博,2026-05-27 07:02:02,山西,5714951581,橘猫大仙桃,https://weibo.com/u/5714951581
5302508151113856,转发微博,2026-05-27 07:00:13,陕西,6246423907,yuzumieo,https://weibo.com/u/6246423907
5302508151113856,转发微博,2026-05-27 07:00:06,河南,5804680223,wm兜兜里有糖,https://weibo.com/u/5804680223
5302508151113856,转发微博,2026-05-27 06:59:55,上海,6359767789,烤面包tramp,https://weibo.com/u/6359767789
5302508151113856,Gorbur应试教育毫无意义是群体性迫害与服从性测试毁灭个性压抑又造成抑郁焦虑[怒],2026-05-27 06:59:11,陕西,5259700001,车厘子的时节,https://weibo.com/u/5259700001
5302508151113856,转发微博,2026-05-27 06:59:04,福建,3558291883,抬头见喜好事发生,https://weibo.com/u/3558291883
5302508151113856,转发微博,2026-05-27 06:58:29,江苏,7357876489,用户7357876489,https://weibo.com/u/7357876489
5302508151113856,转发微博,2026-05-27 06:57:48,湖北,5583375336,盛夏路飞流年不霏,https://weibo.com/u/5583375336
5302508151113856,转发微博,2026-05-27 06:55:47,湖北,3622287372,菲芺娜,https://weibo.com/u/3622287372
5302508151113856,转发微博,2026-05-27 06:55:24,上海,3809852009,AAAA的雨,https://weibo.com/u/3809852009
5302508151113856,转发微博,2026-05-27 06:55:19,上海,2923168057,云水晟心,https://weibo.com/u/2923168057
5302508151113856,转发微博,2026-05-27 06:55:16,广西,1710433561,骑扫帚的汤圆,https://weibo.com/u/1710433561
5302508151113856,转发微博,2026-05-27 06:55:13,福建,1683881344,hellooyuki_ahp,https://weibo.com/u/1683881344
5302508151113856,转发微博,2026-05-27 06:54:49,广东,1682171611,嗡嘛呢叭咪吽,https://weibo.com/u/1682171611
5302508151113856,转发微博,2026-05-27 06:54:36,浙江,1682619930,不爱水煮蛋,https://weibo.com/u/1682619930
5302508151113856,转发微博,2026-05-27 06:53:50,江苏,7538388983,用户7538388983,https://weibo.com/u/7538388983
5302508151113856,转发微博,2026-05-27 06:53:15,辽宁,7365292538,用户7365292538,https://weibo.com/u/7365292538
5302508151113856,转发微博,2026-05-27 06:53:12,上海,2369146972,Annie_love1,https://weibo.com/u/2369146972
5302508151113856,赛真猪女士性格跟我儿子好像啊甚至有点莫名的自信和乐观对很多事情都不在乎不介意无所谓是不是吃亏了只要大家开心就好[二哈],2026-05-27 06:53:11,陕西,5259700001,车厘子的时节,https://weibo.com/u/5259700001
5302508151113856,转发微博,2026-05-27 06:52:59,广东,1907538853,东东Jeffrey,https://weibo.com/u/1907538853
5302508151113856,转发微博,2026-05-27 06:53:00,陕西,5259700001,车厘子的时节,https://weibo.com/u/5259700001
5302508151113856,很正常如果你的公司足够大发现很多父母是普通工人啊保洁啊什么的孩子不补课考上名牌大学很多父母本身学历不低但孩子学习特别一般因为人的成长需要鞭策和机遇以及家庭托举父母混得不好只是因为以前不注重学习但智商高生个娃轻松逆袭但是学习好的不一定工作好这就是人生,2026-05-27 06:52:58,上海,2420358901,花舞的街-,https://weibo.com/u/2420358901
5302508151113856,转发微博,2026-05-27 06:52:30,山东,5303163479,旧时光里的小青豆,https://weibo.com/u/5303163479
5302508151113856,转发微博,2026-05-27 06:52:23,浙江,1607702071,深蓝色阿七,https://weibo.com/u/1607702071
5302508151113856,遇到问路的人耐心指引遇到淋雨的人递一把伞遇到摔倒的人伸手搀扶每一次伸手都是一次温暖的善举善意是治愈世间所有不美好的良药一句暖心的话一次真诚的帮助都能化解心中的烦恼驱散前路的阴霾,2026-05-27 06:52:04,浙江,7856234970,翊杯草莓西瓜奶昔_骤然秘制版,https://weibo.com/u/7856234970
5302508151113856,转发微博,2026-05-27 06:51:57,湖南,2101398735,Kidzhounan,https://weibo.com/u/2101398735
5302508151113856,转发微博,2026-05-27 06:51:46,浙江,6288978244,用户6288978244,https://weibo.com/u/6288978244
5302508151113856,转发微博,2026-05-27 06:51:28,河南,2761625951,戳泡泡1312,https://weibo.com/u/2761625951
5302508151113856,转发微博,2026-05-27 06:51:13,广东,8362120291,冒泡泡的可乐202407,https://weibo.com/u/8362120291
5302508151113856,转发微博,2026-05-27 06:50:40,广东,6247554304,麦磨墨,https://weibo.com/u/6247554304
5302508151113856,转发微博,2026-05-27 06:50:21,河南,1226444003,天天娃de妈咪,https://weibo.com/u/1226444003
5302508151113856,转发微博,2026-05-27 06:50:17,安徽,6540859633,匪我思存007,https://weibo.com/u/6540859633
5302508151113856,转发微博,2026-05-27 06:50:08,山东,6971871508,我与阿奇,https://weibo.com/u/6971871508
5302508151113856,转发微博,2026-05-27 06:49:17,广西,6328040836,扑通扑通么么哒,https://weibo.com/u/6328040836
5302508151113856,转发微博,2026-05-27 06:48:47,山东,1580471507,诗话,https://weibo.com/u/1580471507
5302508151113856,转发微博,2026-05-27 06:48:35,上海,1766734094,慢半拍的叶妈,https://weibo.com/u/1766734094
5302508151113856,转发微博,2026-05-27 06:48:09,河南,1853608395,zxmzyn,https://weibo.com/u/1853608395
5302508151113856,转发微博,2026-05-27 06:47:29,上海,7775220501,意點晴空,https://weibo.com/u/7775220501
5302508151113856,转发微博,2026-05-27 06:46:23,江苏,5727517511,一叶清荷1588,https://weibo.com/u/5727517511
5302508151113856,转发微博,2026-05-27 06:46:03,辽宁,7733707424,超级爱放屁的男孩子,https://weibo.com/u/7733707424
5302508151113856,转发微博,2026-05-27 06:45:52,河南,1226444003,天天娃de妈咪,https://weibo.com/u/1226444003
5302508151113856,转发微博,2026-05-27 06:45:34,山东,2307893085,杏仁小可爱吖,https://weibo.com/u/2307893085
5302508151113856,转发微博,2026-05-27 06:45:08,江苏,6623784005,阿乖nei,https://weibo.com/u/6623784005
5302508151113856,转发微博,2026-05-27 06:44:34,河南,2237602173,自在独行的诗人,https://weibo.com/u/2237602173
5302508151113856,转发微博,2026-05-27 06:44:35,江苏,1578884995,wfxujing,https://weibo.com/u/1578884995
5302508151113856,转发微博,2026-05-27 06:44:13,江苏,5816113873,小菲85275,https://weibo.com/u/5816113873
5302508151113856,转发微博,2026-05-27 06:44:03,山东,2307893085,杏仁小可爱吖,https://weibo.com/u/2307893085
5302508151113856,转发微博,2026-05-27 06:43:46,山东,1839074063,快乐小兔Anna,https://weibo.com/u/1839074063
5302508151113856,转发微博,2026-05-27 06:43:15,江西,3040716893,手机用户3040716893,https://weibo.com/u/3040716893
5302508151113856,转发微博,2026-05-27 06:43:07,宁夏,2831309415,诚实的小鱼儿在唱歌,https://weibo.com/u/2831309415
5302508151113856,转发微博,2026-05-27 06:42:57,浙江,1673913452,安晨静待云卷云舒,https://weibo.com/u/1673913452
5302508151113856,转发微博,2026-05-27 06:42:47,福建,5706428327,聆听wlj,https://weibo.com/u/5706428327
5302508151113856,转发微博,2026-05-27 06:42:20,山东,7495145523,岚山82475,https://weibo.com/u/7495145523
5302508151113856,转发微博,2026-05-27 06:41:41,山东,7989935250,在花市茶馆吹气球的向日葵,https://weibo.com/u/7989935250
5302508151113856,转发微博,2026-05-27 06:41:07,上海,2846805112,海菜梗,https://weibo.com/u/2846805112
5302508151113856,转发微博,2026-05-27 06:38:27,江西,6489737935,天然呆的不忘初心015,https://weibo.com/u/6489737935
5302508151113856,转发微博,2026-05-27 06:37:56,广西,6550321330,椿风真漂亮,https://weibo.com/u/6550321330
5302508151113856,家庭教育,2026-05-27 06:37:53,安徽,2295603460,Summer的两小只,https://weibo.com/u/2295603460
5302508151113856,转发微博,2026-05-27 06:37:05,云南,1803968940,阴天-向日葵,https://weibo.com/u/1803968940
5302508151113856,转发微博,2026-05-27 06:36:44,湖南,1040319615,visX,https://weibo.com/u/1040319615
5302508151113856,转发微博,2026-05-27 06:36:09,浙江,5338131315,WendyYZJWZ,https://weibo.com/u/5338131315
5302508151113856,转发微博,2026-05-27 06:35:11,河南,2416183924,蓝蓝海的天空,https://weibo.com/u/2416183924
5302508151113856,转发微博,2026-05-27 06:34:42,广东,2452027387,幸福安康长寿,https://weibo.com/u/2452027387
5302508151113856,转发微博,2026-05-27 06:34:35,河南,1801977251,nicco12345,https://weibo.com/u/1801977251
5302508151113856,转发微博,2026-05-27 06:34:15,江苏,7215485995,莲灯诗梦626,https://weibo.com/u/7215485995
5302508151113856,转发微博,2026-05-27 06:34:04,江西,3938308612,风雨无阻行走1988,https://weibo.com/u/3938308612
5302508151113856,转发微博,2026-05-27 06:33:50,江苏,7317417524,桃花源05640,https://weibo.com/u/7317417524
5302508151113856,转发微博,2026-05-27 06:33:22,江苏,1915271247,Chenchen_7890,https://weibo.com/u/1915271247
5302508151113856,转发微博,2026-05-27 06:32:52,天津,6459557806,茴香馅儿包子蘸醋,https://weibo.com/u/6459557806
5302508151113856,转发微博,2026-05-27 06:32:29,江苏,2054482945,半半糖茶茶,https://weibo.com/u/2054482945
5302508151113856,转发微博,2026-05-27 06:32:18,山东,1887943811,Cartier乐园,https://weibo.com/u/1887943811
5302508151113856,转发微博,2026-05-27 06:30:30,重庆,3163467482,你能不能更加努力,https://weibo.com/u/3163467482
5302508151113856,[good][good][good][鲜花][鲜花][鲜花]慢慢来,2026-05-27 06:29:54,上海,6155950035,宣正飞,https://weibo.com/u/6155950035
5302508151113856,转发微博,2026-05-27 06:28:51,河南,6576234736,闲的方,https://weibo.com/u/6576234736
5302508151113856,转发微博,2026-05-27 06:28:17,浙江,6186580508,sweetsweetbirdy,https://weibo.com/u/6186580508
5302508151113856,转发微博,2026-05-27 06:27:55,安徽,7302324821,用户7302324821,https://weibo.com/u/7302324821
5302508151113856,如果是全市第一的学校的倒数前三也能吊打其他学校前几名了,2026-05-27 06:27:36,广东,3081951181,郑几块Yechiel,https://weibo.com/u/3081951181
5302508151113856,转发微博,2026-05-27 06:26:39,广西,1907234663,六岁那年的圣诞节,https://weibo.com/u/1907234663
5302508151113856,希望也可以有一个幸福的家庭宝宝快点来吧接好孕[微笑][心],2026-05-27 06:26:18,上海,6439948697,永远热爱生活Lisa,https://weibo.com/u/6439948697
5302508151113856,转发微博,2026-05-27 06:25:31,浙江,6186580508,sweetsweetbirdy,https://weibo.com/u/6186580508
5302508151113856,转发微博,2026-05-27 06:25:12,浙江,7245908592,那只风流小橙子,https://weibo.com/u/7245908592
5302508151113856,转发微博,2026-05-27 06:25:12,广西,6676214831,LJRanran,https://weibo.com/u/6676214831
5302508151113856,转发微博,2026-05-27 06:25:08,福建,1782643130,sun599,https://weibo.com/u/1782643130
5302508151113856,转发微博,2026-05-27 06:25:00,山东,6067116458,用户8721148373,https://weibo.com/u/6067116458
5302508151113856,转发微博,2026-05-27 06:24:52,上海,5833616683,用户5833616683,https://weibo.com/u/5833616683
5302508151113856,转发微博,2026-05-27 06:24:38,山东,6511493674,小梦想小姐,https://weibo.com/u/6511493674
5302508151113856,这个教授药丸了,2026-05-27 06:23:53,广东,3081951181,郑几块Yechiel,https://weibo.com/u/3081951181
5302508151113856,转发微博,2026-05-27 06:23:52,浙江,2990817830,kitty-0729,https://weibo.com/u/2990817830
5302508151113856,转发微博,2026-05-27 06:23:37,湖北,1695676655,清晨_Sunshine,https://weibo.com/u/1695676655
5302508151113856,轉發微博,2026-05-27 06:22:57,中国澳门,3183075515,花滑小王子結弦,https://weibo.com/u/3183075515
5302508151113856,转发微博,2026-05-27 06:22:22,湖北,7017423900,用户7017423900,https://weibo.com/u/7017423900
5302508151113856,转发微博,2026-05-27 06:22:07,广东,7417445322,物竞择适者生,https://weibo.com/u/7417445322
5302508151113856,转发微博,2026-05-27 06:21:50,湖北,1476655154,auag0811,https://weibo.com/u/1476655154
5302508151113856,轉發微博,2026-05-27 06:21:39,安徽,3958531105,安安静静爱胡歌和小赞,https://weibo.com/u/3958531105
5302508151113856,转发微博,2026-05-27 06:21:37,重庆,1805419005,手机用户1805419005,https://weibo.com/u/1805419005
5302508151113856,转发微博,2026-05-27 06:21:25,辽宁,5122869638,天晴了天亮了我来了,https://weibo.com/u/5122869638
5302508151113856,转发微博,2026-05-27 06:20:45,江苏,2510556311,手杺爱,https://weibo.com/u/2510556311
5302508151113856,种瓜得瓜,2026-05-27 06:20:16,江苏,3710559147,AndyFChen,https://weibo.com/u/3710559147
5302508151113856,转发微博,2026-05-27 06:20:09,吉林,5860295386,微笑前行奔向你,https://weibo.com/u/5860295386
5302508151113856,转发微博,2026-05-27 06:19:19,河北,6034590492,qwer1234poiu0987,https://weibo.com/u/6034590492
5302508151113856,转发微博,2026-05-27 06:19:16,浙江,5173027136,小芒果木马,https://weibo.com/u/5173027136
5302508151113856,转发微博,2026-05-27 06:19:13,湖南,7576646627,用户7576646627,https://weibo.com/u/7576646627
5302508151113856,转发微博,2026-05-27 06:18:51,浙江,2787197835,那年的野百合,https://weibo.com/u/2787197835
5302508151113856,转发微博,2026-05-27 06:18:50,江苏,2774913591,元宝巧克力CC,https://weibo.com/u/2774913591
5302508151113856,转发微博,2026-05-27 06:18:44,江苏,1000246307,酷爱大嘴猴_crystal,https://weibo.com/u/1000246307
5302508151113856,转发微博,2026-05-27 06:18:18,安徽,3529758522,清净3529758522,https://weibo.com/u/3529758522
5302508151113856,转发微博,2026-05-27 06:17:52,上海,1473518391,Helen959595,https://weibo.com/u/1473518391
5302508151113856,转发微博,2026-05-27 06:17:51,上海,5833616683,用户5833616683,https://weibo.com/u/5833616683
5302508151113856,这位学者说话好快有条不紊的,2026-05-27 06:17:45,湖北,7754703021,佳期如梦66666666,https://weibo.com/u/7754703021
5302508151113856,转发微博,2026-05-27 06:15:22,山东,1772304747,和睦兄弟的琳妈咪,https://weibo.com/u/1772304747
5302508151113856,转发微博,2026-05-27 06:14:26,江苏,6181647177,遇见MrBieXu,https://weibo.com/u/6181647177
5302508151113856,转发微博,2026-05-27 06:13:58,江西,1254451537,Monsieur_zhang,https://weibo.com/u/1254451537
5302508151113856,转发微博,2026-05-27 06:13:15,安徽,3529758522,清净3529758522,https://weibo.com/u/3529758522
5302508151113856,转发微博,2026-05-27 06:12:59,山东,7286246926,用户7286246926,https://weibo.com/u/7286246926
5302508151113856,转发微博,2026-05-27 06:12:11,山东,7286246926,用户7286246926,https://weibo.com/u/7286246926
5302508151113856,转发微博,2026-05-27 06:11:46,贵州,6392900714,哆哆啦啦米汤,https://weibo.com/u/6392900714
5302508151113856,转发微博,2026-05-27 06:09:53,江苏,1724068255,onethingin,https://weibo.com/u/1724068255
5302508151113856,转发微博,2026-05-27 06:09:29,陕西,1659596372,吃心的鱼,https://weibo.com/u/1659596372
5302508151113856,转发微博,2026-05-27 06:09:11,江苏,1647845750,jshatsc,https://weibo.com/u/1647845750
5302508151113856,转发微博,2026-05-27 06:09:05,上海,6378867083,qq让我上岸和变有钱吧,https://weibo.com/u/6378867083
5302508151113856,转发微博,2026-05-27 06:07:13,上海,7511392270,Twinklestar2020,https://weibo.com/u/7511392270
5302508151113856,[点赞],2026-05-27 06:06:47,北京,2023402285,肖龙翼,https://weibo.com/u/2023402285
5302508151113856,转发微博,2026-05-27 06:06:34,天津,6439853569,春花秋月20161220,https://weibo.com/u/6439853569
5302508151113856,大实话,2026-05-27 06:05:11,上海,5412418649,小木-心想事成,https://weibo.com/u/5412418649
5302508151113856,转发微博,2026-05-27 06:04:25,河北,6486108544,用户6486108544,https://weibo.com/u/6486108544
5302508151113856,转发微博,2026-05-27 06:01:51,浙江,5850633309,我不是小骨头,https://weibo.com/u/5850633309
5302508151113856,转发微博,2026-05-27 06:00:36,上海,2251012737,关六岁K,https://weibo.com/u/2251012737
5302508151113856,转发微博,2026-05-27 05:59:39,山东,6272488400,从心慢生长,https://weibo.com/u/6272488400
5302508151113856,转发微博,2026-05-27 05:58:45,辽宁,1664773774,势度蓝,https://weibo.com/u/1664773774
5302508151113856,转发微博,2026-05-27 05:58:19,北京,1103302134,小小手好冰,https://weibo.com/u/1103302134
5302508151113856,转发微博,2026-05-27 05:58:04,山东,6272488400,从心慢生长,https://weibo.com/u/6272488400
5302508151113856,转发微博,2026-05-27 05:58:04,辽宁,7810960057,用户7810960057,https://weibo.com/u/7810960057
5302508151113856,转发微博,2026-05-27 05:56:23,安徽,6112143548,Relax梁,https://weibo.com/u/6112143548
5302508151113856,转发微博,2026-05-27 05:54:37,北京,6889826831,拒绝贴脸装必,https://weibo.com/u/6889826831
5302508151113856,转发微博,2026-05-27 05:51:42,福建,7733897222,bb炳0102,https://weibo.com/u/7733897222
5302508151113856,转发微博,2026-05-27 05:49:27,辽宁,6040241069,GRcindy最棒-1991,https://weibo.com/u/6040241069
5302508151113856,转发微博,2026-05-27 05:49:07,上海,3177041911,岚扎,https://weibo.com/u/3177041911
5302508151113856,转发微博,2026-05-27 05:49:04,山西,7802024503,用户7802024503,https://weibo.com/u/7802024503
5302508151113856,Repost,2026-05-27 05:48:43,澳大利亚,7873883347,东大名路太平路1号,https://weibo.com/u/7873883347
5302508151113856,转发微博,2026-05-27 05:48:11,上海,5898624600,Lena200301,https://weibo.com/u/5898624600
5302508151113856,转发微博,2026-05-27 05:43:06,河北,7085289323,好的可以没错,https://weibo.com/u/7085289323
5302508151113856,[给你小心心],2026-05-27 05:40:41,河北,2050689231,卿安一隅,https://weibo.com/u/2050689231
5302508151113856,转发微博,2026-05-27 05:40:26,黑龙江,1841936754,zxmdqunicom,https://weibo.com/u/1841936754
5302508151113856,转发微博,2026-05-27 05:39:00,广东,6025443136,2026对我好一点儿吧,https://weibo.com/u/6025443136
5302508151113856,智商ok考倒数说明学习习惯极差[摊手],2026-05-27 05:38:20,广东,1915106184,Piano_May,https://weibo.com/u/1915106184
5302508151113856,转发微博,2026-05-27 05:38:13,山东,1829413935,橙子巴巴,https://weibo.com/u/1829413935
5302508151113856,转发微博,2026-05-27 05:37:14,河北,5718656763,无远弗届69717,https://weibo.com/u/5718656763
5302508151113856,转发微博,2026-05-27 05:36:12,浙江,1974890363,奥利维亚爱吃梨,https://weibo.com/u/1974890363
5302508151113856,转发微博,2026-05-27 05:33:27,黑龙江,5854020687,冷水清茶121213,https://weibo.com/u/5854020687
5302508151113856,转发微博,2026-05-27 05:33:18,广东,7454675429,-yyqxyolo-,https://weibo.com/u/7454675429
5302508151113856,转发微博,2026-05-27 05:29:28,中国香港,1761544804,Panda-Jone,https://weibo.com/u/1761544804
5302508151113856,先码住回头看这会儿去给将要高考的娃搞饭[笑cry],2026-05-27 05:25:59,河南,1850504385,从天而降的那些花儿,https://weibo.com/u/1850504385
5302508151113856,转发微博,2026-05-27 05:24:34,江苏,6328586898,嘻嘻财迷,https://weibo.com/u/6328586898
5302508151113856,转发微博,2026-05-27 05:23:55,河南,2715302555,十二月的雪天使,https://weibo.com/u/2715302555
5302508151113856,转发微博,2026-05-27 05:18:25,福建,6701979698,团宠0921,https://weibo.com/u/6701979698
5302508151113856,转发微博,2026-05-27 05:17:53,陕西,1890745971,阿尔卑斯糖是我,https://weibo.com/u/1890745971
5302508151113856,转发微博,2026-05-27 05:13:12,安徽,3860627472,夏天710224,https://weibo.com/u/3860627472
5302508151113856,想多了根本就不参加高考,2026-05-27 05:09:30,浙江,8378339798,珍珠公主宋小盘,https://weibo.com/u/8378339798
5302508151113856,转发微博,2026-05-27 05:09:12,上海,7606188861,山紫and水明,https://weibo.com/u/7606188861
5302508151113856,转发微博,2026-05-27 05:07:50,陕西,1836035614,梦想间,https://weibo.com/u/1836035614
5302508151113856,转发微博,2026-05-27 04:58:32,山东,6562263247,猫打滚儿-ing,https://weibo.com/u/6562263247
5302508151113856,转发微博,2026-05-27 04:57:55,江苏,6246689708,待你精彩,https://weibo.com/u/6246689708
5302508151113856,转发微博,2026-05-27 04:56:08,河南,2742213087,紫雪蝶羽,https://weibo.com/u/2742213087
5302508151113856,转发微博,2026-05-27 04:55:39,四川,1930656167,阿狸家的小王子,https://weibo.com/u/1930656167
5302508151113856,转发微博,2026-05-27 04:52:46,河南,3010684523,傻瓜随遇而安,https://weibo.com/u/3010684523
5302508151113856,现在已经不需要去考复旦才能过上自己想要的生活了何必纠结呢,2026-05-27 04:50:55,加拿大,1770803543,桃小仙儿本仙,https://weibo.com/u/1770803543
5302508151113856,转发微博,2026-05-27 04:46:44,福建,1782227734,Yvonne_Cl,https://weibo.com/u/1782227734
5302508151113856,西安交通大学博导电诈案曲江派出所所长魏强曲江派出所所长魏强涂改博导刘峰手机号西安交大博导诈骗案结果曲江派出所原所长魏强民警刘亚洲同性恋魏强魏强被挂牌督办魏强同性恋西安魏强案西安魏强同性恋西安交通大学博导电诈案全网浏览量有多少,2026-05-27 04:46:38,河北,6280688902,在花市茶馆写代码的海豚,https://weibo.com/u/6280688902
5302508151113856,转发微博,2026-05-27 04:45:47,内蒙古,7443240741,用户7443240741,https://weibo.com/u/7443240741
5302508151113856,转发微博,2026-05-27 04:45:34,山东,5300232281,我是舒婷h,https://weibo.com/u/5300232281
5302508151113856,转发微博,2026-05-27 04:45:22,河北,5097043003,李小爽elan,https://weibo.com/u/5097043003
5302508151113856,西安交通大学博导电诈案曲江派出所所长魏强曲江派出所所长魏强涂改博导刘峰手机号西安交大博导诈骗案结果曲江派出所原所长魏强民警刘亚洲同性恋魏强魏强被挂牌督办魏强同性恋西安魏强案西安魏强同性恋西安交通大学博导电诈案全网浏览量有多少,2026-05-27 04:40:55,河北,6280688902,在花市茶馆写代码的海豚,https://weibo.com/u/6280688902
5302508151113856,转发微博,2026-05-27 04:39:53,山东,5177771017,呀土豆ayago,https://weibo.com/u/5177771017
5302508151113856,转发微博,2026-05-27 04:36:09,河南,5101293999,-森森_,https://weibo.com/u/5101293999
5302508151113856,转发微博,2026-05-27 04:35:35,河北,3987655963,LSY-miss,https://weibo.com/u/3987655963
5302508151113856,转发微博,2026-05-27 04:31:56,山东,1826686727,嗨·冰激凌流泪,https://weibo.com/u/1826686727
5302508151113856,转发微博,2026-05-27 04:31:29,上海,2899700781,工人老赵,https://weibo.com/u/2899700781
5302508151113856,评论罗伯特教育公平是社会进步的基石每个孩子都有追求梦想的权利复二代的故事提醒我们无论出身如何高考面前人人平等这不仅是对个人努力的尊重也是社会公正的体现,2026-05-27 04:28:12,江苏,6330735097,用户6330735097,https://weibo.com/u/6330735097
5302508151113856,转发微博,2026-05-27 04:28:09,海南,1806163885,kkkkk-kitty-,https://weibo.com/u/1806163885
5302508151113856,转发微博,2026-05-27 04:22:55,北京,7921876040,用户7921876040,https://weibo.com/u/7921876040
5302508151113856,Xv去白雪是白,2026-05-27 04:19:26,河南,2982486673,大心男孩,https://weibo.com/u/2982486673
5302508151113856,转发微博,2026-05-27 04:17:22,广西,5376712257,无敌战神所向披靡666,https://weibo.com/u/5376712257
5302508151113856,Repost,2026-05-27 04:16:41,吉林,6109426753,无念0oooo08854,https://weibo.com/u/6109426753
5302508151113856,转发微博,2026-05-27 04:13:23,河北,2128994395,布拉格蛋白质,https://weibo.com/u/2128994395
5302508151113856,转发微博,2026-05-27 04:12:19,上海,7815031941,黄老板今天戒奶茶了吗,https://weibo.com/u/7815031941
5302508151113856,转发微博,2026-05-27 04:09:10,广西,5824668656,语溪若涵,https://weibo.com/u/5824668656
5302508151113856,转发微博,2026-05-27 04:06:27,广东,6385144936,栗洁Jessica,https://weibo.com/u/6385144936
5302508151113856,转发微博,2026-05-27 04:03:39,山东,3262842754,我就喜欢大太阳,https://weibo.com/u/3262842754
5302508151113856,转发微博,2026-05-27 04:02:53,浙江,7763256489,derrr你不懂,https://weibo.com/u/7763256489
5302508151113856,转发微博,2026-05-27 04:02:44,重庆,7403198487,大江大河vp,https://weibo.com/u/7403198487
5302508151113856,转发微博,2026-05-27 04:02:13,湖南,2467863484,星sher,https://weibo.com/u/2467863484
5302508151113856,基因真是个随机的东西遗传是门不确定性的学问,2026-05-27 04:00:09,江苏,7781853584,渝欢Zora,https://weibo.com/u/7781853584
5302508151113856,转发微博,2026-05-27 03:57:09,新西兰,1733577123,lily0403,https://weibo.com/u/1733577123
5302508151113856,转发微博,2026-05-27 03:56:36,重庆,3174242195,名实之辩,https://weibo.com/u/3174242195
5302508151113856,转发微博,2026-05-27 03:55:38,上海,1871141265,小桶桶爱吃柚子,https://weibo.com/u/1871141265
5302508151113856,好早之前b站就看过这个好父母好老师沈教授非常有智慧,2026-05-27 03:53:25,安徽,5136591739,聪明的狐狸永远不会上炕,https://weibo.com/u/5136591739
5302508151113856,Repost,2026-05-27 03:44:47,浙江,2106150891,差点没风,https://weibo.com/u/2106150891
5302508151113856,转发微博,2026-05-27 03:39:33,山东,6356068479,summer4772,https://weibo.com/u/6356068479
5302508151113856,转发微博,2026-05-27 03:36:59,浙江,2129194462,川尚美子,https://weibo.com/u/2129194462
5302508151113856,转发微博,2026-05-27 03:35:48,河南,7651130313,用户7651130313,https://weibo.com/u/7651130313
5302508151113856,转发微博,2026-05-27 03:33:38,浙江,2374224230,赵顾妮061314,https://weibo.com/u/2374224230
5302508151113856,转发微博,2026-05-27 03:30:12,陕西,5750383505,用户5750383505,https://weibo.com/u/5750383505
5302508151113856,转发微博,2026-05-27 03:27:29,广西,1740489762,超超超爱小动物,https://weibo.com/u/1740489762
5302508151113856,转发微博,2026-05-27 03:26:21,甘肃,7432342778,用户7432342778,https://weibo.com/u/7432342778
5302508151113856,转发微博,2026-05-27 03:25:05,上海,3923996387,勤奋的小懒虫V,https://weibo.com/u/3923996387
5302508151113856,转发微博,2026-05-27 03:23:39,美国,2391151683,青梅酒大麦茶,https://weibo.com/u/2391151683
5302508151113856,大家开心就好学习对孩子很重要,2026-05-27 03:22:37,山东,1733817134,Amanda依,https://weibo.com/u/1733817134
5302508151113856,转发微博,2026-05-27 03:13:10,辽宁,6256487773,加油努力上进666,https://weibo.com/u/6256487773
5302508151113856,转发微博,2026-05-27 03:13:06,北京,7338975504,喜悦ying,https://weibo.com/u/7338975504
5302508151113856,转发微博,2026-05-27 03:09:42,北京,7338975504,喜悦ying,https://weibo.com/u/7338975504
5302508151113856,转发微博,2026-05-27 03:03:54,浙江,7262149880,天道好轮回丶,https://weibo.com/u/7262149880
5302508151113856,转发微博,2026-05-27 03:03:00,河南,7154827330,东边的美人33,https://weibo.com/u/7154827330
5302508151113856,转发微博,2026-05-27 03:01:47,广西,7230519929,LHZ0219,https://weibo.com/u/7230519929
5302508151113856,转发微博,2026-05-27 03:01:40,山西,1831666057,小确幸佳佳,https://weibo.com/u/1831666057
5302508151113856,转发微博,2026-05-27 02:58:25,韩国,2796610042,Gho_NenJieh,https://weibo.com/u/2796610042
5302508151113856,转发微博,2026-05-27 02:48:31,辽宁,7541577416,楠蓢葵,https://weibo.com/u/7541577416
5302508151113856,转发微博,2026-05-27 02:42:01,江苏,6083622909,我有一堆毛线,https://weibo.com/u/6083622909
5302508151113856,转发微博,2026-05-27 02:41:53,内蒙古,7756309244,呗呗兔202204,https://weibo.com/u/7756309244
5302508151113856,转发微博,2026-05-27 02:34:50,湖北,1638489420,苏珍珍1638489420,https://weibo.com/u/1638489420
5302508151113856,转发微博,2026-05-27 02:27:16,湖南,6126016735,Z抱走十一,https://weibo.com/u/6126016735
5302508151113856,我和老二好像阿给自己的目标定的很低读书时我想着中间就好了呀不用太超前也不要太后以前有个比赛我和管培生一起组队我们拿了二等奖我心里还挺开心的不求第一无论正数还是倒数[鼓掌][鼓掌]当然也感谢陪我一起组队的管培生们如果演戏我估计会喜欢女二号我发现金材昱的剧他演的男,2026-05-27 02:26:25,上海,5849096778,its_Kismet,https://weibo.com/u/5849096778
5302508151113856,转发微博,2026-05-27 02:26:17,广东,5021044093,可以不用比较吗,https://weibo.com/u/5021044093
5302508151113856,转发微博,2026-05-27 02:25:25,广东,5869843568,ijnklo,https://weibo.com/u/5869843568
5302508151113856,[心],2026-05-27 02:20:03,广东,3934509558,stasia_stasia,https://weibo.com/u/3934509558
5302508151113856,转发微博,2026-05-27 02:19:51,广东,7303202991,时来运转石榴,https://weibo.com/u/7303202991
5302508151113856,转发微博,2026-05-27 02:15:22,广东,7303202991,时来运转石榴,https://weibo.com/u/7303202991
5302508151113856,转发微博,2026-05-27 01:49:16,山东,6528196565,清风甜心明月,https://weibo.com/u/6528196565
5302508151113856,转发微博,2026-05-27 00:54:29,天津,7865348296,不卷不倦不行,https://weibo.com/u/7865348296
5302508151113856,转发微博,2026-05-27 00:42:52,四川,5651164615,最美风景山与水,https://weibo.com/u/5651164615
5302508151113856,Anne保持好奇哈哈和我家两娃真的很像[笑cry]我家老大小学中等初中变成学霸一发不可收拾老二学渣小学被英语单词5个单词背一小时然后再提问忘了[笑cry]我只能说自己的对孩子的接受度很高现在老二初中学习自驱力正在加强成绩肉眼可见的进步了关键是她知道怎么学习了,2026-05-26 23:58:51,广东,7837411414,闪闪发光的谷雨,https://weibo.com/u/7837411414
5302508151113856,转发微博,2026-05-26 23:39:12,江苏,6175890113,枫雪伯爵,https://weibo.com/u/6175890113
5302508151113856,转发微博,2026-05-26 23:38:39,新疆,1814278887,挚爱Kobe0823,https://weibo.com/u/1814278887
5302508151113856,轉發微博,2026-05-26 23:32:45,重庆,1865079132,啾啾重回婴儿时代,https://weibo.com/u/1865079132
5302508151113856,转发微博,2026-05-26 23:31:21,辽宁,2979319415,等春暖花香的季节,https://weibo.com/u/2979319415
5302508151113856,转发微博,2026-05-26 23:21:43,河北,1877742354,我是睫毛精hh,https://weibo.com/u/1877742354
5302508151113856,转发微博,2026-05-26 23:20:34,江苏,6524056005,弯弯黛山眉,https://weibo.com/u/6524056005
5302508151113856,转发微博,2026-05-26 23:13:42,天津,5484672217,天使之眼dyc,https://weibo.com/u/5484672217
5302508151113856,转发微博,2026-05-26 23:07:40,四川,7301093445,我的心情废液缸,https://weibo.com/u/7301093445
5302508151113856,近段时间对比了自己还有两个高中同学的成长经历和性格特点后我发现家庭教育塑造的是人格底色好的家庭教育应该是可以常常接住孩子吧,2026-05-26 22:59:37,上海,1748657484,奇先生和怪小姐,https://weibo.com/u/1748657484
5302508151113856,转发微博,2026-05-26 22:52:51,河北,6458478982,阿拉树下,https://weibo.com/u/6458478982
5302508151113856,转发微博,2026-05-26 22:49:56,河北,6458478982,阿拉树下,https://weibo.com/u/6458478982
5302508151113856,转发微博,2026-05-26 22:48:25,上海,6214905655,我是Carol啊,https://weibo.com/u/6214905655
5302508151113856,转发微博,2026-05-26 22:47:56,安徽,6601737707,倪倪李李,https://weibo.com/u/6601737707
5302508151113856,转发微博,2026-05-26 22:46:06,辽宁,5536530350,路见不平就得怼,https://weibo.com/u/5536530350
5302508151113856,转发微博,2026-05-26 22:44:41,北京,1323404820,善良的小神经,https://weibo.com/u/1323404820
5302508151113856,转发微博,2026-05-26 22:40:57,湖南,7455072825,晨露何圆圆,https://weibo.com/u/7455072825
5302508151113856,转发微博,2026-05-26 22:32:21,河南,7712181237,金融民工阿智,https://weibo.com/u/7712181237
5302508151113856,转发微博,2026-05-26 22:30:36,湖南,6542757273,season501,https://weibo.com/u/6542757273
5302508151113856,转发微博,2026-05-26 22:30:10,广东,6129982673,星洞月移,https://weibo.com/u/6129982673
5302508151113856,转发微博,2026-05-26 22:24:39,辽宁,3024011333,joy若是月亮还没来joy,https://weibo.com/u/3024011333
5302508151113856,转发微博,2026-05-26 22:21:38,北京,1978619355,shan姗26,https://weibo.com/u/1978619355
5302508151113856,[举手][打call][打call][打call],2026-05-26 22:19:59,湖北,2271219163,小小的天有着大大的梦想,https://weibo.com/u/2271219163
5302508151113856,转发微博,2026-05-26 22:04:03,山东,5670030431,健康平安喜乐顺遂99,https://weibo.com/u/5670030431
5302508151113856,转发微博,2026-05-26 22:02:24,重庆,1204136050,OKSKY的天空,https://weibo.com/u/1204136050
5302508151113856,转发微博,2026-05-26 22:00:48,山东,5670030431,健康平安喜乐顺遂99,https://weibo.com/u/5670030431
5302508151113856,转发微博,2026-05-26 21:43:31,天津,2069974353,逛逛微博懒得起名,https://weibo.com/u/2069974353
5302508151113856,转发微博,2026-05-26 21:35:58,广东,2610916491,conniexwq,https://weibo.com/u/2610916491
5302508151113856,转发微博,2026-05-26 21:32:23,四川,5272267357,小资眉眉,https://weibo.com/u/5272267357
5302508151113856,转发微博,2026-05-26 21:22:05,北京,5883865909,棉花糖小云朵6,https://weibo.com/u/5883865909
5302508151113856,转发微博,2026-05-26 21:20:49,广东,5992312148,用户5992312148,https://weibo.com/u/5992312148
5302508151113856,转发微博,2026-05-26 21:17:16,河南,5666798396,曉曉昵称,https://weibo.com/u/5666798396
5302508151113856,转发微博,2026-05-26 21:09:20,山东,7852969814,用户7852969814,https://weibo.com/u/7852969814
5302508151113856,转发微博,2026-05-26 21:04:10,广东,2466267882,晓琪要淡定,https://weibo.com/u/2466267882
5302508151113856,媛媛ghost1626身体健康心理健康才是最重要的,2026-05-26 21:02:12,江苏,1961029693,惠菲灵,https://weibo.com/u/1961029693
5302508151113856,好喜欢听沈教授讲话每次都觉得很治愈[心],2026-05-26 20:48:08,新疆,1993702783,小panda-,https://weibo.com/u/1993702783
5302508151113856,转发微博,2026-05-26 20:42:39,安徽,7432787178,zhuo112,https://weibo.com/u/7432787178
5302508151113856,转发微博,2026-05-26 20:40:39,湖南,3218656700,及时行乐乐作人生,https://weibo.com/u/3218656700
5302508151113856,转发微博,2026-05-26 20:30:32,江西,6573216463,何颜悦色小姐姐,https://weibo.com/u/6573216463
5302508151113856,转发微博,2026-05-26 20:23:25,江苏,6369486422,我在落叶飘落的地方等待落叶飘落,https://weibo.com/u/6369486422
5302508151113856,转发微博,2026-05-26 20:22:30,安徽,5019114526,圆圆山茶花,https://weibo.com/u/5019114526
5302508151113856,,2026-05-26 20:20:43,上海,5815887707,粉色棉花糖呀,https://weibo.com/u/5815887707
5302508151113856,哈哈和我家两娃真的很像[笑cry]我家老大小学中等初中变成学霸一发不可收拾老二学渣小学被英语单词5个单词背一小时然后再提问忘了[笑cry]我只能说自己的对孩子的接受度很高现在老二初中学习自驱力正在加强成绩肉眼可见的进步了关键是她知道怎么学习了,2026-05-26 20:16:30,北京,1696284650,Anne-保持好奇,https://weibo.com/u/1696284650
5302508151113856,转发微博,2026-05-26 20:16:13,河北,2788505321,手机用户2788505321,https://weibo.com/u/2788505321
5302508151113856,转发微博,2026-05-26 20:07:33,江苏,6138125605,用户6138125605,https://weibo.com/u/6138125605
5302508151113856,很棒[good],2026-05-26 20:03:36,河北,3220780804,Y-UA-N,https://weibo.com/u/3220780804
5302508151113856,转发微博,2026-05-26 19:56:12,河南,1562063645,流云落雪,https://weibo.com/u/1562063645
5302508151113856,转发微博,2026-05-26 19:53:59,江苏,3757593425,你-安,https://weibo.com/u/3757593425
5302508151113856,转发微博,2026-05-26 19:45:38,山东,7207898842,Marisa向前跑,https://weibo.com/u/7207898842
5302508151113856,转发微博,2026-05-26 19:37:38,江苏,1727998290,mirrortutu,https://weibo.com/u/1727998290
5302508151113856,转发微博,2026-05-26 19:32:17,北京,1829865242,唐壮壮,https://weibo.com/u/1829865242
5302508151113856,转发微博,2026-05-26 19:27:58,北京,6134583003,用户6134583003,https://weibo.com/u/6134583003
5302508151113856,转发微博,2026-05-26 19:20:59,上海,1275879822,雪啸晴0,https://weibo.com/u/1275879822
5302508151113856,转发微博,2026-05-26 19:12:39,安徽,6197558142,用户6197558142,https://weibo.com/u/6197558142
5302508151113856,转发微博,2026-05-26 19:03:46,四川,5028167737,Leedo梨豆,https://weibo.com/u/5028167737
5302508151113856,转发微博,2026-05-26 19:02:34,上海,7275630197,发发_花花,https://weibo.com/u/7275630197
5302508151113856,转发微博,2026-05-26 18:51:33,江西,6354851661,随和的晨光68,https://weibo.com/u/6354851661
5302508151113856,转发微博,2026-05-26 18:27:43,上海,5098640677,吃货大人小葛,https://weibo.com/u/5098640677
5302508151113856,转发微博,2026-05-26 18:26:35,陕西,7769862270,hh888lft,https://weibo.com/u/7769862270
5302508151113856,转发微博,2026-05-26 18:26:22,陕西,1427264805,一别两宽v4258051104,https://weibo.com/u/1427264805
5302508151113856,一天来看一次,2026-05-26 18:23:33,北京,2597558267,sunny勤奋的苹果,https://weibo.com/u/2597558267
5302508151113856,转发微博,2026-05-26 18:23:07,天津,3953942754,请你要远离垃圾praise,https://weibo.com/u/3953942754
5302508151113856,转发微博,2026-05-26 18:15:05,河北,7500042292,用户7500042292,https://weibo.com/u/7500042292
5302508151113856,转发微博,2026-05-26 18:03:57,江苏,2249509835,myownlife26,https://weibo.com/u/2249509835
5302508151113856,转发微博,2026-05-26 17:27:30,云南,1357636763,静听那时光之河,https://weibo.com/u/1357636763
5302508151113856,转发微博,2026-05-26 17:16:36,广东,7440821057,咔嚓啦2,https://weibo.com/u/7440821057
5302508151113856,转发微博,2026-05-26 17:12:25,浙江,1541470501,如影随行ruru,https://weibo.com/u/1541470501
5302508151113856,微博智搜家庭教育的成功并非仅指孩子考入名校而是体现在多个维度首先成功的教育能培养出心理健康身体健康的孩子这是头等大事其次它意味着建立了温暖亲密的亲子关系例如青春期的孩子仍愿意与父母沟通分享成年子女乐于规划家庭活动让父母感受到情感查看全部戳,2026-05-26 16:53:20,湖北,7935721093,星辰大海靠舵手,https://weibo.com/u/7935721093
5302508151113856,转发微博,2026-05-26 16:30:58,广西,7574626050,用户7574626050,https://weibo.com/u/7574626050
5302508151113856,转发微博,2026-05-26 16:28:27,北京,6329272274,老北京201006,https://weibo.com/u/6329272274
5302508151113856,转发微博,2026-05-26 16:26:06,浙江,3033708521,宝贝琳mama,https://weibo.com/u/3033708521
5302508151113856,转发微博,2026-05-26 16:21:33,安徽,6240245659,用户6240245659,https://weibo.com/u/6240245659
5302508151113856,转发微博,2026-05-26 16:16:32,湖南,5558844106,kerxie,https://weibo.com/u/5558844106
5302508151113856,转发微博,2026-05-26 16:13:12,湖南,2683981635,嚠曉詩,https://weibo.com/u/2683981635
5302508151113856,转发微博,2026-05-26 16:03:41,湖北,7898171933,用户7898171933,https://weibo.com/u/7898171933
5302508151113856,转发微博,2026-05-26 15:54:53,北京,6470187745,用户6470187745,https://weibo.com/u/6470187745
5302508151113856,转发微博,2026-05-26 15:44:52,浙江,6470628010,鱼京鱼京99,https://weibo.com/u/6470628010
5302508151113856,转发微博,2026-05-26 15:44:14,山东,5063924757,糖小宝妞妞,https://weibo.com/u/5063924757
5302508151113856,转发微博,2026-05-26 15:37:44,福建,1250294712,木子丢丢,https://weibo.com/u/1250294712
5302508151113856,转发微博,2026-05-26 15:30:55,浙江,1117266152,可以不爱的,https://weibo.com/u/1117266152
5302508151113856,转发微博,2026-05-26 15:23:08,黑龙江,5597586723,噗噗201309,https://weibo.com/u/5597586723
5302508151113856,家庭教育的成功是什么,2026-05-26 15:12:18,上海,3707152481,徐婧营养师在上海,https://weibo.com/u/3707152481
5302508151113856,转发微博,2026-05-26 15:06:33,河南,7521712122,几夕流年,https://weibo.com/u/7521712122
5302508151113856,转发微博,2026-05-26 15:04:51,河南,7521712122,几夕流年,https://weibo.com/u/7521712122
5302508151113856,转发微博,2026-05-26 14:34:06,广东,2734829207,李村一枝花呀,https://weibo.com/u/2734829207
5302508151113856,转发微博,2026-05-26 14:31:14,广东,9042857432,用户9042857432,https://weibo.com/u/9042857432
5302508151113856,转发微博,2026-05-26 14:30:26,广东,9042857432,用户9042857432,https://weibo.com/u/9042857432
5302508151113856,转发微博,2026-05-26 14:28:24,广东,9042857432,用户9042857432,https://weibo.com/u/9042857432
5302508151113856,转发微博,2026-05-26 14:26:08,辽宁,1981014991,六月的天hyy,https://weibo.com/u/1981014991
5302508151113856,转发微博,2026-05-26 14:09:37,广东,1976862493,蕾姐6688,https://weibo.com/u/1976862493
5302508151113856,转发微博,2026-05-26 14:04:58,山东,5395961430,山谷里的小花儿,https://weibo.com/u/5395961430
5302508151113856,转发微博,2026-05-26 14:02:37,山东,5395961430,山谷里的小花儿,https://weibo.com/u/5395961430
5302508151113856,转发微博,2026-05-26 13:48:50,内蒙古,2600210842,一二三一起游,https://weibo.com/u/2600210842
5302508151113856,转发微博,2026-05-26 13:47:41,江苏,5618845640,荷荷_48556,https://weibo.com/u/5618845640
5302508151113856,转发微博,2026-05-26 13:46:11,广东,8435718039,用户8435718039,https://weibo.com/u/8435718039
5302508151113856,转发微博,2026-05-26 13:43:56,北京,1737707681,虫虫甲壳虫,https://weibo.com/u/1737707681
5302508151113856,转发微博,2026-05-26 13:21:15,福建,3986393235,换了名字你就不认识我了丢了,https://weibo.com/u/3986393235
5302508151113856,[good],2026-05-26 13:16:55,广东,7896636406,Findmyself-recognizemyself,https://weibo.com/u/7896636406
5302508151113856,转发微博,2026-05-26 13:08:17,广西,6080443619,温妮raspberry900,https://weibo.com/u/6080443619
5302508151113856,转发微博,2026-05-26 13:04:12,江苏,6183866973,jane8891520,https://weibo.com/u/6183866973
5302508151113856,转发微博,2026-05-26 13:03:57,江苏,2503927254,丽清说出海,https://weibo.com/u/2503927254
5302508151113856,转发微博,2026-05-26 12:48:48,上海,1712151760,wmrszxcg,https://weibo.com/u/1712151760
5302508151113856,转发微博,2026-05-26 12:48:14,江西,6838572920,娜样自然美丽,https://weibo.com/u/6838572920
5302508151113856,转发微博,2026-05-26 12:46:02,山西,1732187953,花儿龙猫,https://weibo.com/u/1732187953
5302508151113856,[点赞],2026-05-26 12:43:54,海南,5526418638,福foo,https://weibo.com/u/5526418638
5302508151113856,转发微博,2026-05-26 12:43:28,贵州,1926638675,手机用户1926638675,https://weibo.com/u/1926638675
5302508151113856,转发微博,2026-05-26 12:40:45,江苏,6573095551,水木年华0421,https://weibo.com/u/6573095551
5302508151113856,转发微博,2026-05-26 12:39:01,湖北,6430805177,缓缓一下,https://weibo.com/u/6430805177
5302508151113856,[鮮花][鮮花][鮮花][鮮花],2026-05-26 12:38:27,尼泊尔,5948464522,Di-Dar無常花事了,https://weibo.com/u/5948464522
5302508151113856,转发微博,2026-05-26 12:36:18,山东,1447237220,一小撮i,https://weibo.com/u/1447237220
5302508151113856,,2026-05-26 12:35:39,湖南,5714514996,爱看小说的络绪,https://weibo.com/u/5714514996
5302508151113856,转发微博,2026-05-26 12:35:17,湖北,6430805177,缓缓一下,https://weibo.com/u/6430805177
5302508151113856,转发微博,2026-05-26 12:28:54,北京,5903016413,也想乘风破浪的姐姐,https://weibo.com/u/5903016413
5302410462629429,晶晶我的小宝贝好的工作环境也是一样的遇到和你势均力敌的同事大家每天都会干劲十足而能力差的人往往都爱推诿扯皮敷衍了事和这种人长期工作你只会觉得无力无奈再大的热情也会被磨灭Beckham7__好大学就是好的环境好的平台好的同学好的老师和选择权而不是沉入大海被,2026-05-25 22:41:19,浙江,1646363137,Ray怡然自乐,https://weibo.com/u/1646363137
5302410462629429,哈,2026-05-29 07:48:38,安徽,7562531107,土豆土豆_我是地瓜呀,https://weibo.com/u/7562531107
5302410462629429,转发微博,2026-05-29 07:38:31,辽宁,6522886704,雪之女王199606,https://weibo.com/u/6522886704
5302410462629429,转发微博,2026-05-29 07:29:56,上海,6314402333,duoduoclub2016,https://weibo.com/u/6314402333
5302410462629429,转发微博,2026-05-29 07:22:02,重庆,4083125233,哦莫202602,https://weibo.com/u/4083125233
5302410462629429,转发微博,2026-05-29 06:35:57,陕西,6457075304,五仁月饼4046,https://weibo.com/u/6457075304
5302410462629429,转发微博,2026-05-29 05:47:14,吉林,5842406616,不惑之年的橙,https://weibo.com/u/5842406616
5302410462629429,转发微博,2026-05-29 01:11:00,广东,6605477571,皮皮虾不想皮皮,https://weibo.com/u/6605477571
5302410462629429,转发微博,2026-05-29 01:09:39,江苏,5381817380,黄健健24303,https://weibo.com/u/5381817380
5302410462629429,转发微博,2026-05-29 00:59:51,福建,2971750345,米可可好,https://weibo.com/u/2971750345
5302410462629429,转发微博,2026-05-28 23:56:59,重庆,8269030631,小白不白202605,https://weibo.com/u/8269030631
5302410462629429,转发微博,2026-05-28 23:13:34,江苏,1937807363,水木冲之De随兴生活,https://weibo.com/u/1937807363
5302410462629429,转发微博,2026-05-28 23:04:54,四川,7497144785,柠乐冒泡泡,https://weibo.com/u/7497144785
5302410462629429,转发微博,2026-05-28 23:01:12,重庆,2303176071,flyying天空,https://weibo.com/u/2303176071
5302410462629429,转发微博,2026-05-28 22:58:35,河南,6203329955,好好生活呀小朋友,https://weibo.com/u/6203329955
5302410462629429,转发微博,2026-05-28 22:55:29,广东,5708110167,蝶舞飞扬23466,https://weibo.com/u/5708110167
5302410462629429,转发微博,2026-05-28 22:49:14,河北,3846613753,用户3846613753,https://weibo.com/u/3846613753
5302410462629429,Ray怡然自乐晶晶我的小宝贝好的工作环境也是一样的遇到和你势均力敌的同事大家每天都会干劲十足而能力差的人往往都爱推诿扯皮敷衍了事和这种人长期工作你只会觉得无力无奈再大的热情也会被磨灭Beckham7__好大学就是好的环境好的平台好的同学好的老师和选择权而,2026-05-28 22:25:41,浙江,6503019851,唯美9479,https://weibo.com/u/6503019851
5302410462629429,转发微博,2026-05-28 22:03:54,江苏,5212954172,笨小孩小m,https://weibo.com/u/5212954172
5302410462629429,转发微博,2026-05-28 21:50:51,浙江,7731859063,用户7731859063,https://weibo.com/u/7731859063
5302410462629429,转发微博,2026-05-28 21:41:48,北京,2035908024,拨开云雾见新颜,https://weibo.com/u/2035908024
5302410462629429,转发微博,2026-05-28 21:34:30,浙江,7515998844,长大了的毛毛虫,https://weibo.com/u/7515998844
5302410462629429,转发微博,2026-05-28 21:16:37,四川,1857621330,水藻啦啦啦,https://weibo.com/u/1857621330
5302410462629429,这个视频我不止看到过一遍但是不能再赞同了,2026-05-28 20:58:56,上海,6064526163,玖猫误梦,https://weibo.com/u/6064526163
5302410462629429,Ray怡然自乐晶晶我的小宝贝好的工作环境也是一样的遇到和你势均力敌的同事大家每天都会干劲十足而能力差的人往往都爱推诿扯皮敷衍了事和这种人长期工作你只会觉得无力无奈再大的热情也会被磨灭Beckham7__好大学就是好的环境好的平台好的同学好的老师和选择权而,2026-05-28 20:46:17,山东,7802521957,用户7802521957,https://weibo.com/u/7802521957
5302410462629429,转发微博,2026-05-28 20:22:09,浙江,1785189275,牛肉烧焦了,https://weibo.com/u/1785189275
5302410462629429,转发微博,2026-05-28 18:27:25,浙江,2632191665,说的好听哈,https://weibo.com/u/2632191665
5302410462629429,转发微博,2026-05-28 17:39:56,浙江,1890632030,Jill-forever,https://weibo.com/u/1890632030
5302410462629429,转发微博,2026-05-28 17:31:59,天津,2651332641,又山一水,https://weibo.com/u/2651332641
5302410462629429,转发微博,2026-05-28 17:31:14,江苏,1741206755,菁菁闪闪爱你哟,https://weibo.com/u/1741206755
5302410462629429,晶晶我的小宝贝好的工作环境也是一样的遇到和你势均力敌的同事大家每天都会干劲十足而能力差的人往往都爱推诿扯皮敷衍了事和这种人长期工作你只会觉得无力无奈再大的热情也会被磨灭Beckham7__好大学就是好的环境好的平台好的同学好的老师和选择权而不是沉入大海被,2026-05-28 16:53:33,上海,1770023455,serena2905,https://weibo.com/u/1770023455
5302410462629429,转发微博,2026-05-28 16:33:36,江苏,5456602913,小叮当的百宝袋12472,https://weibo.com/u/5456602913
5302410462629429,转发微博,2026-05-28 16:11:06,北京,1902745580,谜仙儿__大可爱,https://weibo.com/u/1902745580
5302410462629429,转发微博,2026-05-28 15:24:32,四川,7970194081,小溪啊小溪一,https://weibo.com/u/7970194081
5302410462629429,转发微博,2026-05-28 14:55:42,浙江,6208482760,树下火锅加蔬菜,https://weibo.com/u/6208482760
5302410462629429,转发微博,2026-05-28 14:54:14,浙江,6208482760,树下火锅加蔬菜,https://weibo.com/u/6208482760
5302410462629429,转发微博,2026-05-28 14:48:41,北京,6442327422,精致麦琪,https://weibo.com/u/6442327422
5302410462629429,转发微博,2026-05-28 14:33:26,湖北,3262379350,陈辰晨Sunny,https://weibo.com/u/3262379350
5302410462629429,Ray怡然自乐晶晶我的小宝贝好的工作环境也是一样的遇到和你势均力敌的同事大家每天都会干劲十足而能力差的人往往都爱推诿扯皮敷衍了事和这种人长期工作你只会觉得无力无奈再大的热情也会被磨灭Beckham7__好大学就是好的环境好的平台好的同学好的老师和选择权而,2026-05-28 14:04:14,新疆,3922135266,剪剪风爱小妞妞,https://weibo.com/u/3922135266
5302410462629429,好的大学,2026-05-28 13:50:07,广东,1771340272,mili0305,https://weibo.com/u/1771340272
5302410462629429,春来一粒粟人很多能力是在不喜欢的事情中培养出来的这话挺对的很多时候忌神带给我们的就是困难但有忌神用神才会出作用也就是困难会逼着人想到解决办法等到环境好了流通平衡有情了困难的事就容易起来了,2026-05-28 13:22:08,广东,2988266403,番茄炒蛋好味吖,https://weibo.com/u/2988266403
5302410462629429,转发微博,2026-05-28 13:21:56,广东,5476763962,我要的呵护很简单,https://weibo.com/u/5476763962
5302410462629429,转发微博,2026-05-28 13:15:42,贵州,7639041908,monsterfox17,https://weibo.com/u/7639041908
5302410462629429,转发微博,2026-05-28 13:08:29,日本,2299252097,姜男1121,https://weibo.com/u/2299252097
5302410462629429,转发微博,2026-05-28 13:03:50,上海,3632884657,么么哒cheng,https://weibo.com/u/3632884657
5302410462629429,转发微博,2026-05-28 13:02:10,江苏,6116450118,summer的故事_666,https://weibo.com/u/6116450118
5302410462629429,转发微博,2026-05-28 13:00:12,河北,6486108544,用户6486108544,https://weibo.com/u/6486108544
5302410462629429,转发微博,2026-05-28 12:44:05,天津,7395902246,财水手,https://weibo.com/u/7395902246
5302410462629429,转发微博,2026-05-28 12:41:38,黑龙江,6911330134,bluesweet2019,https://weibo.com/u/6911330134
5302410462629429,转发微博,2026-05-28 12:41:15,山东,6356068479,summer4772,https://weibo.com/u/6356068479
5302410462629429,转发微博,2026-05-28 12:32:48,湖南,2877983253,joycechow_zh,https://weibo.com/u/2877983253
5302410462629429,轉發微博,2026-05-28 12:20:48,北京,3218453541,金水明月照我心,https://weibo.com/u/3218453541
5302410462629429,转发微博,2026-05-28 12:09:19,黑龙江,3899850043,用户3899850043,https://weibo.com/u/3899850043
5302410462629429,转发微博,2026-05-28 12:07:41,黑龙江,3899850043,用户3899850043,https://weibo.com/u/3899850043
5302410462629429,转发微博,2026-05-28 11:46:47,江西,7967603120,金鱼仔0927,https://weibo.com/u/7967603120
5302410462629429,转发微博,2026-05-28 11:01:03,浙江,7770023850,与子何忧,https://weibo.com/u/7770023850
5302410462629429,转发微博,2026-05-28 10:50:41,上海,7765983905,OnceAgainFrom,https://weibo.com/u/7765983905
5302410462629429,是呢每次都是项目好急好急了突然学会使用陌生的软件[老师好][淡淡的][来抱抱]痛但满足[给你小心心][手指比心]春来一粒粟人很多能力是在不喜欢的事情中培养出来的这话挺对的很多时候忌神带给我们的就是困难但有忌神用神才会出作用也就是困难会逼着人想到解决办法等到环境好,2026-05-28 10:28:31,福建,2698921903,宝铃睿音,https://weibo.com/u/2698921903
5302410462629429,转发微博,2026-05-28 10:23:07,辽宁,2187399497,头不是一般铁,https://weibo.com/u/2187399497
5302410462629429,转发微博,2026-05-28 09:31:51,河北,5574563836,蓝羽12345,https://weibo.com/u/5574563836
5302410462629429,转发微博,2026-05-28 09:29:27,江西,7548442014,用户7548442014,https://weibo.com/u/7548442014
5302410462629429,转发微博,2026-05-28 09:17:12,四川,5941875745,可乐扎西德勒,https://weibo.com/u/5941875745
5302410462629429,转发微博,2026-05-28 09:12:40,上海,5656161965,潇洒可乐姐,https://weibo.com/u/5656161965
5302410462629429,Ray怡然自乐晶晶我的小宝贝好的工作环境也是一样的遇到和你势均力敌的同事大家每天都会干劲十足而能力差的人往往都爱推诿扯皮敷衍了事和这种人长期工作你只会觉得无力无奈再大的热情也会被磨灭Beckham7__好大学就是好的环境好的平台好的同学好的老师和选择权而,2026-05-28 08:52:45,浙江,5202461106,一只皮皮皮皮皮仔,https://weibo.com/u/5202461106
5302410462629429,转发微博,2026-05-28 08:36:11,浙江,6458413477,用户6458413477,https://weibo.com/u/6458413477
5302410462629429,Ray怡然自乐晶晶我的小宝贝好的工作环境也是一样的遇到和你势均力敌的同事大家每天都会干劲十足而能力差的人往往都爱推诿扯皮敷衍了事和这种人长期工作你只会觉得无力无奈再大的热情也会被磨灭Beckham7__好大学就是好的环境好的平台好的同学好的老师和选择权而,2026-05-28 08:30:32,安徽,5023181364,一笑就露出两颗金色门牙,https://weibo.com/u/5023181364
5302410462629429,转发微博,2026-05-28 08:16:40,广东,2641233524,为什么那么爱面包超人啊啊啊,https://weibo.com/u/2641233524
5302410462629429,转发微博,2026-05-28 08:15:11,辽宁,2493525492,美牛牛A-Za,https://weibo.com/u/2493525492
5302410462629429,转发微博,2026-05-28 08:14:55,广东,5990393466,惟愿有天光,https://weibo.com/u/5990393466
5302410462629429,转发微博,2026-05-28 08:14:43,江苏,3015114905,叁叶幸运草而已,https://weibo.com/u/3015114905
5302410462629429,转发微博,2026-05-28 08:04:47,北京,1636988174,北方北丘北,https://weibo.com/u/1636988174
5302410462629429,转发微博,2026-05-28 07:48:38,湖南,7903216382,用户7903216382,https://weibo.com/u/7903216382
5302410462629429,转发微博,2026-05-28 07:42:33,浙江,2604536384,My乐乐,https://weibo.com/u/2604536384
5302410462629429,转发微博,2026-05-28 07:36:29,北京,1900583617,核桃大枣yu,https://weibo.com/u/1900583617
5302410462629429,转发微博,2026-05-28 07:20:10,四川,7384112939,成长5817,https://weibo.com/u/7384112939
5302410462629429,转发微博,2026-05-28 07:00:03,上海,1073684987,幻影骑士ray,https://weibo.com/u/1073684987
5302410462629429,转发微博,2026-05-28 06:36:19,山东,5779052281,69空白格69,https://weibo.com/u/5779052281
5302410462629429,转发微博,2026-05-28 05:42:57,山西,5400522286,w3737373737,https://weibo.com/u/5400522286
5302410462629429,转发微博,2026-05-28 02:58:58,浙江,7577782238,用户7577782238,https://weibo.com/u/7577782238
5302410462629429,转发微博,2026-05-28 02:37:10,浙江,7922623344,法师202505,https://weibo.com/u/7922623344
5302410462629429,转发微博,2026-05-28 02:20:44,辽宁,2493525492,美牛牛A-Za,https://weibo.com/u/2493525492
5302410462629429,转发微博,2026-05-28 01:48:45,天津,6871504185,邂逅星元,https://weibo.com/u/6871504185
5302410462629429,给美哈哈,2026-05-28 01:40:16,吉林,5680821156,ssyxxzj,https://weibo.com/u/5680821156
5302410462629429,转发微博,2026-05-28 00:48:38,河北,4031836397,在洞穴织围脖的甜瓜,https://weibo.com/u/4031836397
5302410462629429,轉發微博,2026-05-28 00:48:14,山东,7298452376,鸡啄米棒棒糖,https://weibo.com/u/7298452376
5302410462629429,春来一粒粟人很多能力是在不喜欢的事情中培养出来的这话挺对的很多时候忌神带给我们的就是困难但有忌神用神才会出作用也就是困难会逼着人想到解决办法等到环境好了流通平衡有情了困难的事就容易起来了,2026-05-28 00:32:00,广西,1791216050,嘉点草莓兔兔,https://weibo.com/u/1791216050
5302410462629429,转发微博,2026-05-28 00:05:10,山东,5127373799,郭晶12590,https://weibo.com/u/5127373799
5302410462629429,转发微博,2026-05-27 23:55:06,湖南,2151704382,江小闲er,https://weibo.com/u/2151704382
5302410462629429,转发微博,2026-05-27 23:52:21,山东,3226925787,蕾蕾的盒子,https://weibo.com/u/3226925787
5302410462629429,[good]春来一粒粟人很多能力是在不喜欢的事情中培养出来的这话挺对的很多时候忌神带给我们的就是困难但有忌神用神才会出作用也就是困难会逼着人想到解决办法等到环境好了流通平衡有情了困难的事就容易起来了,2026-05-27 23:14:32,吉林,5712954905,大笑能量,https://weibo.com/u/5712954905
5302410462629429,转发微博,2026-05-27 23:12:53,上海,1901317301,呆小暖,https://weibo.com/u/1901317301
5302410462629429,转发微博,2026-05-27 23:11:55,新疆,2452859085,皮蛋麻麻2011,https://weibo.com/u/2452859085
5302410462629429,转发微博,2026-05-27 23:10:02,山东,6444195577,woshiyizhiyu鱼,https://weibo.com/u/6444195577
5302410462629429,Ray怡然自乐晶晶我的小宝贝好的工作环境也是一样的遇到和你势均力敌的同事大家每天都会干劲十足而能力差的人往往都爱推诿扯皮敷衍了事和这种人长期工作你只会觉得无力无奈再大的热情也会被磨灭Beckham7__好大学就是好的环境好的平台好的同学好的老师和选择权而,2026-05-27 23:06:13,浙江,6750396829,花开见佛201810,https://weibo.com/u/6750396829
5302410462629429,转发微博,2026-05-27 23:03:46,浙江,2377505955,Onionliu,https://weibo.com/u/2377505955
5302410462629429,转发微博,2026-05-27 22:59:16,广东,1868397044,Qinss,https://weibo.com/u/1868397044
5302410462629429,转发微博,2026-05-27 22:59:12,四川,3166022771,forward风雨无阻,https://weibo.com/u/3166022771
5302410462629429,转发微博,2026-05-27 22:53:51,中国香港,5546514173,ABABAB_41222,https://weibo.com/u/5546514173
5302410462629429,转发微博,2026-05-27 22:52:43,四川,1806744772,妖妖儿_S,https://weibo.com/u/1806744772
5302410462629429,复旦大学沈奕斐教授被举报,2026-05-27 22:50:30,广东,5160808059,豆豆20090909,https://weibo.com/u/5160808059
5302410462629429,转发微博,2026-05-27 22:43:04,山东,5647362140,四月食光April,https://weibo.com/u/5647362140
5302410462629429,转发微博,2026-05-27 22:42:57,河南,7312233331,天天快乐山石,https://weibo.com/u/7312233331
5302410462629429,转发微博,2026-05-27 22:41:05,安徽,5030108395,相信大耳朵锤子,https://weibo.com/u/5030108395
5302410462629429,转发微博,2026-05-27 22:21:50,江苏,1103506784,皆大欢喜鱼,https://weibo.com/u/1103506784
5302410462629429,转发微博,2026-05-27 22:13:58,天津,5766942027,安昕andy-leo,https://weibo.com/u/5766942027
5302410462629429,转发微博,2026-05-27 22:07:41,北京,6205278135,用户6205278135,https://weibo.com/u/6205278135
5302410462629429,转发微博,2026-05-27 22:03:58,湖南,2863305925,HaNicxingfu,https://weibo.com/u/2863305925
5302410462629429,转发微博,2026-05-27 22:03:24,海南,7796202065,南风知_暖意,https://weibo.com/u/7796202065
5302410462629429,转发微博,2026-05-27 21:25:37,山东,2655749303,雨轩诗岚11,https://weibo.com/u/2655749303
5302410462629429,为啥要考好大学[鲜花][鲜花][鲜花],2026-05-27 21:22:32,北京,2806431855,是Sevennnn麻麻,https://weibo.com/u/2806431855
5302410462629429,转发微博,2026-05-27 20:58:06,浙江,1656316297,感恩相遇2022,https://weibo.com/u/1656316297
5302410462629429,转发微博,2026-05-27 20:57:42,陕西,2499421277,有智慧者2,https://weibo.com/u/2499421277
5302410462629429,转发微博,2026-05-27 20:56:39,天津,7389616441,用户7389616441,https://weibo.com/u/7389616441
5302410462629429,转发微博,2026-05-27 20:41:00,广东,6960927403,Khunnie91936,https://weibo.com/u/6960927403
5302410462629429,转发微博,2026-05-27 20:35:56,安徽,6087607975,米粒儿kitty,https://weibo.com/u/6087607975
5302410462629429,转发微博,2026-05-27 20:27:15,广东,1831757332,木铎金声悦万物,https://weibo.com/u/1831757332
5302410462629429,转发微博,2026-05-27 20:08:31,辽宁,5800591658,柠檬味硬糖果,https://weibo.com/u/5800591658
5302410462629429,转发微博,2026-05-27 20:07:44,辽宁,5800591658,柠檬味硬糖果,https://weibo.com/u/5800591658
5302410462629429,转发微博,2026-05-27 20:06:21,陕西,6136380430,布丁妈1109,https://weibo.com/u/6136380430
5302410462629429,Ray怡然自乐晶晶我的小宝贝好的工作环境也是一样的遇到和你势均力敌的同事大家每天都会干劲十足而能力差的人往往都爱推诿扯皮敷衍了事和这种人长期工作你只会觉得无力无奈再大的热情也会被磨灭Beckham7__好大学就是好的环境好的平台好的同学好的老师和选择权而,2026-05-27 20:02:28,北京,6130792843,勇敢的AI小青蛙,https://weibo.com/u/6130792843
5302410462629429,转发微博,2026-05-27 19:37:51,山东,7557307146,fengye_11,https://weibo.com/u/7557307146
5302410462629429,转发微博,2026-05-27 19:24:06,陕西,1659596372,吃心的鱼,https://weibo.com/u/1659596372
5302410462629429,转发微博,2026-05-27 19:21:15,山东,1882928714,小婷婷泡泡,https://weibo.com/u/1882928714
5302410462629429,转发微博,2026-05-27 19:10:30,上海,5743921596,用户5743921596,https://weibo.com/u/5743921596
5302410462629429,转发微博,2026-05-27 19:02:08,河北,1881003857,一只怪瓶子Aquarius,https://weibo.com/u/1881003857
5302410462629429,转发微博,2026-05-27 18:53:19,广东,1801511054,PeterPan_47,https://weibo.com/u/1801511054
5302410462629429,转发微博,2026-05-27 18:49:15,山东,2513804945,一个恬静的女子o,https://weibo.com/u/2513804945
5302410462629429,转发微博,2026-05-27 18:25:52,江西,2791468480,海王星的错觉93,https://weibo.com/u/2791468480
5302410462629429,转发微博,2026-05-27 18:19:53,山西,2268715067,撒哈拉的红鲤鱼与绿鲤鱼,https://weibo.com/u/2268715067
5302410462629429,转发微博,2026-05-27 17:59:34,上海,2310350844,我为巧克力狂,https://weibo.com/u/2310350844
5302410462629429,转发微博,2026-05-27 17:22:04,江西,6078717277,黄瓜00540,https://weibo.com/u/6078717277
5302410462629429,转发微博,2026-05-27 17:14:58,辽宁,1874667983,愉悦云朵,https://weibo.com/u/1874667983
5302410462629429,转发微博,2026-05-27 17:00:52,四川,1719950497,婧的精彩,https://weibo.com/u/1719950497
5302410462629429,转发微博,2026-05-27 16:18:55,甘肃,1444285347,正能量传递温暖,https://weibo.com/u/1444285347
5302410462629429,转发微博,2026-05-27 15:58:14,吉林,6910213726,千宁一,https://weibo.com/u/6910213726
5302410462629429,转发微博,2026-05-27 15:43:33,新疆,3863498081,肖甴姊,https://weibo.com/u/3863498081
5302410462629429,转发微博,2026-05-27 15:34:10,福建,6237502336,用户6237502336,https://weibo.com/u/6237502336
5302410462629429,转发微博,2026-05-27 15:25:20,河北,7647398056,楠楠34235,https://weibo.com/u/7647398056
5302410462629429,转发微博,2026-05-27 15:21:53,湖南,3953369804,小阿利亚,https://weibo.com/u/3953369804
5302410462629429,转发微博,2026-05-27 15:18:51,四川,5951237108,TST四川总代招募代理,https://weibo.com/u/5951237108
5302410462629429,Ray怡然自乐晶晶我的小宝贝好的工作环境也是一样的遇到和你势均力敌的同事大家每天都会干劲十足而能力差的人往往都爱推诿扯皮敷衍了事和这种人长期工作你只会觉得无力无奈再大的热情也会被磨灭Beckham7__好大学就是好的环境好的平台好的同学好的老师和选择权而,2026-05-27 14:48:09,北京,6502965183,安心儿妈妈,https://weibo.com/u/6502965183
5302410462629429,转发微博,2026-05-27 14:45:26,江苏,1788244901,咏琪2009,https://weibo.com/u/1788244901
5302410462629429,转发微博,2026-05-27 14:34:05,浙江,1635049752,DY_better,https://weibo.com/u/1635049752
5302410462629429,转发微博,2026-05-27 14:21:11,福建,5285901398,彼岸向往vb,https://weibo.com/u/5285901398
5302410462629429,转发微博,2026-05-27 14:16:23,北京,1919183747,my_skyview,https://weibo.com/u/1919183747
5302410462629429,转发微博,2026-05-27 14:15:17,福建,6280675001,用户6280675001,https://weibo.com/u/6280675001
5302410462629429,转发微博,2026-05-27 14:13:31,江苏,7993896174,沉静玉米吃松子,https://weibo.com/u/7993896174
5302410462629429,转发微博,2026-05-27 13:43:11,浙江,7770360293,用户7770360293,https://weibo.com/u/7770360293
5302410462629429,转发微博,2026-05-27 13:40:28,广东,5625434633,初恋倾城33,https://weibo.com/u/5625434633
5302410462629429,转发微博,2026-05-27 13:37:54,浙江,1886088882,爱爆米花的冰激凌,https://weibo.com/u/1886088882
5302410462629429,考好大学的理由,2026-05-27 13:29:27,广东,6616642209,用户6616642209,https://weibo.com/u/6616642209
5302410462629429,[good],2026-05-27 13:26:47,广东,1724086234,OriannaHalfLife,https://weibo.com/u/1724086234
5302410462629429,转发微博,2026-05-27 13:08:05,福建,6502801135,树5551,https://weibo.com/u/6502801135
5302410462629429,转发微博,2026-05-27 12:59:33,上海,1925523953,小笨牛的2生活,https://weibo.com/u/1925523953
5302410462629429,转发微博,2026-05-27 12:58:55,江苏,6404583281,盛夏的祈祷,https://weibo.com/u/6404583281
5302410462629429,转发微博,2026-05-27 12:55:28,广西,3910897747,七月-小尾巴,https://weibo.com/u/3910897747
5302410462629429,转发微博,2026-05-27 12:43:21,山东,7768637917,用户7768637917,https://weibo.com/u/7768637917
5302410462629429,转发微博,2026-05-27 12:38:08,湖南,7396519023,晴朗9023,https://weibo.com/u/7396519023
5302410462629429,转发微博,2026-05-27 12:36:04,北京,2188459115,yq-贺,https://weibo.com/u/2188459115
5302410462629429,转发微博,2026-05-27 12:27:45,上海,7480646141,shannette012,https://weibo.com/u/7480646141
5302410462629429,转发微博,2026-05-27 12:21:48,福建,7621163870,游鱼石榴好运来,https://weibo.com/u/7621163870
5302410462629429,转发微博,2026-05-27 12:16:45,陕西,6750777720,turbowang5776,https://weibo.com/u/6750777720
5302410462629429,转发微博,2026-05-27 12:12:30,北京,2630867041,一向左走,https://weibo.com/u/2630867041
5302410462629429,转发微博,2026-05-27 12:07:14,广东,6057038812,Shoo2026,https://weibo.com/u/6057038812
5302410462629429,转发微博,2026-05-27 11:56:12,江苏,5522721551,弦歌2016,https://weibo.com/u/5522721551
5302410462629429,转发微博,2026-05-27 11:48:10,内蒙古,1364651072,M_H夫人安,https://weibo.com/u/1364651072
5302410462629429,转发微博,2026-05-27 11:40:56,北京,1892391725,Y爱做梦_,https://weibo.com/u/1892391725
5302410462629429,转发微博,2026-05-27 11:37:43,河南,1410751477,飓风中一棵葱,https://weibo.com/u/1410751477
5302410462629429,转发微博,2026-05-27 10:44:47,江苏,7958685155,南de小鹿,https://weibo.com/u/7958685155
5302410462629429,Ray怡然自乐晶晶我的小宝贝好的工作环境也是一样的遇到和你势均力敌的同事大家每天都会干劲十足而能力差的人往往都爱推诿扯皮敷衍了事和这种人长期工作你只会觉得无力无奈再大的热情也会被磨灭Beckham7__好大学就是好的环境好的平台好的同学好的老师和选择权而,2026-05-27 10:44:30,湖北,1640029135,o乖娃娃oo,https://weibo.com/u/1640029135
5302410462629429,转发微博,2026-05-27 10:40:00,广东,5784791626,百年澍木,https://weibo.com/u/5784791626
5302410462629429,转发微博,2026-05-27 10:32:49,天津,1793606503,Kicaz施,https://weibo.com/u/1793606503
5302410462629429,转发微博,2026-05-27 10:26:54,江苏,3905702934,bayern伪球迷,https://weibo.com/u/3905702934
5302410462629429,转发微博,2026-05-27 10:13:43,江苏,6415850821,Ye银河护卫队战士s,https://weibo.com/u/6415850821
5302410462629429,转发微博,2026-05-27 10:12:32,上海,3695975847,文帝_Wendy,https://weibo.com/u/3695975847
5302410462629429,转发微博,2026-05-27 10:11:32,上海,3695975847,文帝_Wendy,https://weibo.com/u/3695975847
5302410462629429,转发微博,2026-05-27 10:05:52,北京,9150271134,静姐律,https://weibo.com/u/9150271134
5302410462629429,转发微博,2026-05-27 10:01:07,广东,5316732778,茗火煎蛋,https://weibo.com/u/5316732778
5302410462629429,转发微博,2026-05-27 09:51:49,广东,1844095427,白墨禾,https://weibo.com/u/1844095427
5302410462629429,转发微博,2026-05-27 09:50:48,广东,8011520066,溪畔乡儿,https://weibo.com/u/8011520066
5302410462629429,转发微博,2026-05-27 09:44:33,河南,2118977923,中国ROSE,https://weibo.com/u/2118977923
5302410462629429,,2026-05-27 09:44:29,江苏,7453497551,山间青青,https://weibo.com/u/7453497551
5302410462629429,转发微博,2026-05-27 09:28:45,内蒙古,1889186733,celia在梦游,https://weibo.com/u/1889186733
5302410462629429,转发微博,2026-05-27 09:24:46,福建,6339486440,小小艳儿在养心_,https://weibo.com/u/6339486440
5302410462629429,转发微博,2026-05-27 09:16:04,广东,1750380687,树莓Younglife,https://weibo.com/u/1750380687
5302410462629429,转发微博,2026-05-27 09:06:32,山西,6128925335,小小6128925335,https://weibo.com/u/6128925335
5302410462629429,为什么要上好大学,2026-05-27 09:00:27,河南,3613309950,小小的人儿飘,https://weibo.com/u/3613309950
5302410462629429,转发微博,2026-05-27 08:56:54,上海,2613171521,就喜欢潘达,https://weibo.com/u/2613171521
5302410462629429,转发微博,2026-05-27 08:56:01,四川,2623609511,苏打WY17,https://weibo.com/u/2623609511
5302410462629429,转发微博,2026-05-27 08:55:03,山东,1537110007,一群人不孤单,https://weibo.com/u/1537110007
5302410462629429,转发微博,2026-05-27 08:53:05,四川,2698174652,红亭子绿影子,https://weibo.com/u/2698174652
5302410462629429,转发微博,2026-05-27 08:51:24,山东,6671727269,用户6671727269,https://weibo.com/u/6671727269
5302410462629429,转发微博,2026-05-27 08:45:12,内蒙古,7543477205,克拉麻麻--,https://weibo.com/u/7543477205
5302410462629429,转发微博,2026-05-27 08:44:53,辽宁,7540640031,用户7540640031,https://weibo.com/u/7540640031
5302410462629429,转发微博,2026-05-27 08:41:04,广东,1762513540,一一茉,https://weibo.com/u/1762513540
5302410462629429,Ray怡然自乐晶晶我的小宝贝好的工作环境也是一样的遇到和你势均力敌的同事大家每天都会干劲十足而能力差的人往往都爱推诿扯皮敷衍了事和这种人长期工作你只会觉得无力无奈再大的热情也会被磨灭Beckham7__好大学就是好的环境好的平台好的同学好的老师和选择权而,2026-05-27 08:39:18,江苏,3031683901,美美小Micky,https://weibo.com/u/3031683901
5302410462629429,转发微博,2026-05-27 08:38:58,广东,6345655457,田瓜老爸,https://weibo.com/u/6345655457
5302410462629429,转发微博,2026-05-27 08:36:04,山东,1966670634,是地球旅行者啊,https://weibo.com/u/1966670634
5302410462629429,转发微博,2026-05-27 08:35:20,河北,1584038631,惜惜小嬛,https://weibo.com/u/1584038631
5302410462629429,转发微博,2026-05-27 08:32:43,广西,3198689113,珊珊SS不来迟,https://weibo.com/u/3198689113
5302410462629429,转发微博,2026-05-27 08:25:54,山东,1714990512,哈里王子与允儿,https://weibo.com/u/1714990512
5302410462629429,转发微博,2026-05-27 08:23:24,江西,7329579911,用户7329579911,https://weibo.com/u/7329579911
5302410462629429,转发微博,2026-05-27 08:21:32,江西,7329579911,用户7329579911,https://weibo.com/u/7329579911
5302410462629429,转发微博,2026-05-27 08:17:18,新疆,1930346733,手机用户1930346733,https://weibo.com/u/1930346733
5302410462629429,转发微博,2026-05-27 08:16:12,山东,2935966261,小蹦蹦滴,https://weibo.com/u/2935966261
5302410462629429,转发微博,2026-05-27 08:14:12,广东,6109433258,裕达喜乐,https://weibo.com/u/6109433258
5302410462629429,1,2026-05-27 08:13:02,广东,2490571631,我是Li大飞,https://weibo.com/u/2490571631
5302410462629429,转发微博,2026-05-27 08:09:55,浙江,1768282402,风的思念xin,https://weibo.com/u/1768282402
5302410462629429,转发微博,2026-05-27 08:09:18,山东,1778614115,那妖懒成鬼,https://weibo.com/u/1778614115
5302410462629429,转发微博,2026-05-27 08:08:33,湖南,5592486248,ai小硕不烦,https://weibo.com/u/5592486248
5302410462629429,转发微博,2026-05-27 08:08:25,上海,5237461106,织生Savi,https://weibo.com/u/5237461106
5302410462629429,转发微博,2026-05-27 08:07:39,上海,1189080505,Vanhelsingbill,https://weibo.com/u/1189080505
5302410462629429,转发微博,2026-05-27 08:07:26,山东,5352786840,欧阳执云,https://weibo.com/u/5352786840
5302410462629429,转发微博,2026-05-27 08:05:38,陕西,1799152502,小小乐乐宝宝,https://weibo.com/u/1799152502
5302410462629429,转发微博,2026-05-27 08:04:59,广东,2334383533,氧气是个宝,https://weibo.com/u/2334383533
5302410462629429,转发微博,2026-05-27 08:02:12,广东,3848572226,静馨屋,https://weibo.com/u/3848572226
5302410462629429,转发微博,2026-05-27 08:01:27,广西,6072010179,YL的布布喂2025,https://weibo.com/u/6072010179
5302410462629429,转发微博,2026-05-27 07:58:26,安徽,6367881757,王怼怼就怼你hhh,https://weibo.com/u/6367881757
5302410462629429,转发微博,2026-05-27 07:54:28,浙江,7642382662,茶小巫02,https://weibo.com/u/7642382662
5302410462629429,转发微博,2026-05-27 07:51:32,山东,7368474167,Ensurehaoyun,https://weibo.com/u/7368474167
5302410462629429,转发微博,2026-05-27 07:46:26,浙江,6102610108,用户6102610108,https://weibo.com/u/6102610108
5302410462629429,转发微博,2026-05-27 07:45:48,山东,5515600386,果仔53770,https://weibo.com/u/5515600386
5302410462629429,转发微博,2026-05-27 07:38:57,江苏,2111372585,给妞儿笑,https://weibo.com/u/2111372585
5302410462629429,转发微博,2026-05-27 07:32:44,河南,1835638937,小鱼joan,https://weibo.com/u/1835638937
5302410462629429,转发微博,2026-05-27 07:26:22,山东,1722391100,我是一块大板儿砖,https://weibo.com/u/1722391100
5302410462629429,转发微博,2026-05-27 07:24:20,山东,6488999895,多读书多运动少玩手机多睡觉,https://weibo.com/u/6488999895
5302410462629429,转发微博,2026-05-27 07:23:04,山东,6488999895,多读书多运动少玩手机多睡觉,https://weibo.com/u/6488999895
5302410462629429,转发微博,2026-05-27 07:21:40,内蒙古,3113291765,富贵窝儿Ruby,https://weibo.com/u/3113291765
5302410462629429,转发微博,2026-05-27 07:18:50,安徽,2052938067,兮之小窝,https://weibo.com/u/2052938067
5302410462629429,转发微博,2026-05-27 07:18:41,福建,2922648247,BIG中魔,https://weibo.com/u/2922648247
5302410462629429,Ray怡然自乐晶晶我的小宝贝好的工作环境也是一样的遇到和你势均力敌的同事大家每天都会干劲十足而能力差的人往往都爱推诿扯皮敷衍了事和这种人长期工作你只会觉得无力无奈再大的热情也会被磨灭Beckham7__好大学就是好的环境好的平台好的同学好的老师和选择权而,2026-05-27 07:17:45,上海,7123879269,迎接2025,https://weibo.com/u/7123879269
5302410462629429,转发微博,2026-05-27 07:16:06,山东,7583821070,一梦茶香2000,https://weibo.com/u/7583821070
5302410462629429,转发微博,2026-05-27 07:14:10,湖南,6030432736,薇薇安summer未央,https://weibo.com/u/6030432736
5302410462629429,转发微博,2026-05-27 07:12:01,山西,6327864016,是程僖呀,https://weibo.com/u/6327864016
5302410462629429,转发微博,2026-05-27 07:11:17,广东,1744443501,喜欢rabbit的椅子,https://weibo.com/u/1744443501
5302410462629429,转发微博,2026-05-27 07:03:42,江苏,5264805678,晶晶Juliar,https://weibo.com/u/5264805678
5302410462629429,转发微博,2026-05-27 06:57:41,重庆,1979928013,Echoecho1981,https://weibo.com/u/1979928013
5302410462629429,转发微博,2026-05-27 06:56:35,内蒙古,1998705205,轻吟浅唱宝贝,https://weibo.com/u/1998705205
5302410462629429,转发微博,2026-05-27 06:51:02,上海,2177868051,维四Eve,https://weibo.com/u/2177868051
5302410462629429,转发微博,2026-05-27 06:49:23,安徽,6780884169,用户6780884169,https://weibo.com/u/6780884169
5302410462629429,转发微博,2026-05-27 06:48:20,陕西,5242014423,被食欲控制的人生,https://weibo.com/u/5242014423
5302410462629429,转发微博,2026-05-27 06:44:31,江苏,3287685441,手机用户3287685441,https://weibo.com/u/3287685441
5302410462629429,转发微博,2026-05-27 06:42:55,广西,2597567312,兰亭雪--我的时代,https://weibo.com/u/2597567312
5302410462629429,转发微博,2026-05-27 06:37:17,辽宁,7337993802,彭雅路,https://weibo.com/u/7337993802
5302410462629429,转发微博,2026-05-27 06:34:44,河南,2722531567,想变瘦的小树懒,https://weibo.com/u/2722531567
5302410462629429,转发微博,2026-05-27 06:30:42,英国,5725881631,Connie112233,https://weibo.com/u/5725881631
5302410462629429,转发微博,2026-05-27 06:29:12,河北,7968906839,十方姑娘,https://weibo.com/u/7968906839
5302410462629429,转发微博,2026-05-27 06:27:25,四川,2494008497,莉小主圣斗士,https://weibo.com/u/2494008497
5302410462629429,转发微博,2026-05-27 06:26:53,河南,1062149692,gallaryfil,https://weibo.com/u/1062149692
5302410462629429,转发微博,2026-05-27 06:25:23,上海,2201827851,手机用户2201827851,https://weibo.com/u/2201827851
5302410462629429,转发微博,2026-05-27 06:24:40,四川,2924050287,佳董crystal,https://weibo.com/u/2924050287
5302410462629429,春来一粒粟人很多能力是在不喜欢的事情中培养出来的这话挺对的很多时候忌神带给我们的就是困难但有忌神用神才会出作用也就是困难会逼着人想到解决办法等到环境好了流通平衡有情了困难的事就容易起来了,2026-05-27 06:23:33,江苏,6701791733,叫啥名儿呀yy,https://weibo.com/u/6701791733
5302410462629429,转发微博,2026-05-27 06:21:48,吉林,5860295386,微笑前行奔向你,https://weibo.com/u/5860295386
5302410462629429,转发微博,2026-05-27 06:20:35,上海,6386602305,ICE-M灯得冷灯,https://weibo.com/u/6386602305
5302410462629429,转发微博,2026-05-27 06:19:28,山东,7452067778,豆包妈咪1397,https://weibo.com/u/7452067778
5302410462629429,[good],2026-05-27 06:14:20,辽宁,2747675115,大百合DQ,https://weibo.com/u/2747675115
5302410462629429,转发微博,2026-05-27 06:10:34,山东,7964481697,用户7964481697,https://weibo.com/u/7964481697
5302410462629429,转发微博,2026-05-27 06:06:46,北京,1791785903,猕猴桃果,https://weibo.com/u/1791785903
5302410462629429,转发微博,2026-05-27 05:56:29,广东,3814056567,爱玩的小菇凉123,https://weibo.com/u/3814056567
5302410462629429,转发微博,2026-05-27 05:39:46,天津,2544581923,我爱我的源宝宝,https://weibo.com/u/2544581923
5302410462629429,转发微博,2026-05-27 05:36:24,陕西,6226621871,青萍之末gao,https://weibo.com/u/6226621871
5302410462629429,疼Ray怡然自乐晶晶我的小宝贝好的工作环境也是一样的遇到和你势均力敌的同事大家每天都会干劲十足而能力差的人往往都爱推诿扯皮敷衍了事和这种人长期工作你只会觉得无力无奈再大的热情也会被磨灭Beckham7__好大学就是好的环境好的平台好的同学好的老师和选择权,2026-05-27 03:43:14,湖北,3310431797,悠然自得K119,https://weibo.com/u/3310431797
5302410462629429,转发微博,2026-05-27 03:34:02,陕西,7512208834,李李李宇宙啊,https://weibo.com/u/7512208834
5302410462629429,轉發微博,2026-05-27 02:58:50,陕西,7706526775,冄月后,https://weibo.com/u/7706526775
5302410462629429,转发微博,2026-05-27 01:32:06,湖北,1787601965,愿望之首,https://weibo.com/u/1787601965
5302410462629429,转发微博,2026-05-27 01:18:20,广东,5635023105,孤独大脑以无间入有隙,https://weibo.com/u/5635023105
5302410462629429,转发微博,2026-05-27 00:50:20,广西,8323060876,用户8323060876,https://weibo.com/u/8323060876
5302410462629429,转发微博,2026-05-27 00:47:57,广东,1723802454,起个啥名儿得劲,https://weibo.com/u/1723802454
5302410462629429,学习,2026-05-27 00:47:08,浙江,7989023783,Cloudtigerforu,https://weibo.com/u/7989023783
5302410462629429,转发微博,2026-05-27 00:40:21,新疆,5642934011,镜像cherry,https://weibo.com/u/5642934011
5302410462629429,转发微博,2026-05-27 00:36:59,湖北,7737352406,用户7737352406,https://weibo.com/u/7737352406
5302410462629429,Ray怡然自乐晶晶我的小宝贝好的工作环境也是一样的遇到和你势均力敌的同事大家每天都会干劲十足而能力差的人往往都爱推诿扯皮敷衍了事和这种人长期工作你只会觉得无力无奈再大的热情也会被磨灭Beckham7__好大学就是好的环境好的平台好的同学好的老师和选择权而,2026-05-27 00:35:10,上海,1768624673,QUEEN学习内敛,https://weibo.com/u/1768624673
5302410462629429,转发微博,2026-05-27 00:31:47,河北,5727948655,阳光天使司青,https://weibo.com/u/5727948655
5302410462629429,转发微博,2026-05-27 00:29:05,甘肃,5945964471,王啊呦呦,https://weibo.com/u/5945964471
5302410462629429,转发微博,2026-05-27 00:26:45,北京,1712758382,魔女echo,https://weibo.com/u/1712758382
5302410462629429,转发微博,2026-05-27 00:23:24,天津,6627191351,尐肉肉_79331,https://weibo.com/u/6627191351
5302410462629429,转发微博,2026-05-27 00:21:53,上海,3229805197,竹_箐,https://weibo.com/u/3229805197
5302410462629429,转发微博,2026-05-27 00:19:34,上海,5277293870,一只老虎两条蛇,https://weibo.com/u/5277293870
5302410462629429,转发微博,2026-05-27 00:18:56,江苏,6258797225,Love洛洛妈,https://weibo.com/u/6258797225
5302410462629429,转发微博,2026-05-27 00:16:17,广东,3283427767,达达宝贝20088,https://weibo.com/u/3283427767
5302410462629429,转发微博,2026-05-27 00:15:27,江苏,3173651993,可乐蛋挞ic,https://weibo.com/u/3173651993
5302410462629429,转发微博,2026-05-27 00:06:21,河南,1577371080,咕噜倪,https://weibo.com/u/1577371080
5302410462629429,Repost,2026-05-26 23:54:44,浙江,1793799243,冰小丸慧子,https://weibo.com/u/1793799243
5302410462629429,转发微博,2026-05-26 23:54:41,吉林,3216041162,手机用户3216041162,https://weibo.com/u/3216041162
5302410462629429,转发微博,2026-05-26 23:53:22,广东,6055105267,瓘__,https://weibo.com/u/6055105267
5302410462629429,转发微博,2026-05-26 23:52:43,河北,2739484954,princessnumber1,https://weibo.com/u/2739484954
5302410462629429,转发微博,2026-05-26 23:51:17,北京,2665064965,小栗子的圣洁妈妈,https://weibo.com/u/2665064965
5302410462629429,轉發微博,2026-05-26 23:49:25,中国台湾,7902165724,用户7902165724,https://weibo.com/u/7902165724
5302410462629429,转发微博,2026-05-26 23:47:49,四川,6408637540,肆肆伍陆柒,https://weibo.com/u/6408637540
5302410462629429,转发微博,2026-05-26 23:40:06,安徽,2347676560,亚亚你大胆di往前走,https://weibo.com/u/2347676560
5302410462629429,转发微博,2026-05-26 23:33:19,浙江,2213994810,美丽_教徒,https://weibo.com/u/2213994810
5302410462629429,Ray怡然自乐晶晶我的小宝贝好的工作环境也是一样的遇到和你势均力敌的同事大家每天都会干劲十足而能力差的人往往都爱推诿扯皮敷衍了事和这种人长期工作你只会觉得无力无奈再大的热情也会被磨灭Beckham7__好大学就是好的环境好的平台好的同学好的老师和选择权而,2026-05-26 23:32:20,江苏,1435242153,-昕朵朵-,https://weibo.com/u/1435242153
5302410462629429,转发微博,2026-05-26 23:30:55,辽宁,2970604005,凌海市福悦养老服务中心,https://weibo.com/u/2970604005
5302410462629429,转发微博,2026-05-26 23:30:37,广东,3443703270,手机用户3443703270,https://weibo.com/u/3443703270
5302410462629429,转发微博,2026-05-26 23:21:51,浙江,6613970174,di77777777,https://weibo.com/u/6613970174
5302410462629429,转发微博,2026-05-26 23:21:01,浙江,6021891316,JadeFanfan,https://weibo.com/u/6021891316
5302410462629429,转发微博,2026-05-26 23:18:18,安徽,6050570866,明白的路上,https://weibo.com/u/6050570866
5302410462629429,转发微博,2026-05-26 23:16:25,湖南,1840831991,倩倩0127,https://weibo.com/u/1840831991
5302410462629429,转发微博,2026-05-26 23:16:13,广东,7561480479,用户7561480479,https://weibo.com/u/7561480479
5302410462629429,转发微博,2026-05-26 23:09:23,海南,1812794940,姗姗_商,https://weibo.com/u/1812794940
5302410462629429,转发微博,2026-05-26 23:08:55,浙江,2748211551,向上的小刘欣儿,https://weibo.com/u/2748211551
5302410462629429,转发微博,2026-05-26 23:07:02,陕西,1934259184,初夏珊珊,https://weibo.com/u/1934259184
5302410462629429,转发微博,2026-05-26 23:04:55,天津,1914116031,Annmam,https://weibo.com/u/1914116031
5302410462629429,转发微博,2026-05-26 23:01:16,辽宁,1414554354,悦宝儿快乐,https://weibo.com/u/1414554354
5302410462629429,转发微博,2026-05-26 22:55:26,海南,1599357130,一步一个脚印飞飞,https://weibo.com/u/1599357130
5302410462629429,转发微博,2026-05-26 22:55:15,广东,1612265495,Viann燕子,https://weibo.com/u/1612265495
5302410462629429,转发微博,2026-05-26 22:53:52,浙江,6416783760,静待花开8501,https://weibo.com/u/6416783760
5302410462629429,Ray怡然自乐晶晶我的小宝贝好的工作环境也是一样的遇到和你势均力敌的同事大家每天都会干劲十足而能力差的人往往都爱推诿扯皮敷衍了事和这种人长期工作你只会觉得无力无奈再大的热情也会被磨灭Beckham7__好大学就是好的环境好的平台好的同学好的老师和选择权而,2026-05-26 22:51:56,吉林,7368227663,书娟9,https://weibo.com/u/7368227663
5302410462629429,转发微博,2026-05-26 22:49:27,内蒙古,5124683911,fendawawa_659,https://weibo.com/u/5124683911
5302410462629429,转发微博,2026-05-26 22:47:57,江苏,6510355280,孙丽2964,https://weibo.com/u/6510355280
5302410462629429,转发微博,2026-05-26 22:47:40,上海,1906153270,麦子luna,https://weibo.com/u/1906153270
5302410462629429,转发微博,2026-05-26 22:39:39,四川,7461382956,用户7461382956,https://weibo.com/u/7461382956
5302410462629429,转发微博,2026-05-26 22:38:02,湖南,6463326196,凤尾竹201811,https://weibo.com/u/6463326196
5302410462629429,转发微博,2026-05-26 22:37:45,湖南,2721594192,雾里风中的你,https://weibo.com/u/2721594192
5302410462629429,转发微博,2026-05-26 22:32:37,广东,2056165550,侯189,https://weibo.com/u/2056165550
5302410462629429,转发微博,2026-05-26 22:26:38,辽宁,5055202528,吖是风凉花,https://weibo.com/u/5055202528
5302410462629429,转发微博,2026-05-26 22:26:36,重庆,2675343043,正恩叫我咕噜哥,https://weibo.com/u/2675343043
5302410462629429,转发微博,2026-05-26 22:21:59,江苏,2902632075,Rangrang18,https://weibo.com/u/2902632075
5302410462629429,转发微博,2026-05-26 22:18:15,江苏,7997422297,用户7997422297,https://weibo.com/u/7997422297
5302410462629429,转发微博,2026-05-26 22:16:19,浙江,3630672867,小小小小舒Y,https://weibo.com/u/3630672867
5302410462629429,转发微博,2026-05-26 22:15:06,辽宁,2948302733,瞎猫de小耗子,https://weibo.com/u/2948302733
5302410462629429,转发微博,2026-05-26 22:13:40,上海,1868691952,lisawu1990,https://weibo.com/u/1868691952
5302410462629429,转发微博,2026-05-26 22:13:37,吉林,6363345203,高布哒帅熊熊,https://weibo.com/u/6363345203
5302410462629429,Ray怡然自乐晶晶我的小宝贝好的工作环境也是一样的遇到和你势均力敌的同事大家每天都会干劲十足而能力差的人往往都爱推诿扯皮敷衍了事和这种人长期工作你只会觉得无力无奈再大的热情也会被磨灭Beckham7__好大学就是好的环境好的平台好的同学好的老师和选择权而,2026-05-26 22:08:16,浙江,3187886820,说什么说没什么好说的,https://weibo.com/u/3187886820
5302410462629429,转发微博,2026-05-26 22:08:13,山东,5625523836,子秋筠,https://weibo.com/u/5625523836
5302410462629429,转发微博,2026-05-26 22:06:20,重庆,6060620935,阳妞1316,https://weibo.com/u/6060620935
5302410462629429,转发微博,2026-05-26 22:06:16,四川,6190910529,务虚jiayou,https://weibo.com/u/6190910529
5302410462629429,Ray怡然自乐晶晶我的小宝贝好的工作环境也是一样的遇到和你势均力敌的同事大家每天都会干劲十足而能力差的人往往都爱推诿扯皮敷衍了事和这种人长期工作你只会觉得无力无奈再大的热情也会被磨灭Beckham7__好大学就是好的环境好的平台好的同学好的老师和选择权而,2026-05-26 22:00:31,福建,1115033651,大兔子二兔子,https://weibo.com/u/1115033651
5302410462629429,转发微博,2026-05-26 21:59:36,山东,2784327222,gxykxxf,https://weibo.com/u/2784327222
5302410462629429,转发微博,2026-05-26 21:57:03,湖北,6338311728,_N47213,https://weibo.com/u/6338311728
5302410462629429,转发微博,2026-05-26 21:53:29,湖北,5881197124,怡杉,https://weibo.com/u/5881197124
5302410462629429,转发微博,2026-05-26 21:50:57,吉林,5387689999,用户5387689999,https://weibo.com/u/5387689999
5302410462629429,转发微博,2026-05-26 21:48:39,北京,7943986930,跢鞡A夢200907,https://weibo.com/u/7943986930
5302410462629429,转发微博,2026-05-26 21:48:08,内蒙古,5290942521,温情设定,https://weibo.com/u/5290942521
5302410462629429,转发微博,2026-05-26 21:45:07,江苏,2255892784,GGMUNTD,https://weibo.com/u/2255892784
5302410462629429,转发微博,2026-05-26 21:42:42,湖北,7268671206,夏天714,https://weibo.com/u/7268671206
5302410462629429,转发微博,2026-05-26 21:37:57,福建,5335137966,betsy8585,https://weibo.com/u/5335137966
5302410462629429,转发微博,2026-05-26 21:34:44,辽宁,5812859154,优雅一荻,https://weibo.com/u/5812859154
5302410462629429,转发微博,2026-05-26 21:27:46,北京,6300377757,上善若水96666,https://weibo.com/u/6300377757
5302410462629429,转发微博,2026-05-26 21:25:50,山东,6386271499,最好的双鱼Y,https://weibo.com/u/6386271499
5302410462629429,转发微博,2026-05-26 21:16:00,广东,4072040283,用户4072040283,https://weibo.com/u/4072040283
5302410462629429,转,2026-05-26 21:05:54,广东,5873243059,笑言mmj,https://weibo.com/u/5873243059
5302410462629429,转发微博,2026-05-26 20:53:40,河北,7603100791,用户7603100791,https://weibo.com/u/7603100791
5302410462629429,转发微博,2026-05-26 20:50:40,辽宁,1687871767,艳色如烟,https://weibo.com/u/1687871767
5302410462629429,转发微博,2026-05-26 20:50:34,山东,3178548044,哈豆豆1984,https://weibo.com/u/3178548044
5302410462629429,Ray怡然自乐晶晶我的小宝贝好的工作环境也是一样的遇到和你势均力敌的同事大家每天都会干劲十足而能力差的人往往都爱推诿扯皮敷衍了事和这种人长期工作你只会觉得无力无奈再大的热情也会被磨灭Beckham7__好大学就是好的环境好的平台好的同学好的老师和选择权而,2026-05-26 20:46:27,江苏,2910591905,dahuaaiwo,https://weibo.com/u/2910591905
5302410462629429,转发微博,2026-05-26 20:40:49,四川,6350349504,用户6350349504,https://weibo.com/u/6350349504
5302410462629429,转发微博,2026-05-26 20:35:43,河北,2485842017,每月都会偏头痛,https://weibo.com/u/2485842017
5302410462629429,转发微博,2026-05-26 20:30:17,江西,7081376582,风在这刻静止SS,https://weibo.com/u/7081376582
5302410462629429,转发微博,2026-05-26 20:28:07,江苏,1804454311,梦回吹角连营amy,https://weibo.com/u/1804454311
5302410462629429,转发微博,2026-05-26 20:25:36,上海,2460426880,拼命十二姐,https://weibo.com/u/2460426880
5302410462629429,Ray怡然自乐晶晶我的小宝贝好的工作环境也是一样的遇到和你势均力敌的同事大家每天都会干劲十足而能力差的人往往都爱推诿扯皮敷衍了事和这种人长期工作你只会觉得无力无奈再大的热情也会被磨灭Beckham7__好大学就是好的环境好的平台好的同学好的老师和选择权而,2026-05-26 20:23:25,浙江,1444346841,sssss88888,https://weibo.com/u/1444346841
5302410462629429,转发微博,2026-05-26 20:23:02,安徽,5949678987,卢育珐拓,https://weibo.com/u/5949678987
5302410462629429,转发微博,2026-05-26 20:22:20,江苏,6616341847,我就是洁妹子,https://weibo.com/u/6616341847
5302410462629429,转发微博,2026-05-26 20:19:38,浙江,2883471133,单曲循环屮,https://weibo.com/u/2883471133
5302410462629429,转发微博,2026-05-26 20:14:22,四川,2703194863,2023边走边唱,https://weibo.com/u/2703194863
5302410462629429,转发微博,2026-05-26 19:58:06,安徽,2636199053,紫蘇水綉,https://weibo.com/u/2636199053
5302410462629429,转发微博,2026-05-26 19:56:49,山东,5531490774,SUN艺珊,https://weibo.com/u/5531490774
5302410462629429,转发微博,2026-05-26 19:55:44,江苏,1588058895,Sunny_雨露_,https://weibo.com/u/1588058895
5302410462629429,转发微博,2026-05-26 19:54:50,陕西,3168803320,李子真的好甜甜啊,https://weibo.com/u/3168803320
5302410462629429,啦啦啦啦啦啦,2026-05-26 19:53:27,新疆,5461996803,Amydai2009,https://weibo.com/u/5461996803
5302410462629429,转发微博,2026-05-26 19:52:50,新疆,5461996803,Amydai2009,https://weibo.com/u/5461996803
5302410462629429,转发微博,2026-05-26 19:44:36,湖南,6035759519,bella_1711,https://weibo.com/u/6035759519
5302410462629429,育儿,2026-05-26 19:44:00,福建,3310596342,林焰亭,https://weibo.com/u/3310596342
5302410462629429,转发微博,2026-05-26 19:38:37,湖北,5967970708,RQ好粑粑,https://weibo.com/u/5967970708
5302410462629429,转发微博,2026-05-26 19:37:44,河南,7351395679,一晴已晴,https://weibo.com/u/7351395679
5302410462629429,转发微博,2026-05-26 19:35:16,北京,1817947553,蜡笔小姐姐111,https://weibo.com/u/1817947553
5302410462629429,转发微博,2026-05-26 19:33:22,重庆,1531419565,young艳624,https://weibo.com/u/1531419565
5302410462629429,转发微博,2026-05-26 19:11:21,江西,5895237044,君子兰13797,https://weibo.com/u/5895237044
5302410462629429,转发微博,2026-05-26 19:10:30,江西,2943558865,_calmdown__,https://weibo.com/u/2943558865
5302410462629429,转发微博,2026-05-26 18:59:59,浙江,5493932118,安娜兜兜兔3,https://weibo.com/u/5493932118
5302410462629429,转发微博,2026-05-26 18:59:34,河北,8002493733,在梦月湖看视频的皂荚,https://weibo.com/u/8002493733
5302410462629429,Repost,2026-05-26 18:59:13,瑞士,5630251286,用户5630251286,https://weibo.com/u/5630251286
5302410462629429,转发微博,2026-05-26 18:58:42,广西,1835696307,笑靥浅浅917,https://weibo.com/u/1835696307
5302410462629429,转发微博,2026-05-26 18:47:37,广东,7256874882,用户7256874882,https://weibo.com/u/7256874882
5302410462629429,Ray怡然自乐晶晶我的小宝贝好的工作环境也是一样的遇到和你势均力敌的同事大家每天都会干劲十足而能力差的人往往都爱推诿扯皮敷衍了事和这种人长期工作你只会觉得无力无奈再大的热情也会被磨灭Beckham7__好大学就是好的环境好的平台好的同学好的老师和选择权而,2026-05-26 18:40:10,安徽,3105232123,咖啡拿铁茉莉味,https://weibo.com/u/3105232123
5302410462629429,转发微博,2026-05-26 18:39:03,河南,7521712122,几夕流年,https://weibo.com/u/7521712122
5302410462629429,Ray怡然自乐晶晶我的小宝贝好的工作环境也是一样的遇到和你势均力敌的同事大家每天都会干劲十足而能力差的人往往都爱推诿扯皮敷衍了事和这种人长期工作你只会觉得无力无奈再大的热情也会被磨灭Beckham7__好大学就是好的环境好的平台好的同学好的老师和选择权而,2026-05-26 18:36:19,北京,5129951991,Acoteb,https://weibo.com/u/5129951991
5302410462629429,转发微博,2026-05-26 18:32:24,山西,2389500333,西月倾心ZS,https://weibo.com/u/2389500333
5302410462629429,转发微博,2026-05-26 18:28:54,安徽,2475041453,chloe-liying,https://weibo.com/u/2475041453
5302410462629429,转发微博,2026-05-26 18:28:09,河南,1361221493,zzqwerty93,https://weibo.com/u/1361221493
5302410462629429,转发微博,2026-05-26 18:26:00,海南,6188058287,这首歌很好听也,https://weibo.com/u/6188058287
5302410462629429,转发微博,2026-05-26 18:25:19,河北,1791378217,柴桑也捡不到珍珠,https://weibo.com/u/1791378217
5302410462629429,转发微博,2026-05-26 18:24:47,湖北,5872063252,镜子里的小影子,https://weibo.com/u/5872063252
5302410462629429,转发微博,2026-05-26 18:23:11,江西,6909405931,王璞是条dog,https://weibo.com/u/6909405931
5302410462629429,转发微博,2026-05-26 18:21:36,天津,5484672217,天使之眼dyc,https://weibo.com/u/5484672217
5302410462629429,Ray怡然自乐晶晶我的小宝贝好的工作环境也是一样的遇到和你势均力敌的同事大家每天都会干劲十足而能力差的人往往都爱推诿扯皮敷衍了事和这种人长期工作你只会觉得无力无奈再大的热情也会被磨灭Beckham7__好大学就是好的环境好的平台好的同学好的老师和选择权而不,2026-05-26 18:20:48,广东,1631069445,化子妍,https://weibo.com/u/1631069445
5302410462629429,转发微博,2026-05-26 18:15:55,浙江,2782463663,淘气宝jun,https://weibo.com/u/2782463663
5302410462629429,转发微博,2026-05-26 18:15:46,浙江,6471298073,一兜星星1989,https://weibo.com/u/6471298073
5302410462629429,转发微博,2026-05-26 18:11:45,安徽,6197558142,用户6197558142,https://weibo.com/u/6197558142
5302410462629429,转发微博,2026-05-26 18:11:28,湖北,6026548402,雾野寻诗,https://weibo.com/u/6026548402
5302410462629429,转发微博,2026-05-26 18:11:11,湖北,6581754590,玲儿星6,https://weibo.com/u/6581754590
5302410462629429,转发微博,2026-05-26 18:11:05,安徽,6197558142,用户6197558142,https://weibo.com/u/6197558142
5302410462629429,转发微博,2026-05-26 18:09:46,福建,5633810040,用户5633810040,https://weibo.com/u/5633810040
5302410462629429,转发微博,2026-05-26 18:08:56,黑龙江,7351588143,用户7351588143,https://weibo.com/u/7351588143
5302410462629429,转发微博,2026-05-26 18:04:42,重庆,2690197697,v怡宝,https://weibo.com/u/2690197697
5302410462629429,转发微博,2026-05-26 17:53:12,江苏,6421730435,嘟嘟笑笑健康快乐,https://weibo.com/u/6421730435
5302410462629429,转发微博,2026-05-26 17:52:44,河南,2685483437,是露思的小姩,https://weibo.com/u/2685483437
5302410462629429,转发微博,2026-05-26 17:47:40,北京,1828040663,清心萦梦,https://weibo.com/u/1828040663
5302410462629429,转发微博,2026-05-26 17:46:23,福建,1108080097,爱鱼的燕,https://weibo.com/u/1108080097
5302410462629429,转发微博,2026-05-26 17:45:14,福建,2496652415,凌漫漫-,https://weibo.com/u/2496652415
5302410462629429,转发微博,2026-05-26 17:44:08,甘肃,7740450402,花开花落简,https://weibo.com/u/7740450402
5302410462629429,转发微博,2026-05-26 17:34:01,广东,1787495094,微胖的兔妞,https://weibo.com/u/1787495094
5302410462629429,转发微博,2026-05-26 17:30:48,福建,6226098986,爱吃龙虾的小牛牛,https://weibo.com/u/6226098986
5302410462629429,转发微博,2026-05-26 17:28:45,安徽,1028633877,小雪xuanxuan,https://weibo.com/u/1028633877
5302410462629429,转发微博,2026-05-26 17:27:46,江西,6090628798,恋空小小敏,https://weibo.com/u/6090628798
5302410462629429,转发微博,2026-05-26 17:22:59,河南,7579665766,用户7579665766,https://weibo.com/u/7579665766
5302410462629429,转发微博,2026-05-26 17:22:11,河南,3072408475,yirantulip,https://weibo.com/u/3072408475
5302410462629429,转发微博,2026-05-26 17:19:51,上海,5045848107,一蕊7_506,https://weibo.com/u/5045848107
5302410462629429,转发微博,2026-05-26 17:17:30,江苏,1827399207,竹米雪菜,https://weibo.com/u/1827399207
5302410462629429,转发微博,2026-05-26 17:11:24,江苏,5091754961,怪盗小兔,https://weibo.com/u/5091754961
5302410462629429,转发微博,2026-05-26 17:07:51,云南,3312461654,訾燕燕,https://weibo.com/u/3312461654
5302410462629429,转发微博,2026-05-26 17:05:54,山西,5666645928,XBCJSMMZ,https://weibo.com/u/5666645928
5302410462629429,转发微博,2026-05-26 17:01:21,广西,7612102034,嘎嘎好运呀呀呀,https://weibo.com/u/7612102034
5302410462629429,圈子很重要,2026-05-26 16:51:22,湖南,1855554024,梦婕0106,https://weibo.com/u/1855554024
5302410462629429,转发微博,2026-05-26 16:49:41,上海,6746427320,10again,https://weibo.com/u/6746427320
5302410462629429,笨狗没瞌睡,2026-05-26 16:44:43,四川,1829614472,小米丫miwa,https://weibo.com/u/1829614472
5302410462629429,转发微博,2026-05-26 16:44:04,江苏,6993910289,君子如兰6993910289,https://weibo.com/u/6993910289
5302410462629429,孩子问为何要考好大学时这可能是最好的答案复旦教授谈为什么一定要考好的大学,2026-05-26 16:43:14,湖北,7460381100,蜗牛妈妈养娃实录,https://weibo.com/u/7460381100
5302410462629429,转发微博,2026-05-26 16:42:58,江苏,5736884624,月上听竹,https://weibo.com/u/5736884624
5302410462629429,转发微博,2026-05-26 16:40:07,浙江,3446119874,豆豆_15383,https://weibo.com/u/3446119874
5302410462629429,Repost,2026-05-26 16:37:31,美国,2351071697,絡唯,https://weibo.com/u/2351071697
5302410462629429,转发微博,2026-05-26 16:35:32,上海,2429108392,落在生命里的guang啊,https://weibo.com/u/2429108392
5302410462629429,转发微博,2026-05-26 16:33:39,江苏,6369486422,我在落叶飘落的地方等待落叶飘落,https://weibo.com/u/6369486422
5302410462629429,转发微博,2026-05-26 16:30:04,陕西,6529184281,糖小甜甜豆,https://weibo.com/u/6529184281
5302410462629429,转发微博,2026-05-26 16:29:28,四川,3499323804,欢森22,https://weibo.com/u/3499323804
5302410462629429,转发微博,2026-05-26 16:28:10,江苏,5741883417,用户5741883417,https://weibo.com/u/5741883417
5302410462629429,转发微博,2026-05-26 16:27:01,浙江,7802353482,用户7802353482,https://weibo.com/u/7802353482
5302410462629429,转发微博,2026-05-26 16:26:56,浙江,2746891105,一个寻水的鱼,https://weibo.com/u/2746891105
5302410462629429,转发微博,2026-05-26 16:24:16,江苏,2313874990,龙殇舞,https://weibo.com/u/2313874990
5302410462629429,转发微博,2026-05-26 16:21:50,广东,8367180524,在兰香园的树懒,https://weibo.com/u/8367180524
5302410462629429,转发微博,2026-05-26 16:21:45,湖北,6187553893,琼玉724,https://weibo.com/u/6187553893
5302410462629429,转发微博,2026-05-26 16:20:33,韩国,7977191405,悠然杏仁酥爱拍照,https://weibo.com/u/7977191405
5302410462629429,转发微博,2026-05-26 16:11:49,广东,6681000488,用户6681000488,https://weibo.com/u/6681000488
5302410462629429,转发微博,2026-05-26 16:11:31,安徽,1012134574,与你一起漫步在枫林中,https://weibo.com/u/1012134574
5302410462629429,转发微博,2026-05-26 16:09:45,吉林,1969225973,汐泺的世界,https://weibo.com/u/1969225973
5302410462629429,转发微博,2026-05-26 16:04:50,云南,2503701715,黄阿婵,https://weibo.com/u/2503701715
5302410462629429,海边小厨娘转发微博,2026-05-26 15:54:43,山东,3486605421,鼻梁上的眼镜小姐,https://weibo.com/u/3486605421
5302410462629429,转发微博,2026-05-26 15:52:51,北京,2383042017,游园惊梦2383042017,https://weibo.com/u/2383042017
5302410462629429,转发微博,2026-05-26 15:51:50,湖北,5664681700,被风带过_YIBO,https://weibo.com/u/5664681700
5302410462629429,转发微博,2026-05-26 15:51:25,江苏,7905547930,_平安喜乐福,https://weibo.com/u/7905547930
5302410462629429,转发微博,2026-05-26 15:42:33,江苏,7595901950,小奶糖JTiffany,https://weibo.com/u/7595901950
5302410462629429,转发微博,2026-05-26 15:39:13,北京,2603156477,南希的小院,https://weibo.com/u/2603156477
5302410462629429,转发微博,2026-05-26 15:38:57,福建,2640778302,厦门艾子,https://weibo.com/u/2640778302
5302410462629429,转发微博,2026-05-26 15:37:54,江苏,6866667218,雅梅86,https://weibo.com/u/6866667218
5302410462629429,转发微博,2026-05-26 15:37:01,河南,1580962887,不知道用什么名字的zhezhe,https://weibo.com/u/1580962887
5302410462629429,转发微博,2026-05-26 15:35:26,广东,2187067250,郭佳佳1985,https://weibo.com/u/2187067250
5302410462629429,转发微博,2026-05-26 15:32:28,北京,2546470802,昭昭加油啊,https://weibo.com/u/2546470802
5302410462629429,转发微博,2026-05-26 15:28:59,福建,2135605374,BCPA,https://weibo.com/u/2135605374
5302410462629429,转发微博,2026-05-26 15:27:54,辽宁,7987919877,用户7987919877,https://weibo.com/u/7987919877
5302410462629429,转发微博,2026-05-26 15:25:51,山东,7971719419,用户7971719419,https://weibo.com/u/7971719419
5302410462629429,Repost,2026-05-26 15:24:25,北京,6515493883,混世大魔王02716,https://weibo.com/u/6515493883
5302410462629429,转发微博,2026-05-26 15:13:12,安徽,2030148323,鱼or老鼠,https://weibo.com/u/2030148323
5302410462629429,转发微博,2026-05-26 15:10:31,山东,1834873897,firence89,https://weibo.com/u/1834873897
5302410462629429,转发微博,2026-05-26 15:07:08,浙江,6137408105,陈小果一金莎丽卫浴,https://weibo.com/u/6137408105
5302410462629429,Ray怡然自乐晶晶我的小宝贝好的工作环境也是一样的遇到和你势均力敌的同事大家每天都会干劲十足而能力差的人往往都爱推诿扯皮敷衍了事和这种人长期工作你只会觉得无力无奈再大的热情也会被磨灭Beckham7__好大学就是好的环境好的平台好的同学好的老师和选择权而,2026-05-26 15:05:57,河南,2064237931,有阳光的好心情,https://weibo.com/u/2064237931
5302410462629429,转发微博,2026-05-26 15:05:27,重庆,5852242271,假如岁月足够长3313,https://weibo.com/u/5852242271
5302410462629429,转发微博,2026-05-26 15:01:55,浙江,5330827481,菜92976,https://weibo.com/u/5330827481
5302410462629429,转发微博,2026-05-26 15:01:03,北京,2433500967,Nicole_913,https://weibo.com/u/2433500967
5302410462629429,转发微博,2026-05-26 14:58:27,广东,8281350113,芭乐_520,https://weibo.com/u/8281350113
5302410462629429,转发微博,2026-05-26 14:52:22,北京,5137805042,家有潇米,https://weibo.com/u/5137805042
5302410462629429,转发微博,2026-05-26 14:48:55,江苏,7515179701,Alwaysinvict,https://weibo.com/u/7515179701
5302410462629429,转发微博,2026-05-26 14:47:14,山西,7005156484,静以分享生活,https://weibo.com/u/7005156484
5302410462629429,转发微博,2026-05-26 14:47:04,河北,1760431931,521ie_645,https://weibo.com/u/1760431931
5302410462629429,转发微博,2026-05-26 14:46:24,山东,3930011674,用户go9aohevew,https://weibo.com/u/3930011674
5302410462629429,转发微博,2026-05-26 14:46:09,河南,3128332785,十条腿的八爪鱼,https://weibo.com/u/3128332785
5302410462629429,转发微博,2026-05-26 14:45:48,上海,7950951542,庫頁島之音,https://weibo.com/u/7950951542
5302410462629429,转发微博,2026-05-26 14:44:29,河南,7982618774,用户7982618774,https://weibo.com/u/7982618774
5302410462629429,转发微博,2026-05-26 14:44:22,江西,7767607254,用户7767607254,https://weibo.com/u/7767607254
5302410462629429,转发微博,2026-05-26 14:44:20,广东,3829901761,GBB小世界,https://weibo.com/u/3829901761
5302410462629429,[心],2026-05-26 14:40:44,广东,6892370125,little璠,https://weibo.com/u/6892370125
5302410462629429,转发微博,2026-05-26 14:39:00,陕西,2129285220,凌凌111,https://weibo.com/u/2129285220
5302410462629429,归根结底还是人以群分的等级意识如果一定要存在的话希望是以认知三观去划分而不是金钱血统什么的心理医生常向东找到和自己匹配的人,2026-05-26 14:35:09,江苏,1213676462,史海悠游,https://weibo.com/u/1213676462
5302410462629429,转发微博,2026-05-26 14:31:42,上海,3502320782,颖熙3502320782,https://weibo.com/u/3502320782
5302410462629429,转发微博,2026-05-26 14:31:39,河南,1825851154,就问问你flag倒了吗,https://weibo.com/u/1825851154
5302410462629429,转发微博,2026-05-26 14:31:17,江西,5580812153,用户5580812153,https://weibo.com/u/5580812153
5302410462629429,转发微博,2026-05-26 14:30:56,江西,7245355888,一兜丶白菜,https://weibo.com/u/7245355888
5302410462629429,转发微博,2026-05-26 14:28:45,浙江,1430654074,遇见oo,https://weibo.com/u/1430654074
5302410462629429,Ray怡然自乐晶晶我的小宝贝好的工作环境也是一样的遇到和你势均力敌的同事大家每天都会干劲十足而能力差的人往往都爱推诿扯皮敷衍了事和这种人长期工作你只会觉得无力无奈再大的热情也会被磨灭Beckham7__好大学就是好的环境好的平台好的同学好的老师和选择权而,2026-05-26 14:28:28,福建,2431824430,Jasmine笨笨龟,https://weibo.com/u/2431824430
5302410462629429,转发微博,2026-05-26 14:28:27,湖北,2748851283,tree-growup,https://weibo.com/u/2748851283
5302410462629429,转发微博,2026-05-26 14:28:25,湖北,2432029254,张丹彤,https://weibo.com/u/2432029254
5302410462629429,转发微博,2026-05-26 14:27:46,江西,6795863762,Sl9471220,https://weibo.com/u/6795863762
5302410462629429,转发微博,2026-05-26 14:27:06,浙江,6201507048,朱朱870105,https://weibo.com/u/6201507048
5302410462629429,转发微博,2026-05-26 14:27:06,湖北,6596642704,王大爷是美少女,https://weibo.com/u/6596642704
5302410462629429,转发微博,2026-05-26 14:26:23,广西,1785522560,我的小欢心,https://weibo.com/u/1785522560
5302410462629429,转发微博,2026-05-26 14:25:12,浙江,2873748580,jm游泳的小鱼,https://weibo.com/u/2873748580
5302410462629429,Ray怡然自乐晶晶我的小宝贝好的工作环境也是一样的遇到和你势均力敌的同事大家每天都会干劲十足而能力差的人往往都爱推诿扯皮敷衍了事和这种人长期工作你只会觉得无力无奈再大的热情也会被磨灭Beckham7__好大学就是好的环境好的平台好的同学好的老师和选择权而,2026-05-26 14:22:28,江苏,3803286360,hl880824,https://weibo.com/u/3803286360
5302410462629429,转发微博,2026-05-26 14:20:33,浙江,7723607501,Gracehoo同路人,https://weibo.com/u/7723607501
5302410462629429,转发微博,2026-05-26 14:19:03,海南,5707567861,男人狠人,https://weibo.com/u/5707567861
5302410462629429,转发微博,2026-05-26 14:18:36,贵州,7821964697,00时间的答案99,https://weibo.com/u/7821964697
5302410462629429,转发微博,2026-05-26 14:18:05,云南,6264103700,何焕新同学,https://weibo.com/u/6264103700
5302410462629429,转发微博,2026-05-26 14:12:14,山西,6457162072,雷耿小伙伴,https://weibo.com/u/6457162072
5302410462629429,Ray怡然自乐晶晶我的小宝贝好的工作环境也是一样的遇到和你势均力敌的同事大家每天都会干劲十足而能力差的人往往都爱推诿扯皮敷衍了事和这种人长期工作你只会觉得无力无奈再大的热情也会被磨灭Beckham7__好大学就是好的环境好的平台好的同学好的老师和选择权而,2026-05-26 14:11:48,广东,1893074434,派妈人间清醒,https://weibo.com/u/1893074434
5302410462629429,转发微博,2026-05-26 14:11:31,重庆,2324893011,一条小咸鱼y,https://weibo.com/u/2324893011
5302410462629429,转发微博,2026-05-26 14:11:28,上海,7532643742,小猫274,https://weibo.com/u/7532643742
5302410462629429,转发微博,2026-05-26 14:09:58,安徽,1812964485,信了这世界,https://weibo.com/u/1812964485
5302410462629429,Ray怡然自乐晶晶我的小宝贝好的工作环境也是一样的遇到和你势均力敌的同事大家每天都会干劲十足而能力差的人往往都爱推诿扯皮敷衍了事和这种人长期工作你只会觉得无力无奈再大的热情也会被磨灭Beckham7__好大学就是好的环境好的平台好的同学好的老师和选择权而,2026-05-26 14:09:49,江苏,2537941732,唐郡主,https://weibo.com/u/2537941732
5302410462629429,转发微博,2026-05-26 14:09:24,广西,5512839646,小西瓜卡皮卡皮,https://weibo.com/u/5512839646
5302410462629429,转发微博,2026-05-26 14:08:51,宁夏,2625148843,L浅水蓝,https://weibo.com/u/2625148843
5302410462629429,转发微博,2026-05-26 14:07:56,安徽,7506430686,玉米总柴,https://weibo.com/u/7506430686
5302410462629429,转发微博,2026-05-26 14:07:04,湖南,2642782345,挥手告别e,https://weibo.com/u/2642782345
5302410462629429,转发微博,2026-05-26 14:00:51,山西,3901678529,free9258,https://weibo.com/u/3901678529
5302410462629429,Ray怡然自乐晶晶我的小宝贝好的工作环境也是一样的遇到和你势均力敌的同事大家每天都会干劲十足而能力差的人往往都爱推诿扯皮敷衍了事和这种人长期工作你只会觉得无力无奈再大的热情也会被磨灭Beckham7__好大学就是好的环境好的平台好的同学好的老师和选择权而,2026-05-26 14:00:25,山东,3623338372,我很幸福2013999,https://weibo.com/u/3623338372
5302410462629429,转发微博,2026-05-26 13:53:26,天津,2457151033,sarahcz,https://weibo.com/u/2457151033
5302410462629429,转发微博,2026-05-26 13:52:49,广东,1864761450,小小孩有小小又想有大大,https://weibo.com/u/1864761450
5302410462629429,转发微博,2026-05-26 13:51:31,重庆,1081626853,姗_滵咕滵咕,https://weibo.com/u/1081626853
5302410462629429,转发微博,2026-05-26 13:49:35,河南,2532305223,树袋girl,https://weibo.com/u/2532305223
5302410462629429,转发微博,2026-05-26 13:45:42,陕西,2950114345,hello-鹿小姐,https://weibo.com/u/2950114345
5302410462629429,转发微博,2026-05-26 13:44:24,天津,1769345207,阿文的小毯子Vicky,https://weibo.com/u/1769345207
5302410462629429,转发微博,2026-05-26 13:43:38,山东,1796853237,candy不吃糖才怪,https://weibo.com/u/1796853237
5302410462629429,转发微博,2026-05-26 13:43:09,广东,6532018465,晗晗妈妈江,https://weibo.com/u/6532018465
5302410462629429,转发微博,2026-05-26 13:42:08,广东,3867810322,贤惠美丽Chen,https://weibo.com/u/3867810322
5302410462629429,转发微博,2026-05-26 13:39:15,河北,7754537096,用户7754537096,https://weibo.com/u/7754537096
5302410462629429,转发微博,2026-05-26 13:37:38,广东,7742189258,在水族馆学烹饪的垂耳兔,https://weibo.com/u/7742189258
5302410462629429,转发微博,2026-05-26 13:36:14,湖北,6490925671,桐豆包,https://weibo.com/u/6490925671
5302410462629429,为什么要考好大学[送花花],2026-05-26 13:33:13,广东,7692993364,W琬儿,https://weibo.com/u/7692993364
5302410462629429,转发微博,2026-05-26 13:30:59,辽宁,6142605768,帅欣依旧,https://weibo.com/u/6142605768
5302410462629429,转发微博,2026-05-26 13:30:14,湖南,7205493052,理性投资股市7,https://weibo.com/u/7205493052
5302410462629429,转发微博,2026-05-26 13:28:25,广西,3104086693,手机用户3104086693,https://weibo.com/u/3104086693
5302410462629429,转发微博,2026-05-26 13:28:14,广东,3788457925,sunnyeveryday啊,https://weibo.com/u/3788457925
5302410462629429,转发微博,2026-05-26 13:26:31,河南,2647964807,丁丁妈妈是大丁,https://weibo.com/u/2647964807
5302410462629429,转发微博,2026-05-26 13:25:51,广东,3205515500,lemonxyz1012,https://weibo.com/u/3205515500
5302410462629429,转发微博,2026-05-26 13:25:05,江苏,1072459973,王家小胖,https://weibo.com/u/1072459973
5302410462629429,转发微博,2026-05-26 13:24:30,河北,3965449399,胖胖的小花呦,https://weibo.com/u/3965449399
5302410462629429,转发微博,2026-05-26 13:24:18,河南,7458964955,少女心的不倒翁,https://weibo.com/u/7458964955
5302410462629429,转发微博,2026-05-26 13:22:52,四川,5028167737,Leedo梨豆,https://weibo.com/u/5028167737
5302410462629429,转发微博,2026-05-26 13:22:19,江西,3172487624,遇见又是有晴天,https://weibo.com/u/3172487624
5302410462629429,转发微博,2026-05-26 13:21:49,福建,6754449734,我是小朋友的同学,https://weibo.com/u/6754449734
5302410462629429,转发微博,2026-05-26 13:20:34,福建,6754449734,我是小朋友的同学,https://weibo.com/u/6754449734
5302410462629429,Ray怡然自乐晶晶我的小宝贝好的工作环境也是一样的遇到和你势均力敌的同事大家每天都会干劲十足而能力差的人往往都爱推诿扯皮敷衍了事和这种人长期工作你只会觉得无力无奈再大的热情也会被磨灭Beckham7__好大学就是好的环境好的平台好的同学好的老师和选择权而,2026-05-26 13:18:55,江苏,1617865955,小板寸and齐刘海,https://weibo.com/u/1617865955
5302410462629429,转发微博,2026-05-26 13:18:31,江苏,3300269595,Love潍潍,https://weibo.com/u/3300269595
5302410462629429,转发微博,2026-05-26 13:16:36,广东,7908183247,mimi一坨狗,https://weibo.com/u/7908183247
5302410462629429,好的工作环境也是一样的遇到和你势均力敌的同事大家每天都会干劲十足而能力差的人往往都爱推诿扯皮敷衍了事和这种人长期工作你只会觉得无力无奈再大的热情也会被磨灭好大学就是好的环境好的平台好的同学好的老师和选择权而不是沉入大海被挑选,2026-05-26 13:15:40,浙江,2150965170,萌萌哒胖萌萌,https://weibo.com/u/2150965170
5302410462629429,转发微博,2026-05-26 13:14:18,辽宁,1102095593,xq_yy123,https://weibo.com/u/1102095593
5302410462629429,Ray怡然自乐晶晶我的小宝贝好的工作环境也是一样的遇到和你势均力敌的同事大家每天都会干劲十足而能力差的人往往都爱推诿扯皮敷衍了事和这种人长期工作你只会觉得无力无奈再大的热情也会被磨灭Beckham7__好大学就是好的环境好的平台好的同学好的老师和选择权而,2026-05-26 13:13:38,山东,5640410460,Girl-越努力越幸运,https://weibo.com/u/5640410460
5302410462629429,转发微博,2026-05-26 13:12:03,福建,7313392730,夏山草木33,https://weibo.com/u/7313392730
5302410462629429,转发微博,2026-05-26 13:10:43,江苏,2672646831,小鱼鱼鱼鱼鱼鱼呀,https://weibo.com/u/2672646831
5302410462629429,Ray怡然自乐晶晶我的小宝贝好的工作环境也是一样的遇到和你势均力敌的同事大家每天都会干劲十足而能力差的人往往都爱推诿扯皮敷衍了事和这种人长期工作你只会觉得无力无奈再大的热情也会被磨灭Beckham7__好大学就是好的环境好的平台好的同学好的老师和选择权而,2026-05-26 13:10:34,浙江,1728350631,多煤丁,https://weibo.com/u/1728350631
5302410462629429,转发微博,2026-05-26 13:10:05,上海,5893572588,臭美妈咪专用,https://weibo.com/u/5893572588
5302410462629429,转发微博,2026-05-26 13:08:25,安徽,2187482267,山雨-Tree,https://weibo.com/u/2187482267
5302410462629429,孩子问为何要考好大学时,2026-05-26 13:07:43,江西,6904535725,岚朵0505,https://weibo.com/u/6904535725
5302410462629429,转发微博,2026-05-26 13:07:29,山东,5602007679,花儿开了198806,https://weibo.com/u/5602007679
5302410462629429,转发微博,2026-05-26 13:06:37,江苏,5842715412,用户5842715412,https://weibo.com/u/5842715412
5302410462629429,转发微博,2026-05-26 13:05:44,广东,5383125217,街角的幸福Lily861008,https://weibo.com/u/5383125217
5302410462629429,转发微博,2026-05-26 13:02:18,黑龙江,1971196895,妍语77,https://weibo.com/u/1971196895
5302410462629429,转发微博,2026-05-26 13:01:19,湖南,5659072118,方andF,https://weibo.com/u/5659072118
5302410462629429,转发微博,2026-05-26 13:00:30,内蒙古,3206468855,赫豆宝贝,https://weibo.com/u/3206468855
5302410462629429,转发微博,2026-05-26 13:00:27,贵州,1968723743,君儿moree,https://weibo.com/u/1968723743
5302410462629429,转发微博,2026-05-26 12:58:21,河南,5850960726,用户5850960726,https://weibo.com/u/5850960726
5302410462629429,转发微博,2026-05-26 12:57:43,贵州,2842251894,Miss-Wwc,https://weibo.com/u/2842251894
5302410462629429,转发微博,2026-05-26 12:56:57,贵州,2842251894,Miss-Wwc,https://weibo.com/u/2842251894
5302410462629429,转发微博,2026-05-26 12:54:22,河北,1468563817,梁小妞,https://weibo.com/u/1468563817
5302410462629429,Ray怡然自乐晶晶我的小宝贝好的工作环境也是一样的遇到和你势均力敌的同事大家每天都会干劲十足而能力差的人往往都爱推诿扯皮敷衍了事和这种人长期工作你只会觉得无力无奈再大的热情也会被磨灭Beckham7__好大学就是好的环境好的平台好的同学好的老师和选择权而,2026-05-26 12:54:21,安徽,2145377012,等风停080306,https://weibo.com/u/2145377012
5302410462629429,转发微博,2026-05-26 12:53:15,辽宁,2376774275,南希南希nc,https://weibo.com/u/2376774275
5302410462629429,转发微博,2026-05-26 12:51:25,河北,5848552250,用户5848552250,https://weibo.com/u/5848552250
5302410462629429,转发微博,2026-05-26 12:51:11,黑龙江,2687587761,brenda36756,https://weibo.com/u/2687587761
5302410462629429,转发微博,2026-05-26 12:50:13,云南,6372650031,用户6372650031,https://weibo.com/u/6372650031
5302410462629429,转发微博,2026-05-26 12:49:21,江苏,2930089413,I_well_do,https://weibo.com/u/2930089413
5302410462629429,转发微博,2026-05-26 12:48:55,湖南,1009630341,宁静的遗忘wyj,https://weibo.com/u/1009630341
5302410462629429,转发微博,2026-05-26 12:45:47,山东,1549413145,123zaoqichenggong,https://weibo.com/u/1549413145
5302410462629429,转发微博,2026-05-26 12:45:18,广东,7311453228,鲤鱼精精精精,https://weibo.com/u/7311453228
5302410462629429,转发微博,2026-05-26 12:43:29,山东,6596804634,想要赞赞,https://weibo.com/u/6596804634
5302410462629429,转发微博,2026-05-26 12:42:38,江苏,1222586674,岁月静好and阳光温暖,https://weibo.com/u/1222586674
5302410462629429,转发微博,2026-05-26 12:42:13,浙江,1765933714,teresa的小公主,https://weibo.com/u/1765933714
5302410462629429,转发微博,2026-05-26 12:39:20,江苏,3837281826,用户3837281826,https://weibo.com/u/3837281826
5302410462629429,转发微博,2026-05-26 12:38:33,河北,7786520427,陈语Love_myself,https://weibo.com/u/7786520427
5302410462629429,转发微博,2026-05-26 12:36:38,山西,3620726142,潇然小童鞋,https://weibo.com/u/3620726142
5302410462629429,转发微博,2026-05-26 12:35:12,江苏,6573095551,水木年华0421,https://weibo.com/u/6573095551
5302410462629429,转发微博,2026-05-26 12:33:54,重庆,7762921422,离了个大谱魔王,https://weibo.com/u/7762921422
5302410462629429,转发微博,2026-05-26 12:33:37,江苏,2672530141,jilakelasi,https://weibo.com/u/2672530141
5302410462629429,转发微博,2026-05-26 12:33:25,湖南,7244216528,cz1988a,https://weibo.com/u/7244216528
5302410462629429,[给你小心心],2026-05-26 12:33:04,上海,3547426821,米米小妮_30804,https://weibo.com/u/3547426821
5302410462629429,转发微博,2026-05-26 12:32:38,江苏,2563214714,汐汐就是汐汐,https://weibo.com/u/2563214714
5302410462629429,转发微博,2026-05-26 12:31:15,四川,5374644186,独步春秋001,https://weibo.com/u/5374644186
5302410462629429,转发微博,2026-05-26 12:25:40,湖南,3021160385,如_果_有如果,https://weibo.com/u/3021160385
5302410462629429,转发微博,2026-05-26 12:25:36,广东,8364305826,用户8364305826,https://weibo.com/u/8364305826
5302410462629429,转发微博,2026-05-26 12:23:06,江西,3845246125,丽灵水儿,https://weibo.com/u/3845246125
5302410462629429,转发微博,2026-05-26 12:21:47,辽宁,7041307195,樱桃有点甜__,https://weibo.com/u/7041307195
5302410462629429,转发微博,2026-05-26 12:21:02,重庆,8315851563,仙妹儿子,https://weibo.com/u/8315851563
5302410462629429,转发微博,2026-05-26 12:18:42,辽宁,7501375659,一好宝贝学英语,https://weibo.com/u/7501375659
5302410462629429,好,2026-05-26 12:14:49,吉林,1242822177,liantianzy,https://weibo.com/u/1242822177
5302410462629429,Ray怡然自乐晶晶我的小宝贝好的工作环境也是一样的遇到和你势均力敌的同事大家每天都会干劲十足而能力差的人往往都爱推诿扯皮敷衍了事和这种人长期工作你只会觉得无力无奈再大的热情也会被磨灭Beckham7__好大学就是好的环境好的平台好的同学好的老师和选择权而,2026-05-26 12:13:01,四川,7301087192,瞌睡虫和馒头,https://weibo.com/u/7301087192
5302410462629429,Ray怡然自乐晶晶我的小宝贝好的工作环境也是一样的遇到和你势均力敌的同事大家每天都会干劲十足而能力差的人往往都爱推诿扯皮敷衍了事和这种人长期工作你只会觉得无力无奈再大的热情也会被磨灭Beckham7__好大学就是好的环境好的平台好的同学好的老师和选择权而,2026-05-26 12:12:51,河南,5128397825,白水煮咖啡有点香,https://weibo.com/u/5128397825
5302410462629429,转发微博,2026-05-26 12:11:11,江苏,1752703213,非常80后,https://weibo.com/u/1752703213
5302410462629429,Ray怡然自乐晶晶我的小宝贝好的工作环境也是一样的遇到和你势均力敌的同事大家每天都会干劲十足而能力差的人往往都爱推诿扯皮敷衍了事和这种人长期工作你只会觉得无力无奈再大的热情也会被磨灭Beckham7__好大学就是好的环境好的平台好的同学好的老师和选择权而,2026-05-26 12:09:36,江苏,5626544735,欣萌菡,https://weibo.com/u/5626544735
5302410462629429,转发微博,2026-05-26 12:05:04,陕西,2372640321,珠子的眼泪,https://weibo.com/u/2372640321
5302410462629429,转发微博,2026-05-26 12:04:58,安徽,1676688982,高山行之,https://weibo.com/u/1676688982
5302410462629429,转发微博,2026-05-26 12:02:56,广东,5555375844,常春藤13943,https://weibo.com/u/5555375844
5302410462629429,转发微博,2026-05-26 12:02:36,重庆,1750123177,夏天Junshy,https://weibo.com/u/1750123177
5302410462629429,转发微博,2026-05-26 12:01:20,浙江,2512180740,LOVE轩之语,https://weibo.com/u/2512180740
5302410462629429,转发微博,2026-05-26 12:00:23,山东,7875068768,用户7875068768,https://weibo.com/u/7875068768
5302410462629429,转发微博,2026-05-26 11:58:36,江苏,6676122385,我们都是吃可爱长大的222,https://weibo.com/u/6676122385
5302410462629429,转发微博,2026-05-26 11:57:42,江苏,2483811964,山-水-草原-天空,https://weibo.com/u/2483811964
5302410462629429,转发微博,2026-05-26 11:56:42,安徽,2880521480,月月阳阳两宝贝,https://weibo.com/u/2880521480
5302410462629429,转发微博,2026-05-26 11:56:11,湖南,7595612150,用户7595612150,https://weibo.com/u/7595612150
5302410462629429,转发微博,2026-05-26 11:54:59,上海,2817750173,jennygbird,https://weibo.com/u/2817750173
5302410462629429,转发微博,2026-05-26 11:53:19,山东,6249195021,destiny-tis,https://weibo.com/u/6249195021
5302410462629429,转发微博,2026-05-26 11:52:14,北京,1866513715,品牌省钱预告,https://weibo.com/u/1866513715
5302410462629429,转发微博,2026-05-26 11:52:06,上海,5666672035,珍惜_201118,https://weibo.com/u/5666672035
5302410462629429,转发微博,2026-05-26 11:51:23,广西,6588306371,用户6588306371,https://weibo.com/u/6588306371
5302410462629429,转发微博,2026-05-26 11:51:19,天津,7702941349,用户7702941349,https://weibo.com/u/7702941349
5302410462629429,转发微博,2026-05-26 11:51:05,四川,6332229042,用户6332229042,https://weibo.com/u/6332229042
5302410462629429,转发微博,2026-05-26 11:50:02,广东,2258089825,慕慕要早睡早起,https://weibo.com/u/2258089825
5302410462629429,转发微博,2026-05-26 11:48:32,福建,6163622789,Mya是只会飞的鱼,https://weibo.com/u/6163622789
5302410462629429,Ray怡然自乐晶晶我的小宝贝好的工作环境也是一样的遇到和你势均力敌的同事大家每天都会干劲十足而能力差的人往往都爱推诿扯皮敷衍了事和这种人长期工作你只会觉得无力无奈再大的热情也会被磨灭Beckham7__好大学就是好的环境好的平台好的同学好的老师和选择权而,2026-05-26 11:46:28,北京,7072256182,小翅膀YB,https://weibo.com/u/7072256182
5302410462629429,转发微博,2026-05-26 11:45:45,广东,2807100633,小米8888666,https://weibo.com/u/2807100633
5302410462629429,转发微博,2026-05-26 11:43:51,河南,1615347362,桐向光行,https://weibo.com/u/1615347362
5302410462629429,转发微博,2026-05-26 11:40:45,河北,7815540911,那隗笙辛,https://weibo.com/u/7815540911
5302410462629429,Ray怡然自乐晶晶我的小宝贝好的工作环境也是一样的遇到和你势均力敌的同事大家每天都会干劲十足而能力差的人往往都爱推诿扯皮敷衍了事和这种人长期工作你只会觉得无力无奈再大的热情也会被磨灭Beckham7__好大学就是好的环境好的平台好的同学好的老师和选择权而,2026-05-26 11:37:40,江苏,6107725108,月亮与六星,https://weibo.com/u/6107725108
5302410462629429,转发微博,2026-05-26 11:33:31,广东,2583313004,陈向晴-99,https://weibo.com/u/2583313004
5302410462629429,转发微博,2026-05-26 11:32:45,广东,7570382844,用户7570382844,https://weibo.com/u/7570382844
5302410462629429,转发微博,2026-05-26 11:31:55,广东,5273392083,forgive-begin,https://weibo.com/u/5273392083
5302410462629429,转发微博,2026-05-26 11:30:23,重庆,5679157191,悬铃木533,https://weibo.com/u/5679157191
5302410462629429,Ray怡然自乐晶晶我的小宝贝好的工作环境也是一样的遇到和你势均力敌的同事大家每天都会干劲十足而能力差的人往往都爱推诿扯皮敷衍了事和这种人长期工作你只会觉得无力无奈再大的热情也会被磨灭Beckham7__好大学就是好的环境好的平台好的同学好的老师和选择权而,2026-05-26 11:29:03,山东,5020816306,低调投资者,https://weibo.com/u/5020816306
5302410462629429,转发微博,2026-05-26 11:28:52,山东,1437728255,果大大的妈妈,https://weibo.com/u/1437728255
5302410462629429,转发微博,2026-05-26 11:24:14,河北,6036869202,Arron_Gary,https://weibo.com/u/6036869202
5302410462629429,Ray怡然自乐晶晶我的小宝贝好的工作环境也是一样的遇到和你势均力敌的同事大家每天都会干劲十足而能力差的人往往都爱推诿扯皮敷衍了事和这种人长期工作你只会觉得无力无奈再大的热情也会被磨灭Beckham7__好大学就是好的环境好的平台好的同学好的老师和选择权而,2026-05-26 11:24:02,浙江,2573849710,小想安然1986,https://weibo.com/u/2573849710
5302410462629429,转发微博,2026-05-26 11:22:24,湖北,3635971045,小甜甜LOVE笑,https://weibo.com/u/3635971045
5302410462629429,转发微博,2026-05-26 11:20:45,江苏,2172341331,心海沉浮2014,https://weibo.com/u/2172341331
5302410462629429,转发微博,2026-05-26 11:20:43,江苏,6496309816,用户6496309816,https://weibo.com/u/6496309816
5302410462629429,转发微博,2026-05-26 11:20:29,四川,2369924872,julie0julia,https://weibo.com/u/2369924872
5302410462629429,转发微博,2026-05-26 11:20:27,浙江,5522747905,青居水冰,https://weibo.com/u/5522747905
5302410462629429,转发微博,2026-05-26 11:20:21,广东,1804311622,夏安秋绥冬禧,https://weibo.com/u/1804311622
5302410462629429,转发微博,2026-05-26 11:20:12,上海,2339164573,mayflychantal,https://weibo.com/u/2339164573
5302410462629429,转发微博,2026-05-26 11:19:45,北京,7402863833,用户7402863833,https://weibo.com/u/7402863833
5302410462629429,转发微博,2026-05-26 11:19:02,四川,2369924872,julie0julia,https://weibo.com/u/2369924872
5302410462629429,转发微博,2026-05-26 11:17:30,福建,6367821789,Laughinglittlegirl,https://weibo.com/u/6367821789
5302410462629429,转发微博,2026-05-26 11:17:01,天津,2091105783,安小凉9464,https://weibo.com/u/2091105783
5302410462629429,转发微博,2026-05-26 11:13:01,北京,2459913744,小虫虫lm1019,https://weibo.com/u/2459913744
5302410462629429,转发微博,2026-05-26 11:11:24,黑龙江,1215390203,啃小兔乖乖,https://weibo.com/u/1215390203
5302410462629429,Ray怡然自乐晶晶我的小宝贝好的工作环境也是一样的遇到和你势均力敌的同事大家每天都会干劲十足而能力差的人往往都爱推诿扯皮敷衍了事和这种人长期工作你只会觉得无力无奈再大的热情也会被磨灭Beckham7__好大学就是好的环境好的平台好的同学好的老师和选择权而,2026-05-26 11:10:23,山东,7381080052,Marcus妈妈,https://weibo.com/u/7381080052
5302410462629429,转发微博,2026-05-26 11:09:45,陕西,5766701213,小猴子的妈咪885,https://weibo.com/u/5766701213
5302410462629429,转发微博,2026-05-26 11:09:09,广东,7924988382,用户7924988382,https://weibo.com/u/7924988382
5302410462629429,轉發微博,2026-05-26 11:06:48,广东,5558731442,五仁咖,https://weibo.com/u/5558731442
5302410462629429,转发微博,2026-05-26 11:06:40,河南,7885139363,是棣棣吖613,https://weibo.com/u/7885139363
5302410462629429,CETV美育转发微博,2026-05-26 11:06:07,北京,2004034841,紫枫_依人,https://weibo.com/u/2004034841
5302410462629429,转发微博,2026-05-26 11:05:52,重庆,1880482244,餹_葫芦,https://weibo.com/u/1880482244
5302410462629429,转发微博,2026-05-26 11:04:16,北京,6544093520,CETV美育,https://weibo.com/u/6544093520
5302410462629429,转发微博,2026-05-26 11:03:09,河南,2042706935,夏天和暖暖,https://weibo.com/u/2042706935
5302410462629429,转发微博,2026-05-26 11:03:07,福建,2184077670,苏苏-啊雅,https://weibo.com/u/2184077670
5302410462629429,转发微博,2026-05-26 11:01:17,云南,1168843167,ada_kikokiko,https://weibo.com/u/1168843167
5302410462629429,转发微博,2026-05-26 11:00:05,福建,5515760420,柒柒柒815,https://weibo.com/u/5515760420
5302410462629429,Repost,2026-05-26 10:59:12,美国,5872239995,AbundanceLove,https://weibo.com/u/5872239995
5302410462629429,转发微博,2026-05-26 10:57:05,河南,5417520121,清莹露滴,https://weibo.com/u/5417520121
5302410462629429,转发微博,2026-05-26 10:52:43,江苏,6160682535,呢喃嬉闹,https://weibo.com/u/6160682535
5302410462629429,转发微博,2026-05-26 10:51:31,江苏,5894084589,MISS妞妞蛋,https://weibo.com/u/5894084589
5302410462629429,转发微博,2026-05-26 10:50:20,福建,6470045100,乖鱼1412,https://weibo.com/u/6470045100
5302410462629429,转发微博,2026-05-26 10:48:54,浙江,1967223340,微笑的TQ,https://weibo.com/u/1967223340
5302410462629429,转发微博,2026-05-26 10:45:39,广东,3028546267,benisbilly,https://weibo.com/u/3028546267
5302410462629429,Ray怡然自乐晶晶我的小宝贝好的工作环境也是一样的遇到和你势均力敌的同事大家每天都会干劲十足而能力差的人往往都爱推诿扯皮敷衍了事和这种人长期工作你只会觉得无力无奈再大的热情也会被磨灭Beckham7__好大学就是好的环境好的平台好的同学好的老师和选择权而,2026-05-26 10:44:18,河南,2410906073,哈尼v北比,https://weibo.com/u/2410906073
5302410462629429,转发微博,2026-05-26 10:43:11,浙江,3337349612,七律七翯,https://weibo.com/u/3337349612
5302410462629429,转发微博,2026-05-26 10:39:32,广西,6870148957,W薇薇琴,https://weibo.com/u/6870148957
5302410462629429,转发微博,2026-05-26 10:39:04,广东,7833028341,早安虎牙,https://weibo.com/u/7833028341
5302410462629429,转发微博,2026-05-26 10:38:06,北京,7928138608,李明_200511,https://weibo.com/u/7928138608
5302410462629429,转发微博,2026-05-26 10:37:11,浙江,7337674190,王毓婵,https://weibo.com/u/7337674190
5302410462629429,转发微博,2026-05-26 10:36:12,江西,5271475678,妤好和花里,https://weibo.com/u/5271475678
5302410462629429,转发微博,2026-05-26 10:35:36,山东,6340349695,Jessica爽歪歪,https://weibo.com/u/6340349695
5302410462629429,转发微博,2026-05-26 10:33:59,北京,6537592541,戴帽子的魔法师,https://weibo.com/u/6537592541
5302410462629429,转发微博,2026-05-26 10:33:14,广西,3168618825,念念墨玉慢慢,https://weibo.com/u/3168618825
5302410462629429,转发微博,2026-05-26 10:32:13,上海,1851224565,GM秋秋,https://weibo.com/u/1851224565
5302410462629429,转发微博,2026-05-26 10:31:42,江苏,3070799515,轻燕舒展,https://weibo.com/u/3070799515
5302410462629429,转发微博,2026-05-26 10:30:55,江西,1631386184,黄金雨林,https://weibo.com/u/1631386184
5302410462629429,转发微博,2026-05-26 10:30:28,广西,1757278807,偶爱咩咩,https://weibo.com/u/1757278807
5302410462629429,转发微博,2026-05-26 10:28:45,上海,5925326585,杨山满满,https://weibo.com/u/5925326585
5302410462629429,转发微博,2026-05-26 10:27:56,广东,7305935818,卫依潇xz,https://weibo.com/u/7305935818
5302410462629429,转发微博,2026-05-26 10:27:37,安徽,3985851734,洁187_193,https://weibo.com/u/3985851734
5302410462629429,转发微博,2026-05-26 10:27:19,北京,1903469773,ThreeStone0717,https://weibo.com/u/1903469773
5302410462629429,Ray怡然自乐晶晶我的小宝贝好的工作环境也是一样的遇到和你势均力敌的同事大家每天都会干劲十足而能力差的人往往都爱推诿扯皮敷衍了事和这种人长期工作你只会觉得无力无奈再大的热情也会被磨灭Beckham7__好大学就是好的环境好的平台好的同学好的老师和选择权而,2026-05-26 10:26:56,江苏,1440695911,翼翼欲飞,https://weibo.com/u/1440695911
5302410462629429,转发微博,2026-05-26 10:26:43,安徽,2845468757,五月的风ss,https://weibo.com/u/2845468757
5302410462629429,转发微博,2026-05-26 10:25:28,北京,1405331685,孔雀翎123,https://weibo.com/u/1405331685
5302410462629429,转发微博,2026-05-26 10:25:27,辽宁,1823925623,自由不变w5,https://weibo.com/u/1823925623
5302410462629429,转发微博,2026-05-26 10:24:22,河北,2600429761,妙恋_20102020,https://weibo.com/u/2600429761
5302410462629429,收藏,2026-05-26 10:21:49,河南,5754731983,我家懒橘只听爸爸的话,https://weibo.com/u/5754731983
5302410462629429,转发微博,2026-05-26 10:21:40,湖南,2704843237,想念的秋天丫头宝贝,https://weibo.com/u/2704843237
5302410462629429,Ray怡然自乐晶晶我的小宝贝好的工作环境也是一样的遇到和你势均力敌的同事大家每天都会干劲十足而能力差的人往往都爱推诿扯皮敷衍了事和这种人长期工作你只会觉得无力无奈再大的热情也会被磨灭Beckham7__好大学就是好的环境好的平台好的同学好的老师和选择权而,2026-05-26 10:21:22,河北,7500042292,用户7500042292,https://weibo.com/u/7500042292
5302410462629429,转发微博,2026-05-26 10:20:49,山东,5769794919,奶油巧克力baba,https://weibo.com/u/5769794919
5302410462629429,转发微博,2026-05-26 10:16:48,山东,6633595603,小宝贝儿依依,https://weibo.com/u/6633595603
5302410462629429,转发微博,2026-05-26 10:16:21,山西,7695729173,财喵来了,https://weibo.com/u/7695729173
5302410462629429,Ray怡然自乐晶晶我的小宝贝好的工作环境也是一样的遇到和你势均力敌的同事大家每天都会干劲十足而能力差的人往往都爱推诿扯皮敷衍了事和这种人长期工作你只会觉得无力无奈再大的热情也会被磨灭Beckham7__好大学就是好的环境好的平台好的同学好的老师和选择权而,2026-05-26 10:14:31,陕西,5894367414,Catherine-up1989,https://weibo.com/u/5894367414
5302410462629429,转发微博,2026-05-26 10:14:07,广西,5746176200,一抹粉月亮,https://weibo.com/u/5746176200
5302410462629429,转发微博,2026-05-26 10:13:57,陕西,5894367414,Catherine-up1989,https://weibo.com/u/5894367414
5302410462629429,转发微博,2026-05-26 10:12:28,河南,5331934511,爱欢乐小时光,https://weibo.com/u/5331934511
5302410462629429,转发微博,2026-05-26 10:11:11,四川,6381817013,阿一6960,https://weibo.com/u/6381817013
5302410462629429,转发微博,2026-05-26 10:11:07,广东,7405652723,木舍202409,https://weibo.com/u/7405652723
5302410462629429,转发微博,2026-05-26 10:10:53,广东,1798477442,rebecca833,https://weibo.com/u/1798477442
5302410462629429,转发微博,2026-05-26 10:09:41,江苏,2727495242,宸曦幺幺,https://weibo.com/u/2727495242
5302410462629429,分享,2026-05-26 10:09:33,江苏,2461848485,今生是一条给你带来好运的锦鲤,https://weibo.com/u/2461848485
5302410462629429,转发微博,2026-05-26 10:08:20,北京,3932069193,小小与丑丑,https://weibo.com/u/3932069193
5302410462629429,转发微博,2026-05-26 10:07:32,四川,1890643764,昵称已存在-睡睡,https://weibo.com/u/1890643764
5302410462629429,Ray怡然自乐晶晶我的小宝贝好的工作环境也是一样的遇到和你势均力敌的同事大家每天都会干劲十足而能力差的人往往都爱推诿扯皮敷衍了事和这种人长期工作你只会觉得无力无奈再大的热情也会被磨灭Beckham7__好大学就是好的环境好的平台好的同学好的老师和选择权而,2026-05-26 10:05:33,江苏,1891572274,弹吉他的灰熊,https://weibo.com/u/1891572274
5302410462629429,转发微博,2026-05-26 10:04:59,湖北,7703158276,含羞草药香,https://weibo.com/u/7703158276
5302410462629429,转发微博,2026-05-26 10:03:55,山东,5358746402,刘小鱼小朋友,https://weibo.com/u/5358746402
5302410462629429,转发微博,2026-05-26 10:03:13,北京,5222862097,成成小油墩子,https://weibo.com/u/5222862097
5302410462629429,转发微博,2026-05-26 10:03:04,江苏,6175890113,枫雪伯爵,https://weibo.com/u/6175890113
5302410462629429,转发微博,2026-05-26 10:02:27,浙江,1901351645,hua落,https://weibo.com/u/1901351645
5302410462629429,转发微博,2026-05-26 10:00:49,河北,2167997453,巴巴飞儿,https://weibo.com/u/2167997453
5302410462629429,转发微博,2026-05-26 09:59:50,四川,3475328660,安妮和提伯斯,https://weibo.com/u/3475328660
5302410462629429,转发微博,2026-05-26 09:59:16,江苏,5327896403,潘大潘2009,https://weibo.com/u/5327896403
5302410462629429,转发微博,2026-05-26 09:58:17,上海,2248279854,夏雪09008,https://weibo.com/u/2248279854
5302410462629429,转发微博,2026-05-26 09:57:42,北京,1863283634,wz61696,https://weibo.com/u/1863283634
5302410462629429,转发微博,2026-05-26 09:57:03,广东,1943587024,yan_dandan,https://weibo.com/u/1943587024
5302410462629429,转发微博,2026-05-26 09:56:01,湖南,6234881126,怎么算6234881126,https://weibo.com/u/6234881126
5302410462629429,转发微博,2026-05-26 09:54:22,北京,2071047433,果欣儿洋宝,https://weibo.com/u/2071047433
5302410462629429,转发微博,2026-05-26 09:54:14,天津,3517735614,那年十月底部,https://weibo.com/u/3517735614
5302410462629429,转发微博,2026-05-26 09:54:12,山东,2832192703,种地大户新农人,https://weibo.com/u/2832192703
5302410462629429,Ray怡然自乐晶晶我的小宝贝好的工作环境也是一样的遇到和你势均力敌的同事大家每天都会干劲十足而能力差的人往往都爱推诿扯皮敷衍了事和这种人长期工作你只会觉得无力无奈再大的热情也会被磨灭Beckham7__好大学就是好的环境好的平台好的同学好的老师和选择权而,2026-05-26 09:53:48,江苏,6364750589,内心有想要的东西,https://weibo.com/u/6364750589
5302410462629429,转发微博,2026-05-26 09:53:12,天津,6413132183,Anais2846,https://weibo.com/u/6413132183
5302410462629429,转发微博,2026-05-26 09:52:50,青海,3251891202,小鱼儿3251891202,https://weibo.com/u/3251891202
5302410462629429,转发微博,2026-05-26 09:52:38,山东,3186010361,海边小厨娘,https://weibo.com/u/3186010361
5302410462629429,转发微博,2026-05-26 09:52:33,湖南,6295212508,牛牛儿儿199506,https://weibo.com/u/6295212508
5302410462629429,转发微博,2026-05-26 09:51:59,山东,6556758842,用户6556758842,https://weibo.com/u/6556758842
5302410462629429,转发微博,2026-05-26 09:51:34,陕西,7757671827,小太6016,https://weibo.com/u/7757671827
5302410462629429,转发微博,2026-05-26 09:51:01,浙江,7331509464,施太110,https://weibo.com/u/7331509464
5302410462629429,转发微博,2026-05-26 09:50:34,湖北,1789762475,琴子子814,https://weibo.com/u/1789762475
5302410462629429,转发微博,2026-05-26 09:50:00,北京,5087015018,美妮47622,https://weibo.com/u/5087015018
5302410462629429,转发微博,2026-05-26 09:49:13,江苏,1896479495,Taurus晴,https://weibo.com/u/1896479495
5302410462629429,转发微博,2026-05-26 09:49:00,陕西,9039889738,寻找光的树_,https://weibo.com/u/9039889738
5302410462629429,转发微博,2026-05-26 09:48:55,陕西,7739265352,防台2210,https://weibo.com/u/7739265352
5302410462629429,转发微博,2026-05-26 09:47:35,广东,6556835437,用户6556835437,https://weibo.com/u/6556835437
5302410462629429,转发微博,2026-05-26 09:46:17,湖北,2527336345,南辕北辙404,https://weibo.com/u/2527336345
5302410462629429,转发微博,2026-05-26 09:45:14,四川,1660937091,海妮娅,https://weibo.com/u/1660937091
5302410462629429,转发微博,2026-05-26 09:43:10,广东,3311796841,夏野冬木2019,https://weibo.com/u/3311796841
5302410462629429,转发微博,2026-05-26 09:43:10,河北,3165821561,tt小婷儿的微博,https://weibo.com/u/3165821561
5302410462629429,转发微博,2026-05-26 09:42:42,山东,6508657404,开心是福天天开心0316,https://weibo.com/u/6508657404
5302410462629429,转发微博,2026-05-26 09:42:36,山东,1044898673,禾悦金,https://weibo.com/u/1044898673
5302410462629429,转发微博,2026-05-26 09:41:14,广东,1899700615,青青芥末,https://weibo.com/u/1899700615
5302410462629429,为什么考好的大学,2026-05-26 09:40:19,河北,5509908950,穿普拉达的女王27201,https://weibo.com/u/5509908950
5302410462629429,转发微博,2026-05-26 09:38:31,陕西,7119414647,杨小妮啊杨小妮ni,https://weibo.com/u/7119414647
5302410462629429,转发微博,2026-05-26 09:36:29,江苏,8378019874,色即是空啊老弟,https://weibo.com/u/8378019874
5302410462629429,转发微博,2026-05-26 09:35:54,山东,7712787526,iloong2025,https://weibo.com/u/7712787526
5302410462629429,转发微博,2026-05-26 09:35:38,浙江,2746631714,柠檬浅浅6,https://weibo.com/u/2746631714
5302410462629429,存为何要考好的大学,2026-05-26 09:33:12,浙江,7417990651,叶子问鱼,https://weibo.com/u/7417990651
5302410462629429,Ray怡然自乐晶晶我的小宝贝好的工作环境也是一样的遇到和你势均力敌的同事大家每天都会干劲十足而能力差的人往往都爱推诿扯皮敷衍了事和这种人长期工作你只会觉得无力无奈再大的热情也会被磨灭Beckham7__好大学就是好的环境好的平台好的同学好的老师和选择权而,2026-05-26 09:31:34,江苏,5476921983,用户5476921983,https://weibo.com/u/5476921983
5302410462629429,转发微博,2026-05-26 09:31:33,河北,1808808623,Zzz0716,https://weibo.com/u/1808808623
5302410462629429,转发微博,2026-05-26 09:30:12,湖北,2436540142,imcathy,https://weibo.com/u/2436540142
5302410462629429,转发微博,2026-05-26 09:29:40,四川,6344111063,啊啦啦啦哈哈哈555,https://weibo.com/u/6344111063
5302410462629429,Ray怡然自乐晶晶我的小宝贝好的工作环境也是一样的遇到和你势均力敌的同事大家每天都会干劲十足而能力差的人往往都爱推诿扯皮敷衍了事和这种人长期工作你只会觉得无力无奈再大的热情也会被磨灭Beckham7__好大学就是好的环境好的平台好的同学好的老师和选择权而,2026-05-26 09:29:30,重庆,1408746494,天蓝蓝的棉花团,https://weibo.com/u/1408746494
5302410462629429,Ray怡然自乐晶晶我的小宝贝好的工作环境也是一样的遇到和你势均力敌的同事大家每天都会干劲十足而能力差的人往往都爱推诿扯皮敷衍了事和这种人长期工作你只会觉得无力无奈再大的热情也会被磨灭Beckham7__好大学就是好的环境好的平台好的同学好的老师和选择权而,2026-05-26 09:29:18,广东,7406057457,风吹夏天凉落,https://weibo.com/u/7406057457
5302410462629429,转发微博,2026-05-26 09:28:44,辽宁,5378979561,入梦之鲸,https://weibo.com/u/5378979561
5302410462629429,转发微博,2026-05-26 09:28:01,山东,1558973823,素年锦时D,https://weibo.com/u/1558973823
5302410462629429,Ray怡然自乐晶晶我的小宝贝好的工作环境也是一样的遇到和你势均力敌的同事大家每天都会干劲十足而能力差的人往往都爱推诿扯皮敷衍了事和这种人长期工作你只会觉得无力无奈再大的热情也会被磨灭Beckham7__好大学就是好的环境好的平台好的同学好的老师和选择权而,2026-05-26 09:21:27,河北,6446205546,用户6446205546,https://weibo.com/u/6446205546
5302410462629429,转发微博,2026-05-26 09:20:55,上海,2794475481,绚烂如碧,https://weibo.com/u/2794475481
5302410462629429,转发微博,2026-05-26 09:20:53,河北,2781810071,软绵绵的小肉驴,https://weibo.com/u/2781810071
5302410462629429,转发微博,2026-05-26 09:20:49,山东,7653812173,冬夜的薄荷,https://weibo.com/u/7653812173
5302410462629429,转发微博,2026-05-26 09:19:29,四川,2711059081,玉屏萧阿姨,https://weibo.com/u/2711059081
5302410462629429,转发微博,2026-05-26 09:19:24,云南,1885169542,小子的饭,https://weibo.com/u/1885169542
5302410462629429,转发微博,2026-05-26 09:18:31,重庆,2950069067,Jason08981110,https://weibo.com/u/2950069067
5302410462629429,转发微博,2026-05-26 09:18:22,山东,4093474975,墨墨姐吖,https://weibo.com/u/4093474975
5302410462629429,还是要孩子自己开窍才行,2026-05-26 09:17:49,北京,2383217413,在遥远的路上一直走,https://weibo.com/u/2383217413
5302410462629429,转发微博,2026-05-26 09:17:26,江苏,7377952753,用户慧慧Sophia,https://weibo.com/u/7377952753
5302410462629429,转发微博,2026-05-26 09:17:06,陕西,1574874782,良风有幸999,https://weibo.com/u/1574874782
5302410462629429,转发微博,2026-05-26 09:16:52,福建,1671959415,雨过会天晴-云熠,https://weibo.com/u/1671959415
5302410462629429,转发微博,2026-05-26 09:15:53,安徽,6584103498,桔子不太甜icon,https://weibo.com/u/6584103498
5302410462629429,转发微博,2026-05-26 09:15:53,河北,2704935907,金钩银画-Aron,https://weibo.com/u/2704935907
5302410462629429,转发微博,2026-05-26 09:15:24,福建,6084328604,伽蓝千雪,https://weibo.com/u/6084328604
5302410462629429,转发微博,2026-05-26 09:14:54,河北,5384083114,巧巧巧克力13,https://weibo.com/u/5384083114
5302410462629429,转发微博,2026-05-26 09:14:42,福建,6084328604,伽蓝千雪,https://weibo.com/u/6084328604
5302410462629429,转发微博,2026-05-26 09:14:34,山东,3513894264,love平凡妞,https://weibo.com/u/3513894264
5302410462629429,转发微博,2026-05-26 09:14:21,安徽,3916962068,莫名凡,https://weibo.com/u/3916962068
5302410462629429,转发微博,2026-05-26 09:14:02,广东,5412936023,网上冲浪的吃瓜群众,https://weibo.com/u/5412936023
5302410462629429,转发微博,2026-05-26 09:13:46,河南,1927284844,0922赵小雅,https://weibo.com/u/1927284844
5302410462629429,转发微博,2026-05-26 09:13:31,黑龙江,5375254036,阿狸达斯,https://weibo.com/u/5375254036
5302410462629429,转发微博,2026-05-26 09:12:56,辽宁,5876889498,想有个地方发心情,https://weibo.com/u/5876889498
5302410462629429,[二哈][二哈][二哈]Ray怡然自乐晶晶我的小宝贝好的工作环境也是一样的遇到和你势均力敌的同事大家每天都会干劲十足而能力差的人往往都爱推诿扯皮敷衍了事和这种人长期工作你只会觉得无力无奈再大的热情也会被磨灭Beckham7__好大学就是好的环境好的平台好的同学好的,2026-05-26 09:12:30,四川,7966060314,用户7966060314,https://weibo.com/u/7966060314
5302410462629429,转发微博,2026-05-26 09:11:44,广东,2296966943,六屋地平线,https://weibo.com/u/2296966943
5302410462629429,转发微博,2026-05-26 09:11:26,黑龙江,7891966933,坚持做自己真的很难,https://weibo.com/u/7891966933
5302410462629429,转发微博,2026-05-26 09:11:08,辽宁,5876889498,想有个地方发心情,https://weibo.com/u/5876889498
5302410462629429,转发微博,2026-05-26 09:10:55,福建,2463854903,月的七色地图_337,https://weibo.com/u/2463854903
5302410462629429,转发微博,2026-05-26 09:10:47,广东,2452117265,Ryanboy2017,https://weibo.com/u/2452117265
5302410462629429,转发微博,2026-05-26 09:10:38,北京,7561185698,敏敏呼呼,https://weibo.com/u/7561185698
5302410462629429,转发微博,2026-05-26 09:10:00,江苏,3169939323,Angela柒柒若,https://weibo.com/u/3169939323
5302410462629429,转发微博,2026-05-26 09:09:47,广东,7582894420,程哥他妈,https://weibo.com/u/7582894420
5302410462629429,转发微博,2026-05-26 09:08:58,辽宁,2026121495,一只落水的猫,https://weibo.com/u/2026121495
5302410462629429,转发微博,2026-05-26 09:07:20,浙江,1705719571,心如止水Juli,https://weibo.com/u/1705719571
5302410462629429,转发微博,2026-05-26 09:06:40,安徽,2286259872,涟漪OR浅浅,https://weibo.com/u/2286259872
5302410462629429,转发微博,2026-05-26 09:06:07,河南,5761534817,用户5761534817,https://weibo.com/u/5761534817
5302410462629429,Ray怡然自乐晶晶我的小宝贝好的工作环境也是一样的遇到和你势均力敌的同事大家每天都会干劲十足而能力差的人往往都爱推诿扯皮敷衍了事和这种人长期工作你只会觉得无力无奈再大的热情也会被磨灭Beckham7__好大学就是好的环境好的平台好的同学好的老师和选择权而,2026-05-26 09:05:32,上海,7070779474,CLAIRE621,https://weibo.com/u/7070779474
5302410462629429,转发微博,2026-05-26 09:03:35,辽宁,1862585181,金枝玉叶我的爱,https://weibo.com/u/1862585181
5302410462629429,转发微博,2026-05-26 09:02:26,海南,5794709388,西里果果,https://weibo.com/u/5794709388
5302410462629429,转发微博,2026-05-26 09:01:32,山东,6410302380,龙好伟大的一张脸,https://weibo.com/u/6410302380
5302410462629429,Ray怡然自乐晶晶我的小宝贝好的工作环境也是一样的遇到和你势均力敌的同事大家每天都会干劲十足而能力差的人往往都爱推诿扯皮敷衍了事和这种人长期工作你只会觉得无力无奈再大的热情也会被磨灭Beckham7__好大学就是好的环境好的平台好的同学好的老师和选择权而,2026-05-26 09:00:56,广东,1973880207,辰哈宝,https://weibo.com/u/1973880207
5302410462629429,转发微博,2026-05-26 09:00:39,辽宁,5846441634,喜爱聪明人,https://weibo.com/u/5846441634
5302410462629429,转发微博,2026-05-26 08:58:28,河南,7745153650,病品山20220216,https://weibo.com/u/7745153650
5302410462629429,婚姻其实也是一样的Ray怡然自乐晶晶我的小宝贝好的工作环境也是一样的遇到和你势均力敌的同事大家每天都会干劲十足而能力差的人往往都爱推诿扯皮敷衍了事和这种人长期工作你只会觉得无力无奈再大的热情也会被磨灭Beckham7__好大学就是好的环境好的平台好的同学好的,2026-05-26 08:55:57,福建,3215968015,jack8288625,https://weibo.com/u/3215968015
5302410462629429,转发微博,2026-05-26 08:55:25,湖南,5133081124,用户f4027cwxj1,https://weibo.com/u/5133081124
5302410462629429,转发微博,2026-05-26 08:54:46,山东,7739764890,用户7739764890,https://weibo.com/u/7739764890
5302410462629429,转发微博,2026-05-26 08:54:27,广东,7510299314,拉拉不是卡拉,https://weibo.com/u/7510299314
5302410462629429,cyong是我那些贪官污吏都是差的大学出来的吗好大学与差大学又是如何定义的有多少大学能排进好大学之列头部大学与底部大学有多少差距没工作的毕业生都是差大学出来的吗搞教育歧视吗,2026-05-26 08:54:26,广东,2119240055,陳俊燁是一枚食貨,https://weibo.com/u/2119240055
5302410462629429,找到和自己匹配的人,2026-05-26 08:54:12,上海,5737815237,心理医生常向东,https://weibo.com/u/5737815237
5302410462629429,转发微博,2026-05-26 08:53:53,福建,5706428327,聆听wlj,https://weibo.com/u/5706428327
5302410462629429,转发微博,2026-05-26 08:53:40,安徽,6659903088,o灿18321,https://weibo.com/u/6659903088
5302410462629429,转发微博,2026-05-26 08:53:21,北京,6601830936,ZilV玖,https://weibo.com/u/6601830936
5302410462629429,转发微博,2026-05-26 08:52:55,河南,2973857453,Victoria大猫,https://weibo.com/u/2973857453
5302410462629429,为何要考好的大学,2026-05-26 08:52:36,广东,7155836157,用户7155836157,https://weibo.com/u/7155836157
5302410462629429,转发微博,2026-05-26 08:52:16,河南,1629490280,stmfmdqnc,https://weibo.com/u/1629490280
5302410462629429,转发微博,2026-05-26 08:50:42,上海,8499073363,用户8499073363,https://weibo.com/u/8499073363
5302410462629429,转发微博,2026-05-26 08:50:22,四川,1154179673,已而知者而为之,https://weibo.com/u/1154179673
5302410462629429,转发微博,2026-05-26 08:48:35,北京,5628205608,用户5628205608,https://weibo.com/u/5628205608
5302410462629429,转发微博,2026-05-26 08:48:21,河北,5695706127,毛毛38201乐悠悠02,https://weibo.com/u/5695706127
5302410462629429,转发微博,2026-05-26 08:48:08,河北,6893637129,坚持终将美好2137,https://weibo.com/u/6893637129
5302410462629429,转发微博,2026-05-26 08:48:01,浙江,2424890407,我值得被你温柔以待,https://weibo.com/u/2424890407
5302410462629429,转发微博,2026-05-26 08:47:13,山东,7611902871,用户7611902871,https://weibo.com/u/7611902871
5302410462629429,转发微博,2026-05-26 08:46:57,浙江,5873175804,Shawn_GE_0,https://weibo.com/u/5873175804
5302410462629429,转发微博,2026-05-26 08:46:33,山西,6448107355,Summer初夏2536,https://weibo.com/u/6448107355
5302410462629429,转发微博,2026-05-26 08:46:17,北京,7415303821,我是果果我是果果,https://weibo.com/u/7415303821
5302410462629429,转发微博,2026-05-26 08:45:07,吉林,1794594213,暮光之城v,https://weibo.com/u/1794594213
5302410462629429,转发微博,2026-05-26 08:45:05,广东,7305340429,安静7305340429,https://weibo.com/u/7305340429
5302410462629429,转发微博,2026-05-26 08:44:59,辽宁,2717106457,知止者胜999999,https://weibo.com/u/2717106457
5302410462629429,转发微博,2026-05-26 08:44:59,上海,2593616260,快乐的赤心木,https://weibo.com/u/2593616260
5302410462629429,转发微博,2026-05-26 08:44:35,江苏,1730097351,旷蓝,https://weibo.com/u/1730097351
5302410462629429,转,2026-05-26 08:44:04,陕西,3291227283,喜喜睡爱上喜多多,https://weibo.com/u/3291227283
5302410462629429,转发微博,2026-05-26 08:43:48,河南,7635095991,用户7635095991,https://weibo.com/u/7635095991
5302410462629429,转发微博,2026-05-26 08:43:35,广东,2264274434,一水依依微凉,https://weibo.com/u/2264274434
5302410462629429,只想发财的李女士0322好的工作环境也是一样的遇到和你势均力敌的同事大家每天都会干劲十足而能力差的人往往都爱推诿扯皮敷衍了事和这种人长期工作你只会觉得无力无奈再大的热情也会被磨灭Beckham7__好大学就是好的环境好的平台好的同学好的老师和选择权而不是沉入,2026-05-26 08:43:07,河南,7503221253,福气多多多9,https://weibo.com/u/7503221253
5302410462629429,教育,2026-05-26 08:42:37,山东,2429523753,草木欣荣33,https://weibo.com/u/2429523753
5302410462629429,转发微博,2026-05-26 08:42:12,江苏,1437106894,弹棉花的小胖子,https://weibo.com/u/1437106894
5302410462629429,转发微博,2026-05-26 08:40:49,江苏,2263769673,33戴眼镜,https://weibo.com/u/2263769673
5302410462629429,转发微博,2026-05-26 08:40:00,新疆,1950200473,Durian亚亚,https://weibo.com/u/1950200473
5302410462629429,转发微博,2026-05-26 08:39:34,湖南,1261746724,Rto_趙让让,https://weibo.com/u/1261746724
5302410462629429,转发微博,2026-05-26 08:39:17,广西,2137068721,遇到爱2011,https://weibo.com/u/2137068721
5302410462629429,转发微博,2026-05-26 08:38:54,山西,5369432002,小选么么,https://weibo.com/u/5369432002
5302410462629429,转发微博,2026-05-26 08:38:01,辽宁,1543593821,山谷野菊花,https://weibo.com/u/1543593821
5302410462629429,转发微博,2026-05-26 08:37:57,浙江,7792937652,用户7792937652,https://weibo.com/u/7792937652
5302410462629429,转发微博,2026-05-26 08:37:40,江苏,3866768701,嬷嬷patty,https://weibo.com/u/3866768701
5302410462629429,转发微博,2026-05-26 08:37:21,广东,7315731112,用户7315731112,https://weibo.com/u/7315731112
5302410462629429,转发微博,2026-05-26 08:36:36,陕西,1353136465,Discovery_Snowball,https://weibo.com/u/1353136465
5302410462629429,Ray怡然自乐晶晶我的小宝贝好的工作环境也是一样的遇到和你势均力敌的同事大家每天都会干劲十足而能力差的人往往都爱推诿扯皮敷衍了事和这种人长期工作你只会觉得无力无奈再大的热情也会被磨灭Beckham7__好大学就是好的环境好的平台好的同学好的老师和选择权而,2026-05-26 08:36:23,浙江,1769487113,跃简飘,https://weibo.com/u/1769487113
5302410462629429,转发微博,2026-05-26 08:35:46,山西,7871114293,用户7871114293,https://weibo.com/u/7871114293
5302410462629429,转发微博,2026-05-26 08:34:57,安徽,5039393287,nglvdd1985,https://weibo.com/u/5039393287
5302410462629429,转发微博,2026-05-26 08:33:15,北京,2699423015,风清荷韵1,https://weibo.com/u/2699423015
5302410462629429,转发微博,2026-05-26 08:32:46,江苏,1936718753,姜湖一支花,https://weibo.com/u/1936718753
5302410462629429,转发微博,2026-05-26 08:31:37,浙江,3033708521,宝贝琳mama,https://weibo.com/u/3033708521
5302410462629429,转发微博,2026-05-26 08:30:05,上海,1142783394,Mianda-J,https://weibo.com/u/1142783394
5302410462629429,转发微博,2026-05-26 08:29:54,天津,5520793989,snoopy2735,https://weibo.com/u/5520793989
5302410462629429,转发微博,2026-05-26 08:29:16,江苏,2315506602,枸南枳,https://weibo.com/u/2315506602
5302410462629429,转发微博,2026-05-26 08:28:55,四川,1793975767,雨后的天空3408,https://weibo.com/u/1793975767
5302410462629429,转发微博,2026-05-26 08:28:39,广东,5867656953,黄红绿5867656953,https://weibo.com/u/5867656953
5302410462629429,转发微博,2026-05-26 08:28:25,安徽,7549331032,甲子园的风,https://weibo.com/u/7549331032
5302410462629429,如何和孩子谈考个好大学,2026-05-26 08:27:49,湖南,1336762651,茉莉姐-Molly创业导师,https://weibo.com/u/1336762651
5302410462629429,转发微博,2026-05-26 08:27:27,内蒙古,3561920053,today123456789_76372,https://weibo.com/u/3561920053
5302410462629429,转发微博,2026-05-26 08:27:10,福建,1858948361,然诺趴趴走,https://weibo.com/u/1858948361
5302410462629429,转发微博,2026-05-26 08:27:07,浙江,2463108824,章小培的培,https://weibo.com/u/2463108824
5302410462629429,转发微博,2026-05-26 08:26:10,浙江,2746199015,莫非兜兜,https://weibo.com/u/2746199015
5302410462629429,转发微博,2026-05-26 08:25:51,广东,7961115736,高贵向日葵吹笛子,https://weibo.com/u/7961115736
5302410462629429,转发微博,2026-05-26 08:25:29,浙江,5650532995,童年de水墨画88,https://weibo.com/u/5650532995
5302410462629429,转发微博,2026-05-26 08:24:46,河南,3774681702,一直在追寻的远方,https://weibo.com/u/3774681702
5302410462629429,转发微博,2026-05-26 08:24:43,河南,7782766502,LOVE_bb_ss,https://weibo.com/u/7782766502
5302410462629429,考大学,2026-05-26 08:24:43,天津,5786265266,十九号心灵工作者,https://weibo.com/u/5786265266
5302410462629429,亲子教育,2026-05-26 08:24:41,江西,6288310288,我是gogo啊,https://weibo.com/u/6288310288
5302410462629429,转发微博,2026-05-26 08:24:31,广东,1690163064,包子From_Mars,https://weibo.com/u/1690163064
5302410462629429,转发微博,2026-05-26 08:24:23,北京,1886182080,风雅和轩,https://weibo.com/u/1886182080
5302410462629429,转发微博,2026-05-26 08:23:23,江西,6809381482,紫灵200410,https://weibo.com/u/6809381482
5302410462629429,转发微博,2026-05-26 08:23:21,河北,7486177709,莫听穿林打,https://weibo.com/u/7486177709
5302410462629429,转发微博,2026-05-26 08:23:19,广东,6153926149,用户6153926149,https://weibo.com/u/6153926149
5302410462629429,转发微博,2026-05-26 08:22:55,山东,7783863885,momo7783863885,https://weibo.com/u/7783863885
5302410462629429,转发微博,2026-05-26 08:22:36,山东,7708124632,淘了个桃2023,https://weibo.com/u/7708124632
5302410462629429,转发微博,2026-05-26 08:22:04,浙江,6210587544,用户6210587544,https://weibo.com/u/6210587544
5302410462629429,转发微博,2026-05-26 08:22:00,江苏,6166503720,小胖子1101,https://weibo.com/u/6166503720
5302410462629429,转发微博,2026-05-26 08:21:43,北京,7263974839,巴啦啦小魔仙_biubiu,https://weibo.com/u/7263974839
5302410462629429,转发微博,2026-05-26 08:20:11,安徽,2562365867,振振君子微笑吧,https://weibo.com/u/2562365867
5302410462629429,转发微博,2026-05-26 08:20:03,河南,6602788731,孤独的既往,https://weibo.com/u/6602788731
5302410462629429,转发微博,2026-05-26 08:19:57,浙江,6042174454,用户6042174454,https://weibo.com/u/6042174454
5302410462629429,转发微博,2026-05-26 08:18:58,河南,7429277276,张小燕_2024,https://weibo.com/u/7429277276
5302410462629429,转发微博,2026-05-26 08:18:55,安徽,2886233850,小玲珑fighting,https://weibo.com/u/2886233850
5302410462629429,转发微博,2026-05-26 08:18:43,北京,2233622601,兔子的冥想曲,https://weibo.com/u/2233622601
5302410462629429,转发微博,2026-05-26 08:18:32,广东,6324611696,汤汤yb,https://weibo.com/u/6324611696
5302410462629429,转发微博,2026-05-26 08:17:45,江苏,7368185858,学习资料免费领,https://weibo.com/u/7368185858
5302410462629429,转发微博,2026-05-26 08:17:40,山东,1795424064,纳兰兔兔V,https://weibo.com/u/1795424064
5302410462629429,转发微博,2026-05-26 08:17:39,河南,6628110252,luo-jin-jin,https://weibo.com/u/6628110252
5302410462629429,转发微博,2026-05-26 08:17:26,河北,6087414944,牛牛向前123,https://weibo.com/u/6087414944
5302410462629429,转发微博,2026-05-26 08:17:14,广东,1806196520,瑞雪julia,https://weibo.com/u/1806196520
5302410462629429,转发微博,2026-05-26 08:16:05,湖北,1662916805,喜young洋,https://weibo.com/u/1662916805
5302410462629429,转发微博,2026-05-26 08:15:46,山东,1795424064,纳兰兔兔V,https://weibo.com/u/1795424064
5302410462629429,转发微博,2026-05-26 08:15:39,广东,5650198351,茵粿,https://weibo.com/u/5650198351
5302410462629429,转发微博,2026-05-26 08:15:24,福建,3695517100,肖恩-心之所向,https://weibo.com/u/3695517100
5302410462629429,转发微博,2026-05-26 08:15:20,广东,5471089095,猫爱讲故事,https://weibo.com/u/5471089095
5302410462629429,转发微博,2026-05-26 08:14:57,海南,2642952411,布鞋_炽饭,https://weibo.com/u/2642952411
5302410462629429,转发微博,2026-05-26 08:14:55,湖北,7629335931,提拉米苏吸食器,https://weibo.com/u/7629335931
5302410462629429,转发微博,2026-05-26 08:14:50,山东,6436341061,用户6436341061,https://weibo.com/u/6436341061
5302410462629429,转发微博,2026-05-26 08:14:31,北京,7903869258,用户7903869258,https://weibo.com/u/7903869258
5302410462629429,转发微博,2026-05-26 08:14:12,广东,2304251132,luyun20110812,https://weibo.com/u/2304251132
5302410462629429,转发微博,2026-05-26 08:14:09,海南,2017270503,手机用户2017270503,https://weibo.com/u/2017270503
5302410462629429,转发微博,2026-05-26 08:13:23,广东,7671078753,用户7671078753,https://weibo.com/u/7671078753
5302410462629429,转发微博,2026-05-26 08:12:29,河南,2787988072,寂静之声313,https://weibo.com/u/2787988072
5302410462629429,转发微博,2026-05-26 08:12:11,山东,1345429747,菜菜的胡同四合院,https://weibo.com/u/1345429747
5302410462629429,转发微博,2026-05-26 08:12:00,河北,7216786582,密思乔,https://weibo.com/u/7216786582
5302410462629429,转发微博,2026-05-26 08:11:55,江苏,6079034387,杨鱼多,https://weibo.com/u/6079034387
5302410462629429,转发微博,2026-05-26 08:10:58,河北,1107454523,飓利慧能_助跑未来,https://weibo.com/u/1107454523
5302410462629429,转发微博,2026-05-26 08:10:57,天津,6468394198,球仔是个球仔啊,https://weibo.com/u/6468394198
5302410462629429,转发微博,2026-05-26 08:10:42,浙江,2128585014,lulu-露儿,https://weibo.com/u/2128585014
5302410462629429,转发微博,2026-05-26 08:10:14,陕西,5077434452,面包包可乐,https://weibo.com/u/5077434452
5302410462629429,转发微博,2026-05-26 08:10:02,澳大利亚,1154859201,伍酉品,https://weibo.com/u/1154859201
5302410462629429,转发微博,2026-05-26 08:09:11,广东,2142930220,Yonglin-lam,https://weibo.com/u/2142930220
5302410462629429,转发微博,2026-05-26 08:08:58,江苏,1800428275,srva,https://weibo.com/u/1800428275
5302410462629429,考大学,2026-05-26 08:07:32,福建,2118184764,小小笨小树,https://weibo.com/u/2118184764
5302410462629429,转发微博,2026-05-26 08:07:26,山东,5693218192,狼图腾ID,https://weibo.com/u/5693218192
5302410462629429,转发微博,2026-05-26 08:07:10,陕西,1907268263,三獸Anielin,https://weibo.com/u/1907268263
5302410462629429,转发微博,2026-05-26 08:07:08,广东,5263378497,寻找百倍,https://weibo.com/u/5263378497
5302410462629429,转发微博,2026-05-26 08:07:06,山东,3840872983,洋芋小姐ye,https://weibo.com/u/3840872983
5302410462629429,转发微博,2026-05-26 08:05:54,广西,2167028347,吉祥妈米菲母婴全球购,https://weibo.com/u/2167028347
5302410462629429,转发微博,2026-05-26 08:05:48,四川,7268142415,Ifrit你最美,https://weibo.com/u/7268142415
5302410462629429,Ray怡然自乐晶晶我的小宝贝好的工作环境也是一样的遇到和你势均力敌的同事大家每天都会干劲十足而能力差的人往往都爱推诿扯皮敷衍了事和这种人长期工作你只会觉得无力无奈再大的热情也会被磨灭Beckham7__好大学就是好的环境好的平台好的同学好的老师和选择权而,2026-05-26 08:05:47,浙江,1783128787,littlecutecatxueningbaihe,https://weibo.com/u/1783128787
5302410462629429,转发微博,2026-05-26 08:05:34,湖北,3098576733,修罗斯的船,https://weibo.com/u/3098576733
5302410462629429,转发微博,2026-05-26 08:04:48,江西,7466973545,徜徉朝阳,https://weibo.com/u/7466973545
5302410462629429,转发微博,2026-05-26 08:03:40,江苏,6088366571,猪猪爱猪猪201612,https://weibo.com/u/6088366571
5302410462629429,转发微博,2026-05-26 08:03:23,上海,2127631870,维尼的幸福需要小猪_666,https://weibo.com/u/2127631870
5302410462629429,转发微博,2026-05-26 08:02:59,湖北,6365294713,火龙果果果123123,https://weibo.com/u/6365294713
5302410462629429,转发微博,2026-05-26 08:02:56,北京,2794672414,丫丫martha,https://weibo.com/u/2794672414
5302410462629429,转发微博,2026-05-26 08:02:42,江苏,6166174056,妈宝C,https://weibo.com/u/6166174056
5302410462629429,转发微博,2026-05-26 08:02:15,广东,1594521165,不能承受之重1988,https://weibo.com/u/1594521165
5302410462629429,转发微博,2026-05-26 08:01:41,湖南,7825448685,用户7825448685,https://weibo.com/u/7825448685
5302410462629429,转发微博,2026-05-26 08:01:00,河南,2632837643,傻气2632837643,https://weibo.com/u/2632837643
5302410462629429,[心],2026-05-26 08:00:44,上海,2583989510,sasha1818,https://weibo.com/u/2583989510
5302410462629429,转发微博,2026-05-26 08:00:28,广西,6182653399,花儿还在盛开,https://weibo.com/u/6182653399
5302410462629429,转发微博,2026-05-26 08:00:14,山东,5243636813,小米苏苏MISUU,https://weibo.com/u/5243636813
5302410462629429,转发微博,2026-05-26 07:59:50,河南,3120307470,克茵蓝的蓝,https://weibo.com/u/3120307470
5302410462629429,转发微博,2026-05-26 07:58:46,河南,7502068032,枕边诗与猫,https://weibo.com/u/7502068032
5302410462629429,mark,2026-05-26 07:58:33,黑龙江,5462571941,Abbey要阳光_476,https://weibo.com/u/5462571941
5302410462629429,转发微博,2026-05-26 07:58:17,湖北,1665101357,空空乐空空,https://weibo.com/u/1665101357
5302410462629429,转发微博,2026-05-26 07:58:01,河北,2628517703,胡儿小颠儿,https://weibo.com/u/2628517703
5302410462629429,转发微博,2026-05-26 07:57:41,湖北,1820847654,W冰婉儿,https://weibo.com/u/1820847654
5302410462629429,转发微博,2026-05-26 07:57:40,河北,3962273453,七仔123456789,https://weibo.com/u/3962273453
5302410462629429,转发微博,2026-05-26 07:57:02,江苏,3082297677,LTTJY,https://weibo.com/u/3082297677
5302410462629429,转发微博,2026-05-26 07:56:42,山西,7238664908,用户7238664908,https://weibo.com/u/7238664908
5302410462629429,转发微博,2026-05-26 07:56:42,福建,1731020577,丁灵果树,https://weibo.com/u/1731020577
5302410462629429,转发微博,2026-05-26 07:56:32,安徽,5458211335,哈哈小揪揪,https://weibo.com/u/5458211335
5302410462629429,转发微博,2026-05-26 07:56:07,吉林,5609232202,憨憨的极,https://weibo.com/u/5609232202
5302410462629429,转发微博,2026-05-26 07:56:04,江苏,5810137237,琅琊菌,https://weibo.com/u/5810137237
5302410462629429,转发微博,2026-05-26 07:55:36,陕西,1143674263,抬头仰望是宇宙漂泊的羽毛,https://weibo.com/u/1143674263
5302410462629429,转发微博,2026-05-26 07:55:19,广东,5869819736,狒狒大角,https://weibo.com/u/5869819736
5302410462629429,转发微博,2026-05-26 07:54:47,湖北,5854534138,zhlnk,https://weibo.com/u/5854534138
5302410462629429,转发微博,2026-05-26 07:52:45,北京,5249153940,Seven_微笑,https://weibo.com/u/5249153940
5302410462629429,转发微博,2026-05-26 07:52:08,浙江,2018851940,香雪兰fhk,https://weibo.com/u/2018851940
5302410462629429,为什么要考好大学新闻也经常报道哪个宿舍全部保研哪个宿舍都出了哪些人才个人自身的努力固然重要但环境的力量不能低估因为你的气场也会受到影响和磁场好的精神状态饱满的人长时间呆在一起自然也会受到影响越发精神这也是古人常说的同声同气吧,2026-05-26 07:51:57,广东,1831835797,越来越好的yix,https://weibo.com/u/1831835797
5302410462629429,转发微博,2026-05-26 07:51:45,广东,1866376363,琳琳猪猪猪猪猪猪,https://weibo.com/u/1866376363
5302410462629429,转发微博,2026-05-26 07:51:16,山东,6229678935,世界末日因故推迟201705,https://weibo.com/u/6229678935
5302410462629429,转发微博,2026-05-26 07:51:01,北京,6350426297,用户6350426297,https://weibo.com/u/6350426297
5302410462629429,转发微博,2026-05-26 07:50:10,广东,2476849802,--感恩的小瞬间--,https://weibo.com/u/2476849802
5302410462629429,转发微博,2026-05-26 07:49:01,河北,5578384201,生活味道2015,https://weibo.com/u/5578384201
5302410462629429,转发微博,2026-05-26 07:48:54,广东,7868677028,用户7868677028,https://weibo.com/u/7868677028
5302410462629429,转发微博,2026-05-26 07:48:42,上海,5717215857,雪梨小猴子,https://weibo.com/u/5717215857
5302410462629429,转发微博,2026-05-26 07:48:40,江苏,6116868950,用户6116868950,https://weibo.com/u/6116868950
5302410462629429,Ray怡然自乐晶晶我的小宝贝好的工作环境也是一样的遇到和你势均力敌的同事大家每天都会干劲十足而能力差的人往往都爱推诿扯皮敷衍了事和这种人长期工作你只会觉得无力无奈再大的热情也会被磨灭Beckham7__好大学就是好的环境好的平台好的同学好的老师和选择权而,2026-05-26 07:48:29,四川,2378651957,小Q太可爱了,https://weibo.com/u/2378651957
5302410462629429,转发微博,2026-05-26 07:48:02,河南,7914468422,喜欢小博的温柔,https://weibo.com/u/7914468422
5302410462629429,转发微博,2026-05-26 07:47:00,海南,6370667298,陪着我的儿女们开心快乐每一天,https://weibo.com/u/6370667298
5302410462629429,转发微博,2026-05-26 07:46:30,重庆,7939043247,澄净的澄,https://weibo.com/u/7939043247
5302410462629429,转发微博,2026-05-26 07:45:16,陕西,3246467445,是菠菠萝小仙女呀,https://weibo.com/u/3246467445
5302410462629429,转发微博,2026-05-26 07:45:01,安徽,6618808240,lep1277170,https://weibo.com/u/6618808240
5302410462629429,转发微博,2026-05-26 07:44:48,山东,6100825446,耕墨-潔,https://weibo.com/u/6100825446
5302410462629429,转发微博,2026-05-26 07:44:31,四川,7384286973,用户7384286973,https://weibo.com/u/7384286973
5302410462629429,转发微博,2026-05-26 07:44:28,山东,6460732392,倾心顺心,https://weibo.com/u/6460732392
5302410462629429,圈层文化,2026-05-26 07:44:12,吉林,6067597875,用户6067597875,https://weibo.com/u/6067597875
5302410462629429,转发微博,2026-05-26 07:44:11,上海,1653477965,挪0挪,https://weibo.com/u/1653477965
5302410462629429,转发微博,2026-05-26 07:43:29,广东,1855234540,幻影筱牧,https://weibo.com/u/1855234540
5302410462629429,转发微博,2026-05-26 07:43:24,河南,6215999274,水的色彩123,https://weibo.com/u/6215999274
5302410462629429,转发微博,2026-05-26 07:42:24,河南,3456819424,总是可乐,https://weibo.com/u/3456819424
5302410462629429,Ray怡然自乐晶晶我的小宝贝好的工作环境也是一样的遇到和你势均力敌的同事大家每天都会干劲十足而能力差的人往往都爱推诿扯皮敷衍了事和这种人长期工作你只会觉得无力无奈再大的热情也会被磨灭Beckham7__好大学就是好的环境好的平台好的同学好的老师和选择权而,2026-05-26 07:42:15,广东,8374707030,用户8374707030,https://weibo.com/u/8374707030
5302410462629429,转发微博,2026-05-26 07:41:11,湖北,6147188495,漫飞捷hb,https://weibo.com/u/6147188495
5302410462629429,家庭教育学校教育的产物要脱离某些群体一层一层往上筛,2026-05-26 07:41:07,美国,5652426118,asywhr_whg,https://weibo.com/u/5652426118
5302410462629429,转发微博,2026-05-26 07:40:45,山东,1788598087,乌龟拖拖拖,https://weibo.com/u/1788598087
5302410462629429,转发微博,2026-05-26 07:40:46,广东,5764798360,AnnaDai_皮湘鄂30324,https://weibo.com/u/5764798360
5302410462629429,转发微博,2026-05-26 07:40:38,湖南,2027587263,靈兒Dream,https://weibo.com/u/2027587263
5302410462629429,转发微博,2026-05-26 07:40:32,山东,5419940370,可爱又迷人的反派角色Hao,https://weibo.com/u/5419940370
5302410462629429,转发微博,2026-05-26 07:40:20,美国,5652426118,asywhr_whg,https://weibo.com/u/5652426118
5302410462629429,转发微博,2026-05-26 07:39:44,山东,6306248196,迷糊生姜,https://weibo.com/u/6306248196
5302410462629429,转发微博,2026-05-26 07:38:51,辽宁,1702740633,Catherine_1993_,https://weibo.com/u/1702740633
5302410462629429,转发微博,2026-05-26 07:38:49,浙江,5160851541,一流年小站,https://weibo.com/u/5160851541
5302410462629429,转发微博,2026-05-26 07:38:28,浙江,5640161840,迷失的你-,https://weibo.com/u/5640161840
5302410462629429,转发微博,2026-05-26 07:38:24,广东,1298746505,缘份天定feng,https://weibo.com/u/1298746505
5302410462629429,转发微博,2026-05-26 07:37:54,内蒙古,5610220024,心水_日记,https://weibo.com/u/5610220024
5302410462629429,转发微博,2026-05-26 07:37:54,贵州,1726104350,树下有清风hshasha,https://weibo.com/u/1726104350
5302410462629429,转发微博,2026-05-26 07:37:25,山东,2447507401,一只幸福滴小鹿,https://weibo.com/u/2447507401
5302410462629429,转发微博,2026-05-26 07:36:34,天津,2652331335,丹丹织的小围脖,https://weibo.com/u/2652331335
5302410462629429,转发微博,2026-05-26 07:36:01,安徽,2049180800,飞飞爱地球,https://weibo.com/u/2049180800
5302410462629429,财班查欣志,2026-05-26 07:34:42,四川,5874049858,财主明利,https://weibo.com/u/5874049858
5302410462629429,转发微博,2026-05-26 07:33:41,河北,1256804740,霏小煦,https://weibo.com/u/1256804740
5302410462629429,转发微博,2026-05-26 07:33:27,广东,3904283139,vicky_young_yy,https://weibo.com/u/3904283139
5302410462629429,转发微博,2026-05-26 07:33:19,广东,7340318893,魔法师哈不加布酱,https://weibo.com/u/7340318893
5302410462629429,转发微博,2026-05-26 07:32:05,江苏,3941934619,宏霖baby,https://weibo.com/u/3941934619
5302410462629429,Repost,2026-05-26 07:32:03,山东,7912749128,用户7912749128,https://weibo.com/u/7912749128
5302410462629429,转发微博,2026-05-26 07:30:46,广东,1204233032,永远怀念ing,https://weibo.com/u/1204233032
5302410462629429,转发微博,2026-05-26 07:30:04,湖南,2467863484,星sher,https://weibo.com/u/2467863484
5302410462629429,转发微博,2026-05-26 07:29:28,河北,2707869980,小熊的梦乐园,https://weibo.com/u/2707869980
5302410462629429,转发微博,2026-05-26 07:29:21,江苏,6065800698,大倪牌可爱多,https://weibo.com/u/6065800698
5302410462629429,转发微博,2026-05-26 07:29:19,广东,7846298312,用户7846298312,https://weibo.com/u/7846298312
5302410462629429,转发微博,2026-05-26 07:28:50,北京,6490674088,爱吃香香鱼猫,https://weibo.com/u/6490674088
5302410462629429,Ray怡然自乐晶晶我的小宝贝好的工作环境也是一样的遇到和你势均力敌的同事大家每天都会干劲十足而能力差的人往往都爱推诿扯皮敷衍了事和这种人长期工作你只会觉得无力无奈再大的热情也会被磨灭Beckham7__好大学就是好的环境好的平台好的同学好的老师和选择权而,2026-05-26 07:28:43,北京,8349168533,是recelee啊,https://weibo.com/u/8349168533
5302410462629429,转发微博,2026-05-26 07:28:24,湖北,5652488525,打着伞的龙猫520,https://weibo.com/u/5652488525
5302410462629429,转发微博,2026-05-26 07:28:18,湖南,3504538562,李一为的微博,https://weibo.com/u/3504538562
5302410462629429,转发微博,2026-05-26 07:26:55,江苏,1052300282,行走江湖的Nicole,https://weibo.com/u/1052300282
5302410462629429,转发微博,2026-05-26 07:26:28,广东,6155377549,JM_MU,https://weibo.com/u/6155377549
5302410462629429,转发微博,2026-05-26 07:26:23,湖北,1867426544,知性蓝莓,https://weibo.com/u/1867426544
5302410462629429,转发微博,2026-05-26 07:26:01,四川,7938255390,用户7938255390,https://weibo.com/u/7938255390
5302410462629429,转发微博,2026-05-26 07:25:55,四川,5909984040,天天天蓝28861,https://weibo.com/u/5909984040
5302410462629429,转发微博,2026-05-26 07:25:31,江苏,2059953291,小笼包zllin,https://weibo.com/u/2059953291
5302410462629429,转发微博,2026-05-26 07:24:50,上海,2107794554,你说嘴巴哈哈笑么,https://weibo.com/u/2107794554
5302410462629429,Ray怡然自乐晶晶我的小宝贝好的工作环境也是一样的遇到和你势均力敌的同事大家每天都会干劲十足而能力差的人往往都爱推诿扯皮敷衍了事和这种人长期工作你只会觉得无力无奈再大的热情也会被磨灭Beckham7__好大学就是好的环境好的平台好的同学好的老师和选择权而,2026-05-26 07:24:46,河南,5786741746,卡玛688,https://weibo.com/u/5786741746
5302410462629429,转发微博,2026-05-26 07:24:47,上海,6476025395,Tinabi33,https://weibo.com/u/6476025395
5302410462629429,转发微博,2026-05-26 07:24:46,福建,3551376861,可有可无V5,https://weibo.com/u/3551376861
5302410462629429,转发微博,2026-05-26 07:24:31,广西,5834227375,Kkcalin,https://weibo.com/u/5834227375
5302410462629429,转发微博,2026-05-26 07:24:29,河南,2182646461,张燕红微博,https://weibo.com/u/2182646461
5302410462629429,转发微博,2026-05-26 07:24:27,四川,7394819562,用户7394819562,https://weibo.com/u/7394819562
5302410462629429,转发微博,2026-05-26 07:24:09,山东,6523367745,木子姑娘冲呀,https://weibo.com/u/6523367745
5302410462629429,[good],2026-05-26 07:23:46,浙江,1787380991,caicai2010围脖,https://weibo.com/u/1787380991
5302410462629429,转发微博,2026-05-26 07:23:31,陕西,6127951361,zhaojian5231314,https://weibo.com/u/6127951361
5302410462629429,转发微博,2026-05-26 07:23:15,天津,5307578911,海阔天津_430,https://weibo.com/u/5307578911
5302410462629429,转发微博,2026-05-26 07:22:53,江西,3938308612,风雨无阻行走1988,https://weibo.com/u/3938308612
5302410462629429,转发微博,2026-05-26 07:22:04,湖南,7765505254,用户7765505254,https://weibo.com/u/7765505254
5302410462629429,转发微博,2026-05-26 07:21:52,安徽,2362617674,榛子巧克力69,https://weibo.com/u/2362617674
5302410462629429,转发微博,2026-05-26 07:21:31,天津,1859548717,媛媚媚,https://weibo.com/u/1859548717
5302410462629429,转发微博,2026-05-26 07:21:20,甘肃,7518503383,用户7518503383,https://weibo.com/u/7518503383
5302410462629429,转发微博,2026-05-26 07:20:58,山东,1223022011,S滴一家,https://weibo.com/u/1223022011
5302410462629429,转发微博,2026-05-26 07:20:55,天津,6873154915,一帆风顺20210309,https://weibo.com/u/6873154915
5302410462629429,转发微博,2026-05-26 07:20:01,湖北,1914802690,学习-变化,https://weibo.com/u/1914802690
5302410462629429,转发微博,2026-05-26 07:19:31,安徽,1698638555,小安全感,https://weibo.com/u/1698638555
5302410462629429,转发微博,2026-05-26 07:19:07,上海,2431828502,圆子姐姐耶,https://weibo.com/u/2431828502
5302410462629429,转发微博,2026-05-26 07:17:22,浙江,6320254829,长路漫漫6320254829,https://weibo.com/u/6320254829
5302410462629429,转发微博,2026-05-26 07:17:12,北京,6822811767,妃哩哩不爱吃鱼,https://weibo.com/u/6822811767
5302410462629429,转发微博,2026-05-26 07:17:08,广东,2389641693,冰镇柠檬酸菜鱼,https://weibo.com/u/2389641693
5302410462629429,转发微博,2026-05-26 07:16:41,山东,5505593143,眼睛小哥哥,https://weibo.com/u/5505593143
5302410462629429,转发微博,2026-05-26 07:16:24,浙江,5247868129,长颈鹿和向日葵是好朋友,https://weibo.com/u/5247868129
5302410462629429,转发微博,2026-05-26 07:15:58,广西,6247134665,用户6247134665,https://weibo.com/u/6247134665
5302410462629429,转发微博,2026-05-26 07:15:41,江苏,5821544631,mMM离离原上草,https://weibo.com/u/5821544631
5302410462629429,转发微博,2026-05-26 07:15:22,浙江,7953391432,用户7953391432,https://weibo.com/u/7953391432
5302410462629429,转发微博,2026-05-26 07:15:06,江苏,7477298273,LucyLee520,https://weibo.com/u/7477298273
5302410462629429,转发微博,2026-05-26 07:14:27,上海,6711780476,滴答嘀嗒走天桥,https://weibo.com/u/6711780476
5302410462629429,转发微博,2026-05-26 07:14:25,山东,5890727704,明絮灵秋_6791,https://weibo.com/u/5890727704
5302410462629429,转发微博,2026-05-26 07:13:22,辽宁,5578986905,丁小受2015,https://weibo.com/u/5578986905
5302410462629429,转发微博,2026-05-26 07:13:13,辽宁,1652812492,粉胖萝卜,https://weibo.com/u/1652812492
5302410462629429,转发微博,2026-05-26 07:13:03,湖南,1212531997,H_funny小姐,https://weibo.com/u/1212531997
5302410462629429,转发微博,2026-05-26 07:12:27,陕西,6060655674,多宝美丽世界,https://weibo.com/u/6060655674
5302410462629429,转发微博,2026-05-26 07:12:19,贵州,1804498242,复知童鞋要努力奋斗了,https://weibo.com/u/1804498242
5302410462629429,转发微博,2026-05-26 07:11:02,陕西,5563615159,mini恒星,https://weibo.com/u/5563615159
5302410462629429,转发微博,2026-05-26 07:10:41,河南,5053471338,姝亦姝亦,https://weibo.com/u/5053471338
5302410462629429,转发微博,2026-05-26 07:09:54,河北,7278582102,用户7278582102,https://weibo.com/u/7278582102
5302410462629429,转发微博,2026-05-26 07:09:34,北京,5342912061,周志轩昂,https://weibo.com/u/5342912061
5302410462629429,转发微博,2026-05-26 07:09:34,广东,7366017299,美丽心情7717,https://weibo.com/u/7366017299
5302410462629429,转发微博,2026-05-26 07:09:32,安徽,6693987056,旺仔果港,https://weibo.com/u/6693987056
5302410462629429,转发微博,2026-05-26 07:09:27,辽宁,3026496154,非非想3026496154,https://weibo.com/u/3026496154
5302410462629429,转发微博,2026-05-26 07:09:00,山西,6021592233,闭口修禅中,https://weibo.com/u/6021592233
5302410462629429,转发微博,2026-05-26 07:07:47,山东,5868004930,香菜小葱拌面条,https://weibo.com/u/5868004930
5302410462629429,转发微博,2026-05-26 07:07:09,云南,3820860633,薄荷色夏天xy,https://weibo.com/u/3820860633
5302410462629429,Ray怡然自乐晶晶我的小宝贝好的工作环境也是一样的遇到和你势均力敌的同事大家每天都会干劲十足而能力差的人往往都爱推诿扯皮敷衍了事和这种人长期工作你只会觉得无力无奈再大的热情也会被磨灭Beckham7__好大学就是好的环境好的平台好的同学好的老师和选择权而,2026-05-26 07:06:58,广东,1889997390,天蓝蓝黛西,https://weibo.com/u/1889997390
5302410462629429,转发微博,2026-05-26 07:06:45,英国,3658465945,织迁,https://weibo.com/u/3658465945
5302410462629429,转发微博,2026-05-26 07:06:02,上海,1870493487,瞌睡虫小虫虫,https://weibo.com/u/1870493487
5302410462629429,转发微博,2026-05-26 07:05:16,黑龙江,5101186018,xlwbyonghu,https://weibo.com/u/5101186018
5302410462629429,转发微博,2026-05-26 07:05:06,天津,1954169441,触摸有你的一米阳光,https://weibo.com/u/1954169441
5302410462629429,转发微博,2026-05-26 07:04:53,河北,7015339949,用户7015339949,https://weibo.com/u/7015339949
5302410462629429,转发微博,2026-05-26 07:04:52,福建,8011482098,稳健的东篱先生,https://weibo.com/u/8011482098
5302410462629429,转发微博,2026-05-26 07:04:34,山西,2828421003,禅猫的修行,https://weibo.com/u/2828421003
5302410462629429,转发微博,2026-05-26 07:04:13,安徽,7751418518,用户7751418518,https://weibo.com/u/7751418518
5302410462629429,转发微博,2026-05-26 07:03:49,上海,2171223403,七彩小丸子哇咔咔,https://weibo.com/u/2171223403
5302410462629429,转发微博,2026-05-26 07:03:46,河北,7015339949,用户7015339949,https://weibo.com/u/7015339949
5302410462629429,转发微博,2026-05-26 07:03:28,广东,2321787727,Aisling0608,https://weibo.com/u/2321787727
5302410462629429,转发微博,2026-05-26 07:03:18,山东,5679396686,叽里呱啦你好啊,https://weibo.com/u/5679396686
5302410462629429,转发微博,2026-05-26 07:02:41,广东,1083886330,一个傻不拉叽的潞DL,https://weibo.com/u/1083886330
5302410462629429,转发微博,2026-05-26 07:02:32,广东,2097838875,莫沫1109,https://weibo.com/u/2097838875
5302410462629429,转发微博,2026-05-26 07:02:28,四川,3627323422,不想二呀,https://weibo.com/u/3627323422
5302410462629429,转发微博,2026-05-26 07:01:39,江苏,5211713074,小而高的山clover,https://weibo.com/u/5211713074
5302410462629429,转发微博,2026-05-26 07:01:33,浙江,6130671410,欧晓晓鸥,https://weibo.com/u/6130671410
5302410462629429,Ray怡然自乐晶晶我的小宝贝好的工作环境也是一样的遇到和你势均力敌的同事大家每天都会干劲十足而能力差的人往往都爱推诿扯皮敷衍了事和这种人长期工作你只会觉得无力无奈再大的热情也会被磨灭Beckham7__好大学就是好的环境好的平台好的同学好的老师和选择权而,2026-05-26 07:00:31,北京,1853452495,晚间茶壶,https://weibo.com/u/1853452495
5302410462629429,转发微博,2026-05-26 07:00:09,河南,7985071392,用户7985071392,https://weibo.com/u/7985071392
5302410462629429,转发微博,2026-05-26 06:59:52,河南,3892202395,花朝那一年,https://weibo.com/u/3892202395
5302410462629429,转发微博,2026-05-26 06:59:44,湖北,3087274061,pengpeng飞啦,https://weibo.com/u/3087274061
5302410462629429,转发微博,2026-05-26 06:59:14,广东,5269899507,sunny300627,https://weibo.com/u/5269899507
5302410462629429,转发微博,2026-05-26 06:59:07,湖南,6709632035,小红花大红豆,https://weibo.com/u/6709632035
5302410462629429,大学生活,2026-05-26 06:58:56,重庆,5737651649,elevencuiyan,https://weibo.com/u/5737651649
5302410462629429,转发微博,2026-05-26 06:58:33,河南,5701937879,用户5701937879,https://weibo.com/u/5701937879
5302410462629429,Ray怡然自乐晶晶我的小宝贝好的工作环境也是一样的遇到和你势均力敌的同事大家每天都会干劲十足而能力差的人往往都爱推诿扯皮敷衍了事和这种人长期工作你只会觉得无力无奈再大的热情也会被磨灭Beckham7__好大学就是好的环境好的平台好的同学好的老师和选择权而,2026-05-26 06:58:04,北京,5702967582,毛毛虫妈妈-2016,https://weibo.com/u/5702967582
5302410462629429,转发微博,2026-05-26 06:57:33,江苏,3871786437,keep_Leung,https://weibo.com/u/3871786437
5302410462629429,转发微博,2026-05-26 06:55:53,山东,2352363117,加入幸运门-会背唐诗的耗子,https://weibo.com/u/2352363117
5302410462629429,转发微博,2026-05-26 06:55:01,安徽,2646923191,小麦兜的家,https://weibo.com/u/2646923191
5302410462629429,转发微博,2026-05-26 06:54:51,广东,6489638852,用户6489638852,https://weibo.com/u/6489638852
5302410462629429,转发微博,2026-05-26 06:54:24,湖北,5415930658,凤凰花开一年又一年,https://weibo.com/u/5415930658
5302410462629429,转发微博,2026-05-26 06:54:01,山西,6287320991,墨茉无言,https://weibo.com/u/6287320991
5302410462629429,转发微博,2026-05-26 06:53:53,四川,1241384437,渊博的paradox005a,https://weibo.com/u/1241384437
5302410462629429,转发微博,2026-05-26 06:53:51,上海,1365237045,要瘦太难,https://weibo.com/u/1365237045
5302410462629429,转发微博,2026-05-26 06:52:44,江苏,2662688263,一颗豆苗的世界,https://weibo.com/u/2662688263
5302410462629429,转发微博,2026-05-26 06:52:04,四川,1730266965,燕子米米,https://weibo.com/u/1730266965
5302410462629429,转发微博,2026-05-26 06:51:15,河南,2778927655,花晨月夕那时,https://weibo.com/u/2778927655
5302410462629429,转发微博,2026-05-26 06:50:38,湖北,5401530065,空与月俱明,https://weibo.com/u/5401530065
5302410462629429,转发微博,2026-05-26 06:50:35,浙江,2849493522,TYWluckymin,https://weibo.com/u/2849493522
5302410462629429,转发微博,2026-05-26 06:50:31,宁夏,6084245710,用户6084245710,https://weibo.com/u/6084245710
5302410462629429,转发微博,2026-05-26 06:50:25,四川,3749909860,乐燕之,https://weibo.com/u/3749909860
5302410462629429,转发微博,2026-05-26 06:50:22,山东,6058527348,青吟巷梧桐,https://weibo.com/u/6058527348
5302410462629429,转发微博,2026-05-26 06:50:18,湖北,5264441196,王子小的成长日记,https://weibo.com/u/5264441196
5302410462629429,转发微博,2026-05-26 06:50:07,河南,7939459005,星星才不睡觉,https://weibo.com/u/7939459005
5302410462629429,转发微博,2026-05-26 06:49:23,江苏,6346057390,学霸可乐的妈咪575,https://weibo.com/u/6346057390
5302410462629429,转发微博,2026-05-26 06:47:52,山东,1796592387,浅謑颜,https://weibo.com/u/1796592387
5302410462629429,转发微博,2026-05-26 06:47:40,日本,2132055703,凌桀Lion,https://weibo.com/u/2132055703
5302410462629429,转发微博,2026-05-26 06:47:25,福建,7357919905,用户7357919905,https://weibo.com/u/7357919905
5302410462629429,转发微博,2026-05-26 06:47:23,山西,6991127804,用户6991127804,https://weibo.com/u/6991127804
5302410462629429,熹熹公主成长记,2026-05-26 06:47:08,北京,1806281387,goofy2956,https://weibo.com/u/1806281387
5302410462629429,转发微博,2026-05-26 06:46:54,广东,7819949859,恒言俐语,https://weibo.com/u/7819949859
5302410462629429,转发微博,2026-05-26 06:46:33,陕西,3950742537,刘珈宁999,https://weibo.com/u/3950742537
5302410462629429,转发微博,2026-05-26 06:46:20,天津,1093571155,BSUFD,https://weibo.com/u/1093571155
5302410462629429,转发微博,2026-05-26 06:46:10,江西,5979324297,小小屋女,https://weibo.com/u/5979324297
5302410462629429,转发微博,2026-05-26 06:45:24,辽宁,6063657279,用户6063657279,https://weibo.com/u/6063657279
5302410462629429,转发微博,2026-05-26 06:45:17,浙江,6188661641,用户6188661641,https://weibo.com/u/6188661641
5302410462629429,转发微博,2026-05-26 06:44:35,上海,3923996387,勤奋的小懒虫V,https://weibo.com/u/3923996387
5302410462629429,转发微博,2026-05-26 06:43:51,江苏,6638431363,一般不开口说话,https://weibo.com/u/6638431363
5302410462629429,转发微博,2026-05-26 06:43:28,湖北,1958653657,神婆豆豆,https://weibo.com/u/1958653657
5302410462629429,Ray怡然自乐晶晶我的小宝贝好的工作环境也是一样的遇到和你势均力敌的同事大家每天都会干劲十足而能力差的人往往都爱推诿扯皮敷衍了事和这种人长期工作你只会觉得无力无奈再大的热情也会被磨灭Beckham7__好大学就是好的环境好的平台好的同学好的老师和选择权而,2026-05-26 06:43:14,河南,6210678262,乐易_淼珩,https://weibo.com/u/6210678262
5302410462629429,转发微博,2026-05-26 06:42:45,上海,1317649322,可爱的花轮同学,https://weibo.com/u/1317649322
5302410462629429,转发微博,2026-05-26 06:42:39,辽宁,7281706349,用户7281706349,https://weibo.com/u/7281706349
5302410462629429,转发微博,2026-05-26 06:42:32,浙江,2005765257,satanuuur,https://weibo.com/u/2005765257
5302410462629429,转发微博,2026-05-26 06:42:14,福建,1984178523,鱼兔sima,https://weibo.com/u/1984178523
5302410462629429,转发微博,2026-05-26 06:41:46,辽宁,2402539347,DRIMI1017,https://weibo.com/u/2402539347
5302410462629429,转发微博,2026-05-26 06:41:44,广东,6252932390,用户6252932390,https://weibo.com/u/6252932390
5302410462629429,转发微博,2026-05-26 06:41:11,安徽,6122171546,用户6122171546,https://weibo.com/u/6122171546
5302410462629429,转发微博,2026-05-26 06:40:23,四川,6215973647,被社会摧残的老阿姨,https://weibo.com/u/6215973647
5302410462629429,转发微博,2026-05-26 06:40:08,安徽,1188678100,柠檬香_草,https://weibo.com/u/1188678100
5302410462629429,转发微博,2026-05-26 06:39:55,北京,1714819113,妍小丽,https://weibo.com/u/1714819113
5302410462629429,转发微博,2026-05-26 06:39:40,浙江,5669833219,小玉快快跑,https://weibo.com/u/5669833219
5302410462629429,转发微博,2026-05-26 06:38:56,山东,6765153227,响亮墨,https://weibo.com/u/6765153227
5302410462629429,转发微博,2026-05-26 06:38:02,山东,5757934255,伴你成长201511,https://weibo.com/u/5757934255
5302410462629429,转发微博,2026-05-26 06:38:01,山西,1560945165,Sweet程立雪,https://weibo.com/u/1560945165
5302410462629429,转发微博,2026-05-26 06:37:59,山东,6977505780,是园丁呀YES,https://weibo.com/u/6977505780
5302410462629429,转发微博,2026-05-26 06:37:46,河南,6185897722,用户6185897722,https://weibo.com/u/6185897722
5302410462629429,Ray怡然自乐晶晶我的小宝贝好的工作环境也是一样的遇到和你势均力敌的同事大家每天都会干劲十足而能力差的人往往都爱推诿扯皮敷衍了事和这种人长期工作你只会觉得无力无奈再大的热情也会被磨灭Beckham7__好大学就是好的环境好的平台好的同学好的老师和选择权而,2026-05-26 06:37:38,上海,7894827111,开朗垂耳兔刷短片,https://weibo.com/u/7894827111
5302410462629429,Ray怡然自乐晶晶我的小宝贝好的工作环境也是一样的遇到和你势均力敌的同事大家每天都会干劲十足而能力差的人往往都爱推诿扯皮敷衍了事和这种人长期工作你只会觉得无力无奈再大的热情也会被磨灭Beckham7__好大学就是好的环境好的平台好的同学好的老师和选择权而,2026-05-26 06:37:29,浙江,1864156170,Pam橙纸,https://weibo.com/u/1864156170
5302410462629429,转发微博,2026-05-26 06:36:52,江苏,1755361871,乐颖-玲,https://weibo.com/u/1755361871
5302410462629429,转发微博,2026-05-26 06:36:42,浙江,5283641430,城南以南21,https://weibo.com/u/5283641430
5302410462629429,转发微博,2026-05-26 06:35:07,浙江,3931182846,随风sufen,https://weibo.com/u/3931182846
5302410462629429,转发微博,2026-05-26 06:34:56,福建,1036237011,啊哦呃i无语,https://weibo.com/u/1036237011
5302410462629429,转发微博,2026-05-26 06:34:40,吉林,3244401051,努力doooooooo,https://weibo.com/u/3244401051
5302410462629429,Ray怡然自乐晶晶我的小宝贝好的工作环境也是一样的遇到和你势均力敌的同事大家每天都会干劲十足而能力差的人往往都爱推诿扯皮敷衍了事和这种人长期工作你只会觉得无力无奈再大的热情也会被磨灭Beckham7__好大学就是好的环境好的平台好的同学好的老师和选择权而,2026-05-26 06:34:40,江苏,5999741466,牵着小蜗牛-w,https://weibo.com/u/5999741466
5302410462629429,转发微博,2026-05-26 06:34:07,重庆,1799077011,韵子23,https://weibo.com/u/1799077011
5302410462629429,转发微博,2026-05-26 06:33:14,河北,5933690542,松子爱打滚,https://weibo.com/u/5933690542
5302410462629429,转发微博,2026-05-26 06:32:39,江苏,7863992474,一只小松徐0818,https://weibo.com/u/7863992474
5302410462629429,转发微博,2026-05-26 06:31:56,山西,1877566495,牧牛儿童,https://weibo.com/u/1877566495
5302410462629429,转发微博,2026-05-26 06:31:54,安徽,7886703996,奶油桃兔儿,https://weibo.com/u/7886703996
5302410462629429,转发微博,2026-05-26 06:31:33,吉林,3212795330,悦雯是个大乖宝,https://weibo.com/u/3212795330
5302410462629429,转发微博,2026-05-26 06:31:21,内蒙古,1670152253,树叶歪歪,https://weibo.com/u/1670152253
5302410462629429,Repost,2026-05-26 06:31:05,日本,6225581255,我是小书童mini,https://weibo.com/u/6225581255
5302410462629429,转发微博,2026-05-26 06:30:52,山东,5318319870,薄荷柠檬2015,https://weibo.com/u/5318319870
5302410462629429,转发微博,2026-05-26 06:30:48,广东,1221894055,兔牙熊,https://weibo.com/u/1221894055
5302410462629429,转发微博,2026-05-26 06:30:31,湖北,2726903745,金豆豆爆爆,https://weibo.com/u/2726903745
5302410462629429,转发微博,2026-05-26 06:29:46,安徽,1674315990,loveflying_超,https://weibo.com/u/1674315990
5302410462629429,转发微博,2026-05-26 06:28:34,吉林,1859299370,微笑力道,https://weibo.com/u/1859299370
5302410462629429,转发微博,2026-05-26 06:27:21,河南,6622069954,只爱玩具卡921,https://weibo.com/u/6622069954
5302410462629429,转发微博,2026-05-26 06:27:21,河南,2448957712,火星瞭望站,https://weibo.com/u/2448957712
5302410462629429,转发微博,2026-05-26 06:26:08,陕西,2674491065,A夏0804,https://weibo.com/u/2674491065
5302410462629429,转发微博,2026-05-26 06:24:31,陕西,2928172244,墨宝yy,https://weibo.com/u/2928172244
5302410462629429,转发微博,2026-05-26 06:24:20,浙江,7320439618,轩萧613613,https://weibo.com/u/7320439618
5302410462629429,转发微博,2026-05-26 06:23:21,河北,5841897987,达西夫人的猫,https://weibo.com/u/5841897987
5302410462629429,转发微博,2026-05-26 06:22:50,黑龙江,2742209077,手机用户2742209077,https://weibo.com/u/2742209077
5302410462629429,转发微博,2026-05-26 06:22:30,云南,5604293194,怒放的豆芽G,https://weibo.com/u/5604293194
5302410462629429,转发微博,2026-05-26 06:21:59,广东,3245953195,幸福无极限112,https://weibo.com/u/3245953195
5302410462629429,转发微博,2026-05-26 06:21:59,河北,4012757456,用户_4012757456,https://weibo.com/u/4012757456
5302410462629429,转发微博,2026-05-26 06:21:35,山东,7724394993,用户7724394993,https://weibo.com/u/7724394993
5302410462629429,转发微博,2026-05-26 06:20:56,河南,7209472223,用户7209472223,https://weibo.com/u/7209472223
5302410462629429,好的大学决定你以后的工作环境Ray怡然自乐晶晶我的小宝贝好的工作环境也是一样的遇到和你势均力敌的同事大家每天都会干劲十足而能力差的人往往都爱推诿扯皮敷衍了事和这种人长期工作你只会觉得无力无奈再大的热情也会被磨灭Beckham7__好大学就是好的环境好的平台好的,2026-05-26 06:20:56,江苏,2830652303,画画的橡皮,https://weibo.com/u/2830652303
5302410462629429,转发微博,2026-05-26 06:20:50,广东,7144385070,用户7144385070,https://weibo.com/u/7144385070
5302410462629429,转发微博,2026-05-26 06:19:51,山东,2974218107,张小猫tina,https://weibo.com/u/2974218107
5302410462629429,转发微博,2026-05-26 06:19:37,湖南,5096892987,小十六2013,https://weibo.com/u/5096892987
5302410462629429,转发微博,2026-05-26 06:18:59,广东,2140034480,微笑向暖安之若素jay,https://weibo.com/u/2140034480
5302410462629429,转发微博,2026-05-26 06:18:56,四川,5901325040,弓流惠716,https://weibo.com/u/5901325040
5302410462629429,转发微博,2026-05-26 06:18:32,吉林,1795317155,HJ-K-,https://weibo.com/u/1795317155
5302410462629429,转发微博,2026-05-26 06:18:29,福建,2319699647,小番茄酱萌萌哒,https://weibo.com/u/2319699647
5302410462629429,转发微博,2026-05-26 06:17:55,内蒙古,2783212505,文wen殿下,https://weibo.com/u/2783212505
5302410462629429,转发微博,2026-05-26 06:17:52,山东,6794782741,李六六0713,https://weibo.com/u/6794782741
5302410462629429,转发微博,2026-05-26 06:17:39,河南,7988632759,在博物馆打游戏的雪莲,https://weibo.com/u/7988632759
5302410462629429,Ray怡然自乐晶晶我的小宝贝好的工作环境也是一样的遇到和你势均力敌的同事大家每天都会干劲十足而能力差的人往往都爱推诿扯皮敷衍了事和这种人长期工作你只会觉得无力无奈再大的热情也会被磨灭Beckham7__好大学就是好的环境好的平台好的同学好的老师和选择权而,2026-05-26 06:17:15,江苏,1130017293,xixigz86,https://weibo.com/u/1130017293
5302410462629429,转发微博,2026-05-26 06:17:03,浙江,1635901382,天天天天天天晓得,https://weibo.com/u/1635901382
5302410462629429,转发微博,2026-05-26 06:16:10,上海,1891913152,QIN-zzmm,https://weibo.com/u/1891913152
5302410462629429,转发微博,2026-05-26 06:15:48,吉林,1795317155,HJ-K-,https://weibo.com/u/1795317155
5302410462629429,转发微博,2026-05-26 06:15:19,江苏,5488454878,卖杯子的小裁缝,https://weibo.com/u/5488454878
5302410462629429,转发微博,2026-05-26 06:14:59,北京,6208428415,金融传记,https://weibo.com/u/6208428415
5302410462629429,转发微博,2026-05-26 06:14:30,广西,5874740110,三角州5874740110,https://weibo.com/u/5874740110
5302410462629429,转发微博,2026-05-26 06:14:25,江西,1804190650,wazgwazg1001,https://weibo.com/u/1804190650
5302410462629429,转发微博,2026-05-26 06:13:44,浙江,1796276047,云笺y,https://weibo.com/u/1796276047
5302410462629429,转发微博,2026-05-26 06:13:05,福建,5810644418,用户5810644418,https://weibo.com/u/5810644418
5302410462629429,转发微博,2026-05-26 06:12:14,安徽,3288848203,安倾染,https://weibo.com/u/3288848203
5302410462629429,转发微博,2026-05-26 06:11:38,山西,3168407442,小芒果欢欢,https://weibo.com/u/3168407442
5302410462629429,转发微博,2026-05-26 06:10:26,辽宁,6489772040,GeorgeZhou528,https://weibo.com/u/6489772040
5302410462629429,转发微博,2026-05-26 06:09:03,北京,2301592757,定制更好的自己,https://weibo.com/u/2301592757
5302410462629429,转发微博,2026-05-26 06:08:09,福建,1791323051,Gideal,https://weibo.com/u/1791323051
5302410462629429,转发微博,2026-05-26 06:07:39,吉林,5384761163,Zeta素颜,https://weibo.com/u/5384761163
5302410462629429,转发微博,2026-05-26 06:07:11,江苏,6005830191,刘梦菁910817,https://weibo.com/u/6005830191
5302410462629429,转发微博,2026-05-26 06:06:40,山东,5674900242,川妹子在济南,https://weibo.com/u/5674900242
5302410462629429,转发微博,2026-05-26 06:06:03,安徽,2321982513,紫藤xuan辕,https://weibo.com/u/2321982513
5302410462629429,[good],2026-05-26 06:05:55,北京,5404052123,曦月vivi,https://weibo.com/u/5404052123
5302410462629429,转发微博,2026-05-26 06:03:16,河南,2628711941,spider糖,https://weibo.com/u/2628711941
5302410462629429,转发微博,2026-05-26 06:03:09,江苏,6969887916,Gorbur,https://weibo.com/u/6969887916
5302410462629429,转发微博,2026-05-26 06:02:50,山东,1774605322,香水女巫,https://weibo.com/u/1774605322
5302410462629429,转发微博,2026-05-26 06:02:36,天津,1995692121,可乐kelewl,https://weibo.com/u/1995692121
5302410462629429,转发微博,2026-05-26 06:02:27,江苏,7874903018,艾米粒-1987,https://weibo.com/u/7874903018
5302410462629429,儿子自己,2026-05-26 06:01:57,湖北,7679755640,烬如霜55,https://weibo.com/u/7679755640
5302410462629429,转发微博,2026-05-26 06:01:45,山东,7964908542,良言良品良人,https://weibo.com/u/7964908542
5302410462629429,转发微博,2026-05-26 06:01:19,北京,2399599757,SCH-平安喜乐,https://weibo.com/u/2399599757
5302410462629429,转发微博,2026-05-26 06:01:12,浙江,6245402035,用户6245402035,https://weibo.com/u/6245402035
5302410462629429,Repost,2026-05-26 06:00:39,美国,3263622362,向着阳光生长的大草,https://weibo.com/u/3263622362
5302410462629429,转发微博,2026-05-26 05:59:31,福建,2585892427,郭爱香666,https://weibo.com/u/2585892427
5302410462629429,转发微博,2026-05-26 05:59:09,广东,6464787418,心有灵犀0617,https://weibo.com/u/6464787418
5302410462629429,转发微博,2026-05-26 05:58:15,浙江,2423921383,驱肝火进大海,https://weibo.com/u/2423921383
5302410462629429,转发微博,2026-05-26 05:57:16,山东,3856672878,用户9dfs1gcis7,https://weibo.com/u/3856672878
5302410462629429,转发微博,2026-05-26 05:56:31,英国,3171992644,r1996r6991r,https://weibo.com/u/3171992644
5302410462629429,转发微博,2026-05-26 05:54:17,河南,7852418853,时光它知道123,https://weibo.com/u/7852418853
5302410462629429,转发微博,2026-05-26 05:53:45,湖南,2671690011,tinkly君君,https://weibo.com/u/2671690011
5302410462629429,转发微博,2026-05-26 05:53:31,浙江,2296335541,千里千寻的小屋,https://weibo.com/u/2296335541
5302410462629429,转发微博,2026-05-26 05:51:37,福建,6582956302,海边的那片蓝色,https://weibo.com/u/6582956302
5302410462629429,转发微博,2026-05-26 05:51:11,山东,5088359103,艾谧7,https://weibo.com/u/5088359103
5302410462629429,转发微博,2026-05-26 05:49:16,山西,6273506303,爱折腾的猫叔的标志不只是脸大,https://weibo.com/u/6273506303
5302410462629429,转发微博,2026-05-26 05:47:40,安徽,2190955430,三号小秋,https://weibo.com/u/2190955430
5302410462629429,转发微博,2026-05-26 05:45:48,广东,5599517661,开心还是快乐呀,https://weibo.com/u/5599517661
5302410462629429,是这些的,2026-05-26 05:43:29,内蒙古,3892168991,Gjkvdsfjnbd,https://weibo.com/u/3892168991
5302410462629429,转发微博,2026-05-26 05:43:02,上海,2668649663,Hemy妈妈,https://weibo.com/u/2668649663
5302410462629429,转发微博,2026-05-26 05:42:16,广东,7342931214,arpor19,https://weibo.com/u/7342931214
5302410462629429,Ray怡然自乐晶晶我的小宝贝好的工作环境也是一样的遇到和你势均力敌的同事大家每天都会干劲十足而能力差的人往往都爱推诿扯皮敷衍了事和这种人长期工作你只会觉得无力无奈再大的热情也会被磨灭Beckham7__好大学就是好的环境好的平台好的同学好的老师和选择权而,2026-05-26 05:41:46,山东,5880136518,暖白宝宝,https://weibo.com/u/5880136518
5302410462629429,转发微博,2026-05-26 05:38:36,山东,5395961430,山谷里的小花儿,https://weibo.com/u/5395961430
5302410462629429,转发微博,2026-05-26 05:38:22,湖北,1829742254,隋媛2685,https://weibo.com/u/1829742254
5302410462629429,转发微博,2026-05-26 05:34:40,广东,7580025500,红蓝音符-1,https://weibo.com/u/7580025500
5302410462629429,转发微博,2026-05-26 05:33:14,山东,2618405981,倪梓艾,https://weibo.com/u/2618405981
5302410462629429,转发微博,2026-05-26 05:32:45,湖北,2409216603,Tina1418,https://weibo.com/u/2409216603
5302410462629429,转发微博,2026-05-26 05:31:37,湖北,3758694837,轻松羊羊45,https://weibo.com/u/3758694837
5302410462629429,转发微博,2026-05-26 05:30:12,山东,7732179540,木木酱828,https://weibo.com/u/7732179540
5302410462629429,转发微博,2026-05-26 05:29:11,江苏,5054382422,我会变得更好91,https://weibo.com/u/5054382422
5302410462629429,转发微博,2026-05-26 05:28:16,江苏,6410733452,梦里水乡爱运动18,https://weibo.com/u/6410733452
5302410462629429,转发微博,2026-05-26 05:25:45,四川,1659904531,binianbiyue,https://weibo.com/u/1659904531
5302410462629429,转发微博,2026-05-26 05:23:58,云南,1687182767,Fashin,https://weibo.com/u/1687182767
5302410462629429,转发微博,2026-05-26 05:08:50,湖南,5850245978,爱尚199207,https://weibo.com/u/5850245978
5302410462629429,转发微博,2026-05-26 05:05:59,河北,3289370195,王一钧_12367平瘸糙燎,https://weibo.com/u/3289370195
5302410462629429,转发微博,2026-05-26 05:04:16,上海,5544774678,橘子香水18008,https://weibo.com/u/5544774678
5302410462629429,转发微博,2026-05-26 05:00:19,广东,6325413856,未知未觉3634,https://weibo.com/u/6325413856
5302410462629429,轉發微博,2026-05-26 04:58:04,河北,5106739273,昕控董晓兔,https://weibo.com/u/5106739273
5302410462629429,转发微博,2026-05-26 04:54:54,福建,5672812812,axlwp1974,https://weibo.com/u/5672812812
5302410462629429,转发微博,2026-05-26 04:53:04,江西,6838572920,娜样自然美丽,https://weibo.com/u/6838572920
5302410462629429,转发微博,2026-05-26 04:46:17,上海,2095121395,纠结的果冻小布丁,https://weibo.com/u/2095121395
5302410462629429,转发微博,2026-05-26 04:39:19,江苏,1876256584,小弥尔酱,https://weibo.com/u/1876256584
5302410462629429,转发微博,2026-05-26 04:38:59,福建,2673027853,痞子蔡小蔡,https://weibo.com/u/2673027853
5302410462629429,转发微博,2026-05-26 04:29:09,广东,7799951886,桃花涧中桃花树下桃花扇,https://weibo.com/u/7799951886
5302410462629429,转发微博,2026-05-26 04:26:23,辽宁,6471119966,渊博的朵儿6471119966,https://weibo.com/u/6471119966
5302410462629429,转发微博,2026-05-26 04:22:58,湖北,6990001260,黑魔仙公主princess,https://weibo.com/u/6990001260
5302410462629429,转发微博,2026-05-26 04:22:52,河南,5826236325,用户5826236325,https://weibo.com/u/5826236325
5302410462629429,转发微博,2026-05-26 04:17:02,江苏,2659060903,明月圆了,https://weibo.com/u/2659060903
5302410462629429,转发微博,2026-05-26 04:11:18,河北,7749242691,永远快乐吖1,https://weibo.com/u/7749242691
5302410462629429,转发微博,2026-05-26 04:08:44,江苏,6026679692,honey小玉-55,https://weibo.com/u/6026679692
5302410462629429,转发微博,2026-05-26 03:49:49,广东,1936099061,活力慢一拍,https://weibo.com/u/1936099061
5302410462629429,转发微博,2026-05-26 03:49:35,甘肃,6183392762,小肉团蛋蛋,https://weibo.com/u/6183392762
5302410462629429,转发微博,2026-05-26 03:48:05,江苏,3884638705,小青年libra,https://weibo.com/u/3884638705
5302410462629429,转发微博,2026-05-26 03:39:44,福建,1746848807,砂米,https://weibo.com/u/1746848807
5302410462629429,转发微博,2026-05-26 03:27:48,河南,6178677885,文艺范羿晨,https://weibo.com/u/6178677885
5302410462629429,[赞][赞][赞],2026-05-26 03:16:38,上海,7076015946,高雅_艺术,https://weibo.com/u/7076015946
5302410462629429,转发微博,2026-05-26 03:13:18,广东,2646887571,悠悠如是123,https://weibo.com/u/2646887571
5302410462629429,胡江波在北京只是一方面但是是很重要的一方面,2026-05-26 03:07:51,山东,6314604745,这是你达令,https://weibo.com/u/6314604745
5302410462629429,转发微博,2026-05-26 02:58:33,河北,7904013705,用户7904013705,https://weibo.com/u/7904013705
5302410462629429,转发微博,2026-05-26 02:46:41,浙江,1851056190,安妮梧桐细雨,https://weibo.com/u/1851056190
5302410462629429,给孩子看动力有了,2026-05-26 02:45:48,河北,1507733294,木偶舞,https://weibo.com/u/1507733294
5302410462629429,转发微博,2026-05-26 02:39:04,山东,5865906543,韩和章,https://weibo.com/u/5865906543
5302410462629429,转发微博,2026-05-26 02:33:24,广东,7933229634,用户7933229634,https://weibo.com/u/7933229634
5302410462629429,转发微博,2026-05-26 02:31:51,四川,7633093122,尊可乐,https://weibo.com/u/7633093122
5302410462629429,转发微博,2026-05-26 02:29:40,浙江,2169705853,VickyXHX,https://weibo.com/u/2169705853
5302410462629429,转发微博,2026-05-26 02:26:43,河南,6936976573,烈火火916,https://weibo.com/u/6936976573
5302410462629429,转发微博,2026-05-26 02:24:32,山西,4067190099,莫道君行早Y,https://weibo.com/u/4067190099
5302410462629429,转发微博,2026-05-26 02:19:41,湖南,5542443160,陈总-添添开心,https://weibo.com/u/5542443160
5302410462629429,转发微博,2026-05-26 02:12:05,四川,7007288730,全糖芝士球,https://weibo.com/u/7007288730
5302410462629429,转发微博,2026-05-26 02:07:24,江苏,2508091233,吾里肆月,https://weibo.com/u/2508091233
5302410462629429,转发微博,2026-05-26 02:05:55,湖北,5523490866,资深抹茶芝士控,https://weibo.com/u/5523490866
5302410462629429,转发微博,2026-05-26 02:04:50,浙江,6173565548,用户6173565548,https://weibo.com/u/6173565548
5302410462629429,转发微博,2026-05-26 02:04:43,广东,1673979621,大小么,https://weibo.com/u/1673979621
5302410462629429,转发微博,2026-05-26 02:01:59,浙江,5470274163,失落音乐河,https://weibo.com/u/5470274163
5302410462629429,转发微博,2026-05-26 01:59:11,山东,1853084055,冷暖自知之丫头,https://weibo.com/u/1853084055
5302410462629429,转发微博,2026-05-26 01:58:50,江苏,9040532486,xhd啊,https://weibo.com/u/9040532486
5302410462629429,转发微博,2026-05-26 01:57:30,吉林,1919237935,C幸福的开始L,https://weibo.com/u/1919237935
5302410462629429,转发微博,2026-05-26 01:56:02,湖南,5576594674,yama_海瑞,https://weibo.com/u/5576594674
5302410462629429,转发微博,2026-05-26 01:51:29,辽宁,1446275070,Evelyn_Hon北木冰,https://weibo.com/u/1446275070
5302410462629429,转发微博,2026-05-26 01:44:59,吉林,5850409284,红包88200612,https://weibo.com/u/5850409284
5302410462629429,转发微博,2026-05-26 01:39:54,四川,1651270290,yuanquan,https://weibo.com/u/1651270290
5302410462629429,转发微博,2026-05-26 01:37:43,山东,2106088882,桃桃U,https://weibo.com/u/2106088882
5302410462629429,转发微博,2026-05-26 01:30:11,四川,1807806392,PearlR7,https://weibo.com/u/1807806392
5302410462629429,转发微博,2026-05-26 01:29:04,上海,7823943043,雅琪的小迷妹,https://weibo.com/u/7823943043
5302410462629429,转发微博,2026-05-26 01:27:40,广东,7265074519,用户7265074519,https://weibo.com/u/7265074519
5302410462629429,转发微博,2026-05-26 01:25:20,江苏,2295833012,90后王蒙蒙的围脖,https://weibo.com/u/2295833012
5302410462629429,转发微博,2026-05-26 01:22:29,福建,2080127395,水瓶女-华华,https://weibo.com/u/2080127395
5302410462629429,转发微博,2026-05-26 01:18:49,陕西,5542218613,没有蜡笔的small,https://weibo.com/u/5542218613
5302410462629429,转发微博,2026-05-26 01:17:28,广东,7339023917,平常心7339023917,https://weibo.com/u/7339023917
5302410462629429,转发微博,2026-05-26 01:16:17,辽宁,7918950292,用户9856823211407,https://weibo.com/u/7918950292
5302410462629429,转发微博,2026-05-26 01:15:35,山西,5454417390,随乐莞尔儿,https://weibo.com/u/5454417390
5302410462629429,转发微博,2026-05-26 01:10:29,重庆,8263203160,用户8263203160,https://weibo.com/u/8263203160
5302410462629429,转发微博,2026-05-26 01:09:33,海南,1973862745,飞来飞去的马甲1,https://weibo.com/u/1973862745
5302410462629429,转发微博,2026-05-26 01:08:08,江苏,5188337909,用户5188337909,https://weibo.com/u/5188337909
5302410462629429,转发微博,2026-05-26 01:07:08,上海,6686821288,小小信688,https://weibo.com/u/6686821288
5302410462629429,转发微博,2026-05-26 01:06:22,天津,6495251773,和光同尘大悔大悟,https://weibo.com/u/6495251773
5302410462629429,转发微博,2026-05-26 01:05:12,福建,7960450146,用户7960450146,https://weibo.com/u/7960450146
5302410462629429,转发微博,2026-05-26 01:01:01,广西,2098676667,巧克力萤火虫,https://weibo.com/u/2098676667
5302410462629429,转发微博,2026-05-26 00:59:26,广东,3454312402,乐橙可乐加冰,https://weibo.com/u/3454312402
5302410462629429,转发微博,2026-05-26 00:58:55,河南,1035678584,维多利亚Lwy,https://weibo.com/u/1035678584
5302410462629429,转发微博,2026-05-26 00:58:17,上海,3706135552,不加冰块cc,https://weibo.com/u/3706135552
5302410462629429,转发微博,2026-05-26 00:53:20,广东,7168370636,用户7168370636,https://weibo.com/u/7168370636
5302410462629429,晶晶我的小宝贝好的工作环境也是一样的遇到和你势均力敌的同事大家每天都会干劲十足而能力差的人往往都爱推诿扯皮敷衍了事和这种人长期工作你只会觉得无力无奈再大的热情也会被磨灭Beckham7__好大学就是好的环境好的平台好的同学好的老师和选择权而不是沉入大海被,2026-05-26 00:44:18,辽宁,7541577416,楠蓢葵,https://weibo.com/u/7541577416
5302410462629429,月半个乌托邦拍大腿了这就是我为什么离婚也要买学区房的原因当时和老公争辩的时候没有更好的话语表达出来普通人要想打破维度太难了只有自己努力向上与比自己优秀的人一起才能变的更强更好啊,2026-05-26 00:41:36,辽宁,7541577416,楠蓢葵,https://weibo.com/u/7541577416
5302410462629429,学习,2026-05-26 00:41:24,辽宁,7541577416,楠蓢葵,https://weibo.com/u/7541577416
5302410462629429,转发微博,2026-05-26 00:40:56,浙江,1575234782,大德林的理想现实记,https://weibo.com/u/1575234782
5302410462629429,转发微博,2026-05-26 00:40:37,湖北,6228880221,水果superman166,https://weibo.com/u/6228880221
5302410462629429,转发微博,2026-05-26 00:39:23,北京,6856586462,娜一阳光,https://weibo.com/u/6856586462
5302410462629429,转发微博,2026-05-26 00:38:42,上海,6370292599,用户6370292599,https://weibo.com/u/6370292599
5302410462629429,转发微博,2026-05-26 00:38:41,四川,1680268267,代皮老师,https://weibo.com/u/1680268267
5302410462629429,转发微博,2026-05-26 00:37:42,广东,6962507019,初夏199222,https://weibo.com/u/6962507019
5302410462629429,转发微博,2026-05-26 00:36:44,河南,5706159527,遇见明媚candy,https://weibo.com/u/5706159527
5302410462629429,转发微博,2026-05-26 00:36:30,河南,6169172229,好微安,https://weibo.com/u/6169172229
5302410462629429,转发微博,2026-05-26 00:35:43,广东,2022508243,董成成-grace,https://weibo.com/u/2022508243
5302410462629429,转发微博,2026-05-26 00:35:28,湖南,1855218685,天天有花朵,https://weibo.com/u/1855218685
5302410462629429,转发微博,2026-05-26 00:33:47,湖北,5270491067,田爱兰花,https://weibo.com/u/5270491067
5302410462629429,转发微博,2026-05-26 00:33:19,上海,5625919616,妮可达_J,https://weibo.com/u/5625919616
5302410462629429,转发微博,2026-05-26 00:32:39,山东,6626869855,题西林壁古来风,https://weibo.com/u/6626869855
5302410462629429,转发微博,2026-05-26 00:32:32,贵州,6008940792,曼曼052,https://weibo.com/u/6008940792
5302410462629429,转发微博,2026-05-26 00:32:12,福建,6961569468,真真_要努力,https://weibo.com/u/6961569468
5302410462629429,转发微博,2026-05-26 00:31:33,北京,1752456221,十指合,https://weibo.com/u/1752456221
5302410462629429,Ray怡然自乐晶晶我的小宝贝好的工作环境也是一样的遇到和你势均力敌的同事大家每天都会干劲十足而能力差的人往往都爱推诿扯皮敷衍了事和这种人长期工作你只会觉得无力无奈再大的热情也会被磨灭Beckham7__好大学就是好的环境好的平台好的同学好的老师和选择权而,2026-05-26 00:31:12,江苏,1194865420,橙的WAKA,https://weibo.com/u/1194865420
5302410462629429,转发微博,2026-05-26 00:29:19,河北,6133822631,用户6133822631,https://weibo.com/u/6133822631
5302410462629429,Ray怡然自乐晶晶我的小宝贝好的工作环境也是一样的遇到和你势均力敌的同事大家每天都会干劲十足而能力差的人往往都爱推诿扯皮敷衍了事和这种人长期工作你只会觉得无力无奈再大的热情也会被磨灭Beckham7__好大学就是好的环境好的平台好的同学好的老师和选择权而,2026-05-26 00:29:12,福建,3934452888,私人后院lin,https://weibo.com/u/3934452888
5302410462629429,Ray怡然自乐晶晶我的小宝贝好的工作环境也是一样的遇到和你势均力敌的同事大家每天都会干劲十足而能力差的人往往都爱推诿扯皮敷衍了事和这种人长期工作你只会觉得无力无奈再大的热情也会被磨灭Beckham7__好大学就是好的环境好的平台好的同学好的老师和选择权而,2026-05-26 00:25:44,陕西,1456193250,瑞瑞妈2012,https://weibo.com/u/1456193250
5302410462629429,Ray怡然自乐晶晶我的小宝贝好的工作环境也是一样的遇到和你势均力敌的同事大家每天都会干劲十足而能力差的人往往都爱推诿扯皮敷衍了事和这种人长期工作你只会觉得无力无奈再大的热情也会被磨灭Beckham7__好大学就是好的环境好的平台好的同学好的老师和选择权而,2026-05-26 00:24:34,中国香港,6375994419,我的梦想是做世界公民,https://weibo.com/u/6375994419
5302410462629429,转发微博,2026-05-26 00:24:09,广东,1400562361,喵仔倩如,https://weibo.com/u/1400562361
5302410462629429,转发微博,2026-05-26 00:23:17,山东,7919332502,超级无敌大大大笨蛋,https://weibo.com/u/7919332502
5302410462629429,转发微博,2026-05-26 00:22:03,宁夏,3114017675,-Guo三岁,https://weibo.com/u/3114017675
5302410462629429,转发微博,2026-05-26 00:21:19,湖北,1653061811,anyanyanyanyanyany,https://weibo.com/u/1653061811
5302410462629429,转发微博,2026-05-26 00:21:05,河北,5810148114,幸运小华华华,https://weibo.com/u/5810148114
5302410462629429,转发微博,2026-05-26 00:21:01,湖南,5837972559,烊烊晗笑,https://weibo.com/u/5837972559
5302410462629429,转发微博,2026-05-26 00:20:23,河北,5044597491,醉爱你笑xx,https://weibo.com/u/5044597491
5302410462629429,转发微博,2026-05-26 00:20:07,北京,2012694402,loda68,https://weibo.com/u/2012694402
5302410462629429,转发微博,2026-05-26 00:19:27,福建,6247266914,哈谱白衣,https://weibo.com/u/6247266914
5302410462629429,转发微博,2026-05-26 00:16:51,山东,7263100609,富贵吧Poplar,https://weibo.com/u/7263100609
5302410462629429,转发微博,2026-05-26 00:15:31,陕西,3708950341,坐忘者柒,https://weibo.com/u/3708950341
5302410462629429,转发微博,2026-05-26 00:15:09,浙江,7083038060,明月笑清风呢,https://weibo.com/u/7083038060
5302410462629429,转发微博,2026-05-26 00:14:25,湖北,6171767287,金牛座的水镜,https://weibo.com/u/6171767287
5302410462629429,转发微博,2026-05-26 00:10:40,江苏,3170676294,ainy张伟,https://weibo.com/u/3170676294
5302410462629429,转发微博,2026-05-26 00:10:34,广东,5379155439,留守时光YF,https://weibo.com/u/5379155439
5302410462629429,转发微博,2026-05-26 00:10:07,江苏,3746509147,刺客之仇hatred,https://weibo.com/u/3746509147
5302410462629429,转发微博,2026-05-26 00:09:41,广东,7509069485,用户7509069485,https://weibo.com/u/7509069485
5302410462629429,转发微博,2026-05-26 00:09:20,江苏,3746509147,刺客之仇hatred,https://weibo.com/u/3746509147
5302410462629429,转发微博,2026-05-26 00:07:57,云南,2831850542,人生也有变数,https://weibo.com/u/2831850542
5302410462629429,转发微博,2026-05-26 00:07:47,湖南,6406313079,用户6406313079,https://weibo.com/u/6406313079
5302410462629429,转发微博,2026-05-26 00:06:22,广东,7312193303,用户7312193303蘭,https://weibo.com/u/7312193303
5302410462629429,为什么要考好的大学这就是答案,2026-05-26 00:06:21,广西,5708952388,一个人旅行41414,https://weibo.com/u/5708952388
5302410462629429,Ray怡然自乐晶晶我的小宝贝好的工作环境也是一样的遇到和你势均力敌的同事大家每天都会干劲十足而能力差的人往往都爱推诿扯皮敷衍了事和这种人长期工作你只会觉得无力无奈再大的热情也会被磨灭Beckham7__好大学就是好的环境好的平台好的同学好的老师和选择权而,2026-05-26 00:05:35,江西,5687330614,大雄吃什么,https://weibo.com/u/5687330614
5302410462629429,转发微博,2026-05-26 00:04:44,河北,1845892720,MonaLisa君,https://weibo.com/u/1845892720
5302410462629429,转发微博,2026-05-26 00:04:34,陕西,3217125873,涛涛喜欢豆豆,https://weibo.com/u/3217125873
5302410462629429,转发微博,2026-05-26 00:04:19,安徽,5940446275,玛丽微微一笑-958,https://weibo.com/u/5940446275
5302410462629429,转发微博,2026-05-26 00:03:47,上海,6675368975,太子au妈,https://weibo.com/u/6675368975
5302410462629429,转发微博,2026-05-26 00:02:50,重庆,5575806843,orea_vv_orea,https://weibo.com/u/5575806843
5302410462629429,转发微博,2026-05-26 00:01:25,广东,5401934052,小辣椒的霸道生活,https://weibo.com/u/5401934052
5302410462629429,转发微博,2026-05-26 00:00:29,河南,5064209381,快乐小吉521,https://weibo.com/u/5064209381
5302410462629429,转发微博,2026-05-26 00:00:26,山东,5760209297,咪咕噜噜噜,https://weibo.com/u/5760209297
5302410462629429,转发微博,2026-05-26 00:00:25,福建,5285047858,与仔ECHO,https://weibo.com/u/5285047858
5302410462629429,转发微博,2026-05-25 23:59:37,河南,1792364653,独_行_者_,https://weibo.com/u/1792364653
5302410462629429,转发微博,2026-05-25 23:59:01,上海,7830708357,qiu咖喱,https://weibo.com/u/7830708357
5302410462629429,转发微博,2026-05-25 23:58:49,广东,1882459790,carol-xyx,https://weibo.com/u/1882459790
5302410462629429,转发微博,2026-05-25 23:58:31,河南,5182556273,HUdgy2017,https://weibo.com/u/5182556273
5302410462629429,转发微博,2026-05-25 23:57:30,浙江,7530404978,阿宝小学记,https://weibo.com/u/7530404978
5302410462629429,转发微博,2026-05-25 23:56:59,广西,7303734685,文明的天空之境,https://weibo.com/u/7303734685
5302410462629429,转发微博,2026-05-25 23:56:34,四川,1969561824,hfh6543,https://weibo.com/u/1969561824
5302410462629429,转发微博,2026-05-25 23:55:41,江苏,3178370975,南山南左右左,https://weibo.com/u/3178370975
5302410462629429,转发微博,2026-05-25 23:54:39,四川,6674966676,研博225梦,https://weibo.com/u/6674966676
5302410462629429,转发微博,2026-05-25 23:54:11,安徽,6633948028,歪歪orui,https://weibo.com/u/6633948028
5302410462629429,转发微博,2026-05-25 23:53:49,江苏,6366369129,过过过过儿201709,https://weibo.com/u/6366369129
5302410462629429,转发微博,2026-05-25 23:53:39,山东,7928465974,用户7928465974,https://weibo.com/u/7928465974
5302410462629429,Ray怡然自乐晶晶我的小宝贝好的工作环境也是一样的遇到和你势均力敌的同事大家每天都会干劲十足而能力差的人往往都爱推诿扯皮敷衍了事和这种人长期工作你只会觉得无力无奈再大的热情也会被磨灭Beckham7__好大学就是好的环境好的平台好的同学好的老师和选择权而,2026-05-25 23:53:23,山东,3914378093,躲在被窝里的阿桑桑,https://weibo.com/u/3914378093
5302410462629429,Ray怡然自乐晶晶我的小宝贝好的工作环境也是一样的遇到和你势均力敌的同事大家每天都会干劲十足而能力差的人往往都爱推诿扯皮敷衍了事和这种人长期工作你只会觉得无力无奈再大的热情也会被磨灭Beckham7__好大学就是好的环境好的平台好的同学好的老师和选择权而,2026-05-25 23:53:01,广东,1776553683,温柔的炸毛小企鹅你在哪-,https://weibo.com/u/1776553683
5302410462629429,转发微博,2026-05-25 23:52:28,广西,9120498127,用户9120498127,https://weibo.com/u/9120498127
5302410462629429,转发微博,2026-05-25 23:52:21,湖南,1988657113,xin-0712,https://weibo.com/u/1988657113
5302410462629429,转发微博,2026-05-25 23:51:27,天津,5236463206,小鼠优雅,https://weibo.com/u/5236463206
5302410462629429,转发微博,2026-05-25 23:51:21,广东,7454675429,-yyqxyolo-,https://weibo.com/u/7454675429
5302410462629429,转发微博,2026-05-25 23:50:45,江苏,7470467145,用户7470467145,https://weibo.com/u/7470467145
5302410462629429,转发微博,2026-05-25 23:50:17,新疆,2902864100,我就是錦鲤mm,https://weibo.com/u/2902864100
5302410462629429,Repost,2026-05-25 23:49:34,浙江,7772614392,pelly1e,https://weibo.com/u/7772614392
5302410462629429,转发微博,2026-05-25 23:49:26,天津,5662387708,用户5662387708,https://weibo.com/u/5662387708
5302410462629429,转发微博,2026-05-25 23:49:19,上海,2422501094,永远长不大的生物课代表,https://weibo.com/u/2422501094
5302410462629429,转发微博,2026-05-25 23:47:50,山西,6375959972,Simplejoy0859,https://weibo.com/u/6375959972
5302410462629429,转发微博,2026-05-25 23:47:47,江苏,6475376180,用户6475376180,https://weibo.com/u/6475376180
5302410462629429,转发微博,2026-05-25 23:47:03,湖南,5834614706,W玉雨鱼,https://weibo.com/u/5834614706
5302410462629429,转发微博,2026-05-25 23:47:02,广东,7045275515,橙龙猫34663,https://weibo.com/u/7045275515
5302410462629429,转发微博,2026-05-25 23:46:59,上海,1322916444,vivi的小世界888,https://weibo.com/u/1322916444
5302410462629429,转发微博,2026-05-25 23:45:50,山东,2007490623,米拉TIM,https://weibo.com/u/2007490623
5302410462629429,转发微博,2026-05-25 23:44:37,福建,7372678675,冬日里的微微凉,https://weibo.com/u/7372678675
5302410462629429,转发微博,2026-05-25 23:44:16,加拿大,1253269732,pawpawdi_fov,https://weibo.com/u/1253269732
5302410462629429,转发微博,2026-05-25 23:43:29,江苏,5338687996,特立独行之平凡,https://weibo.com/u/5338687996
5302410462629429,转发微博,2026-05-25 23:42:19,北京,7535376686,石见山语,https://weibo.com/u/7535376686
5302410462629429,转发微博,2026-05-25 23:42:17,江苏,2334244344,啊呜是只猫咪,https://weibo.com/u/2334244344
5302410462629429,转发微博,2026-05-25 23:41:46,江苏,1747577585,我爱吃泡芙-,https://weibo.com/u/1747577585
5302410462629429,转发微博,2026-05-25 23:41:37,江苏,8008270570,看了你也记不住我,https://weibo.com/u/8008270570
5302410462629429,转发微博,2026-05-25 23:40:42,江苏,1645821475,陌路_彼方,https://weibo.com/u/1645821475
5302410462629429,转发微博,2026-05-25 23:40:36,福建,8211867795,用户8211867795,https://weibo.com/u/8211867795
5302410462629429,转发微博,2026-05-25 23:39:54,河南,7612182205,桃子葡萄和青瓜,https://weibo.com/u/7612182205
5302410462629429,转发微博,2026-05-25 23:39:44,安徽,3327550234,momomoLau,https://weibo.com/u/3327550234
5302410462629429,转发微博,2026-05-25 23:39:37,广西,2784439413,bbjjkk2784439413,https://weibo.com/u/2784439413
5302410462629429,转发微博,2026-05-25 23:39:35,上海,7956781747,用户7956781747,https://weibo.com/u/7956781747
5302410462629429,转发微博,2026-05-25 23:39:27,江苏,7959841897,用户7959841897,https://weibo.com/u/7959841897
5302410462629429,转发微博,2026-05-25 23:38:37,江苏,6330735097,用户6330735097,https://weibo.com/u/6330735097
5302410462629429,转发微博,2026-05-25 23:38:33,江苏,1235025590,幸福小妞218,https://weibo.com/u/1235025590
5302410462629429,转发微博,2026-05-25 23:37:48,北京,1457872242,快乐恺阳,https://weibo.com/u/1457872242
5302410462629429,转发微博,2026-05-25 23:37:37,云南,7293634364,一定一定少生气,https://weibo.com/u/7293634364
5302410462629429,转发微博,2026-05-25 23:37:14,重庆,1806162007,梦哲920,https://weibo.com/u/1806162007
5302410462629429,转发微博,2026-05-25 23:36:23,广东,1688470017,森巴蛙跳华尔猪,https://weibo.com/u/1688470017
5302410462629429,转发微博,2026-05-25 23:35:56,河北,5120064019,蓝花洛,https://weibo.com/u/5120064019
5302410462629429,转发微博,2026-05-25 23:35:50,河北,1820614612,十里桃花og1,https://weibo.com/u/1820614612
5302410462629429,慈善只能是一种境界一种超越责任和道德范畴的境界凡是有益于人的就是善损人利己的就是恶人为善福虽未至祸已远离人为恶祸虽未至福已远离,2026-05-25 23:35:37,山东,7948220825,Angel_棍猫丸丸,https://weibo.com/u/7948220825
5302410462629429,转发微博,2026-05-25 23:35:21,陕西,1013444644,Cassiez23,https://weibo.com/u/1013444644
5302410462629429,转发微博,2026-05-25 23:35:14,河北,6339148221,用户6339148221,https://weibo.com/u/6339148221
5302410462629429,Ray怡然自乐晶晶我的小宝贝好的工作环境也是一样的遇到和你势均力敌的同事大家每天都会干劲十足而能力差的人往往都爱推诿扯皮敷衍了事和这种人长期工作你只会觉得无力无奈再大的热情也会被磨灭Beckham7__好大学就是好的环境好的平台好的同学好的老师和选择权而,2026-05-25 23:34:36,上海,1859422765,YC_IRIS,https://weibo.com/u/1859422765
5302410462629429,转发微博,2026-05-25 23:34:34,四川,5391841571,仰望星空的婷小美,https://weibo.com/u/5391841571
5302410462629429,转发微博,2026-05-25 23:34:23,广东,1976257677,幸福平凡小女人,https://weibo.com/u/1976257677
5302410462629429,转发微博,2026-05-25 23:33:56,湖南,5259709358,我家屁崽儿儿儿儿,https://weibo.com/u/5259709358
5302410462629429,同意,2026-05-25 23:33:22,上海,1527045720,鸡汁土豆泥控,https://weibo.com/u/1527045720
5302410462629429,转发微博,2026-05-25 23:33:14,河北,7748763076,cccc-198108,https://weibo.com/u/7748763076
5302410462629429,转发微博,2026-05-25 23:33:12,重庆,5711198034,律政俏佳人520,https://weibo.com/u/5711198034
5302410462629429,转发微博,2026-05-25 23:32:54,湖北,6771157974,忙里偷闲的羽毛,https://weibo.com/u/6771157974
5302410462629429,转发微博,2026-05-25 23:32:53,湖南,5658860666,段晴语0309,https://weibo.com/u/5658860666
5302410462629429,转发微博,2026-05-25 23:32:18,北京,5621515352,军棋23080,https://weibo.com/u/5621515352
5302410462629429,我与我的工作哈哈现在处于如果不陪一些笨蛋在那翻来覆去也不陪一些天龙人在那篡改评价体系完全可以学有余力但这些人会给你拉到他们的level让你没办法有时间和精力,2026-05-25 23:32:17,吉林,1791593565,Petal0rizzle,https://weibo.com/u/1791593565
5302410462629429,转发微博,2026-05-25 23:32:15,上海,2836495460,在职研究深,https://weibo.com/u/2836495460
5302410462629429,转发微博,2026-05-25 23:32:10,上海,6154552972,VVYANG6688,https://weibo.com/u/6154552972
5302410462629429,转发微博,2026-05-25 23:31:49,广东,5281956027,得过且过的小橘猫,https://weibo.com/u/5281956027
5302410462629429,转发微博,2026-05-25 23:31:43,北京,8376781138,奇妙火烈鸟爱涂鸦,https://weibo.com/u/8376781138
5302410462629429,转发微博,2026-05-25 23:31:37,河南,5869453924,是梦想呐,https://weibo.com/u/5869453924
5302410462629429,可能是我理解能力有问题她到底想说什么为什么会觉得努力学习一定会匹配到那个兴趣智商都符合的环境这跟还不是你不够努力有什么区别呢想让比你层次高的人愿意带你但你却不愿意做同样的事到底想要说些什么啊[费解],2026-05-25 23:31:16,天津,6076480181,啊喽哈_1234,https://weibo.com/u/6076480181
5302410462629429,转发微博,2026-05-25 23:31:07,湖北,2676857403,G-CC0825,https://weibo.com/u/2676857403
5302410462629429,转发微博,2026-05-25 23:30:53,江苏,1714182463,萝卜青菜我全爱,https://weibo.com/u/1714182463
5302410462629429,转发微博,2026-05-25 23:30:47,云南,6154180785,兜底一花山,https://weibo.com/u/6154180785
5302410462629429,转发微博,2026-05-25 23:30:25,重庆,3183801682,南方月明_,https://weibo.com/u/3183801682
5302410462629429,转发微博,2026-05-25 23:30:08,辽宁,7832402652,喝着咖啡发着呆-,https://weibo.com/u/7832402652
5302410462629429,存,2026-05-25 23:30:03,河北,1720998647,漫步-坚定地活着,https://weibo.com/u/1720998647
5302410462629429,Ray怡然自乐晶晶我的小宝贝好的工作环境也是一样的遇到和你势均力敌的同事大家每天都会干劲十足而能力差的人往往都爱推诿扯皮敷衍了事和这种人长期工作你只会觉得无力无奈再大的热情也会被磨灭Beckham7__好大学就是好的环境好的平台好的同学好的老师和选择权而,2026-05-25 23:29:42,广东,2583231140,依水年年,https://weibo.com/u/2583231140
5302410462629429,转发微博,2026-05-25 23:29:03,河南,6401122732,雪o_o6047,https://weibo.com/u/6401122732
5302410462629429,转发微博,2026-05-25 23:28:21,上海,1842760280,KinfongShing,https://weibo.com/u/1842760280
5302410462629429,转发微博,2026-05-25 23:28:15,江苏,1270995002,寻找四叶草-慧慧,https://weibo.com/u/1270995002
5302410462629429,转发微博,2026-05-25 23:28:13,黑龙江,7163613634,心里所想皆成真100,https://weibo.com/u/7163613634
5302410462629429,转发微博,2026-05-25 23:27:25,湖北,1957792857,小飞侠呀走天涯,https://weibo.com/u/1957792857
5302410462629429,转发微博,2026-05-25 23:26:59,广东,5744082500,A坚强_坚强A,https://weibo.com/u/5744082500
5302410462629429,转发微博,2026-05-25 23:26:25,江苏,2273198284,竹杖芒鞋轻胜马_100,https://weibo.com/u/2273198284
5302410462629429,转发微博,2026-05-25 23:26:06,天津,1869232615,爱笑的鹅_,https://weibo.com/u/1869232615
5302410462629429,转发微博,2026-05-25 23:26:01,安徽,7342194030,吐司面包要努力,https://weibo.com/u/7342194030
5302410462629429,转发微博,2026-05-25 23:25:56,安徽,7824783301,用户7824783301,https://weibo.com/u/7824783301
5302410462629429,转发微博,2026-05-25 23:25:55,北京,5618554791,特浪普病毒,https://weibo.com/u/5618554791
5302410462629429,转发微博,2026-05-25 23:25:38,河南,6388037976,baobaoyougejiejie,https://weibo.com/u/6388037976
5302410462629429,转发微博,2026-05-25 23:25:35,广东,5852435337,Alligator2026,https://weibo.com/u/5852435337
5302410462629429,转发微博,2026-05-25 23:25:34,江苏,1748021082,不穿高跟鞋的小毛桃,https://weibo.com/u/1748021082
5302410462629429,转发微博,2026-05-25 23:25:32,山西,1919368307,乐特猴儿,https://weibo.com/u/1919368307
5302410462629429,转发微博,2026-05-25 23:25:18,广东,6557689781,翀2016康2018,https://weibo.com/u/6557689781
5302410462629429,转发微博,2026-05-25 23:24:33,上海,1581247937,乐橙mayday,https://weibo.com/u/1581247937
5302410462629429,转发微博,2026-05-25 23:23:54,福建,1619498593,芊球妈的千秋大业,https://weibo.com/u/1619498593
5302410462629429,转发微博,2026-05-25 23:23:44,山东,6129087330,Apollo环游世界,https://weibo.com/u/6129087330
5302410462629429,转发微博,2026-05-25 23:23:42,湖北,1786913223,lhy0219,https://weibo.com/u/1786913223
5302410462629429,转发微博,2026-05-25 23:23:30,内蒙古,7311661553,用户7311661553,https://weibo.com/u/7311661553
5302410462629429,转发微博,2026-05-25 23:23:19,广东,5534113714,瞬1001间,https://weibo.com/u/5534113714
5302410462629429,轉發微博,2026-05-25 23:23:13,四川,5880447568,灰灰1205,https://weibo.com/u/5880447568
5302410462629429,转发微博,2026-05-25 23:23:09,安徽,5626701861,NPC许苟,https://weibo.com/u/5626701861
5302410462629429,转发微博,2026-05-25 23:22:47,浙江,2893789153,胖Q加油,https://weibo.com/u/2893789153
5302410462629429,转发微博,2026-05-25 23:22:28,黑龙江,1882496905,芳轻松,https://weibo.com/u/1882496905
5302410462629429,转发微博,2026-05-25 23:22:24,河南,2129186120,山野小杨梅,https://weibo.com/u/2129186120
5302410462629429,转发微博,2026-05-25 23:22:11,上海,5224760170,明亮星辰暖妈,https://weibo.com/u/5224760170
5302410462629429,春来一粒粟人很多能力是在不喜欢的事情中培养出来的这话挺对的很多时候忌神带给我们的就是困难但有忌神用神才会出作用也就是困难会逼着人想到解决办法等到环境好了流通平衡有情了困难的事就容易起来了,2026-05-25 23:22:04,安徽,7634097831,超好运的甜,https://weibo.com/u/7634097831
5302410462629429,转发微博,2026-05-25 23:21:55,湖南,5590334551,反派太帅顶不住啊,https://weibo.com/u/5590334551
5302410462629429,转发微博,2026-05-25 23:21:40,广东,1731303977,yumin丸子,https://weibo.com/u/1731303977
5302410462629429,转发微博,2026-05-25 23:21:23,广东,3118244111,等闲之辈2022,https://weibo.com/u/3118244111
5302410462629429,转发微博,2026-05-25 23:21:20,广东,3471408502,小柯2013_16183,https://weibo.com/u/3471408502
5302410462629429,转发微博,2026-05-25 23:21:18,江西,2679030297,xfen-喔,https://weibo.com/u/2679030297
5302410462629429,转发微博,2026-05-25 23:21:17,江苏,1282201911,期货小K,https://weibo.com/u/1282201911
5302410462629429,转发微博,2026-05-25 23:21:13,北京,3210677303,留留儿-溜溜儿,https://weibo.com/u/3210677303
5302410462629429,转发微博,2026-05-25 23:20:58,北京,6272767178,东风转西,https://weibo.com/u/6272767178
5302410462629429,转发微博,2026-05-25 23:20:37,山东,6471844054,柚栀na,https://weibo.com/u/6471844054
5302410462629429,转发微博,2026-05-25 23:20:33,天津,3685446693,小猪乐超,https://weibo.com/u/3685446693
5302410462629429,转发微博,2026-05-25 23:20:32,河南,1828682615,美丽姐姐2010,https://weibo.com/u/1828682615
5302410462629429,转发微博,2026-05-25 23:20:27,广东,5900138923,金融民工82475,https://weibo.com/u/5900138923
5302410462629429,转发微博,2026-05-25 23:20:19,北京,7485182443,蜗牛蜗牛快快跑007,https://weibo.com/u/7485182443
5302410462629429,转发微博,2026-05-25 23:20:17,北京,7471593936,苏舜钦v,https://weibo.com/u/7471593936
5302410462629429,转发微博,2026-05-25 23:20:08,广东,1026457272,大猪小啰,https://weibo.com/u/1026457272
5302410462629429,转发微博,2026-05-25 23:19:52,浙江,3835228144,颖醉清峰,https://weibo.com/u/3835228144
5302410462629429,转发微博,2026-05-25 23:18:59,广东,7684322318,沉默是今晚的火锅大桥,https://weibo.com/u/7684322318
5302410462629429,转发微博,2026-05-25 23:18:50,陕西,5659981926,倾尽所有为一笑,https://weibo.com/u/5659981926
5302410462629429,转发微博,2026-05-25 23:18:40,云南,2271563450,奶油大福,https://weibo.com/u/2271563450
5302410462629429,Ray怡然自乐晶晶我的小宝贝好的工作环境也是一样的遇到和你势均力敌的同事大家每天都会干劲十足而能力差的人往往都爱推诿扯皮敷衍了事和这种人长期工作你只会觉得无力无奈再大的热情也会被磨灭Beckham7__好大学就是好的环境好的平台好的同学好的老师和选择权而,2026-05-25 23:18:28,重庆,7037648028,我们在一起快快乐乐,https://weibo.com/u/7037648028
5302410462629429,转发微博,2026-05-25 23:18:26,四川,5055323476,沫茶女,https://weibo.com/u/5055323476
5302410462629429,转发微博,2026-05-25 23:18:25,广东,6807756104,薏米红豆之意绵绵,https://weibo.com/u/6807756104
5302410462629429,转发微博,2026-05-25 23:18:12,安徽,1867128691,蝈蝈Lilonghua,https://weibo.com/u/1867128691
5302410462629429,转发微博,2026-05-25 23:17:54,陕西,5712042361,萍萍要活的精彩,https://weibo.com/u/5712042361
5302410462629429,这个我绝对同意人生就是如此你吃过好的就没办法接受烂的这才是为什么赢过的能再赢不是因为他能力强而是因为他的愿望强他无法再接受烂的环境烂的人了盲僧打不过李青这话简直了你为啥要吃好的粮食不吃烂的[微笑],2026-05-25 23:17:46,陕西,7859867660,潜泳柳湖,https://weibo.com/u/7859867660
5302410462629429,转发微博,2026-05-25 23:17:39,浙江,7564095376,忽然而已的小原来,https://weibo.com/u/7564095376
5302410462629429,转发微博,2026-05-25 23:16:59,广东,7821081288,lizixi2024,https://weibo.com/u/7821081288
5302410462629429,转发微博,2026-05-25 23:16:58,广东,5362468424,yiyi_who,https://weibo.com/u/5362468424
5302410462629429,马克,2026-05-25 23:16:38,重庆,7873280094,求条小鱼干,https://weibo.com/u/7873280094
5302410462629429,转发微博,2026-05-25 23:16:28,四川,6469176961,年年有鱼年年鱼,https://weibo.com/u/6469176961
5302410462629429,转发微博,2026-05-25 23:16:25,辽宁,5954901502,流年v拾光,https://weibo.com/u/5954901502
5302410462629429,转发微博,2026-05-25 23:16:21,广东,6226683190,最爱每吉尤嘅仔,https://weibo.com/u/6226683190
5302410462629429,转发微博,2026-05-25 23:16:12,福建,6180661286,用户6180661286,https://weibo.com/u/6180661286
5302410462629429,转发微博,2026-05-25 23:16:01,北京,1459742903,sunflower211,https://weibo.com/u/1459742903
5302410462629429,转发微博,2026-05-25 23:15:53,山西,1923025662,粉凉谢,https://weibo.com/u/1923025662
5302410462629429,转发微博,2026-05-25 23:15:29,山东,2407766291,屁桃酱的每一天,https://weibo.com/u/2407766291
5302410462629429,转发微博,2026-05-25 23:15:26,湖北,5696246557,有蛀牙的外星人小明,https://weibo.com/u/5696246557
5302410462629429,转发微博,2026-05-25 23:15:06,山东,1562885847,沉远若虚,https://weibo.com/u/1562885847
5302410462629429,转发微博,2026-05-25 23:14:40,江苏,3175478823,Tony的饲养员,https://weibo.com/u/3175478823
5302410462629429,转发微博,2026-05-25 23:14:27,河北,2011377273,BN的秘密花园,https://weibo.com/u/2011377273
5302410462629429,转发微博,2026-05-25 23:14:23,山东,5589079526,拾贰妹-,https://weibo.com/u/5589079526
5302410462629429,有生之年我还想做回学生加油,2026-05-25 23:14:18,广东,6212996386,全世界最最最最最好听的名字一一,https://weibo.com/u/6212996386
5302410462629429,转发微博,2026-05-25 23:13:35,江苏,1660725005,邓太太太太,https://weibo.com/u/1660725005
5302410462629429,转发微博,2026-05-25 23:13:24,湖北,5890286952,刁子鱼爱耶啵,https://weibo.com/u/5890286952
5302410462629429,转发微博,2026-05-25 23:13:23,上海,1737539251,若是岁月可回首,https://weibo.com/u/1737539251
5302410462629429,转发微博,2026-05-25 23:13:14,河南,2192759383,战国的童话,https://weibo.com/u/2192759383
5302410462629429,转发微博,2026-05-25 23:13:08,陕西,7859867660,潜泳柳湖,https://weibo.com/u/7859867660
5302410462629429,转发微博,2026-05-25 23:12:54,广东,6599172852,用户6599172852,https://weibo.com/u/6599172852
5302410462629429,转发微博,2026-05-25 23:12:35,海南,1628637874,沿小路在路上,https://weibo.com/u/1628637874
5302410462629429,转发微博,2026-05-25 23:12:15,吉林,7904715785,流浪者202403,https://weibo.com/u/7904715785
5302410462629429,转发微博,2026-05-25 23:12:07,山东,2040708737,woody52180,https://weibo.com/u/2040708737
5302410462629429,Ray怡然自乐晶晶我的小宝贝好的工作环境也是一样的遇到和你势均力敌的同事大家每天都会干劲十足而能力差的人往往都爱推诿扯皮敷衍了事和这种人长期工作你只会觉得无力无奈再大的热情也会被磨灭Beckham7__好大学就是好的环境好的平台好的同学好的老师和选择权而,2026-05-25 23:11:41,山东,7399845649,真心话大冒险20240221,https://weibo.com/u/7399845649
5302410462629429,转发微博,2026-05-25 23:10:34,安徽,6071362020,七月Ailie,https://weibo.com/u/6071362020
5302410462629429,转发微博,2026-05-25 23:10:09,安徽,2287862303,大梦孩,https://weibo.com/u/2287862303
5302410462629429,转发微博,2026-05-25 23:09:58,浙江,1828200542,徐晓妞,https://weibo.com/u/1828200542
5302410462629429,Ray怡然自乐晶晶我的小宝贝好的工作环境也是一样的遇到和你势均力敌的同事大家每天都会干劲十足而能力差的人往往都爱推诿扯皮敷衍了事和这种人长期工作你只会觉得无力无奈再大的热情也会被磨灭Beckham7__好大学就是好的环境好的平台好的同学好的老师和选择权而,2026-05-25 23:09:46,山西,3787292912,涵宇21,https://weibo.com/u/3787292912
5302410462629429,Ray怡然自乐晶晶我的小宝贝好的工作环境也是一样的遇到和你势均力敌的同事大家每天都会干劲十足而能力差的人往往都爱推诿扯皮敷衍了事和这种人长期工作你只会觉得无力无奈再大的热情也会被磨灭Beckham7__好大学就是好的环境好的平台好的同学好的老师和选择权而,2026-05-25 23:09:22,山东,5039998417,牛妞妈咪爱,https://weibo.com/u/5039998417
5302410462629429,转发微博,2026-05-25 23:08:46,吉林,5698635267,心亦欲语,https://weibo.com/u/5698635267
5302410462629429,转发微博,2026-05-25 23:08:46,宁夏,9183812429,用户9183812429,https://weibo.com/u/9183812429
5302410462629429,转发微博,2026-05-25 23:08:29,福建,1297354293,2026幸福健康好运开心快乐暴富,https://weibo.com/u/1297354293
5302410462629429,转发微博,2026-05-25 23:08:24,北京,6244014096,愿余生安好阳光明媚,https://weibo.com/u/6244014096
5302410462629429,转发微博,2026-05-25 23:08:05,江苏,7928623091,满心满意爱物理,https://weibo.com/u/7928623091
5302410462629429,转发微博,2026-05-25 23:07:51,北京,3242314551,雪山LA,https://weibo.com/u/3242314551
5302410462629429,转发微博,2026-05-25 23:07:50,安徽,1675351650,Q桃子姑娘Q,https://weibo.com/u/1675351650
5302410462629429,转发微博,2026-05-25 23:07:22,广东,7154238838,用户7154238838,https://weibo.com/u/7154238838
5302410462629429,转发微博,2026-05-25 23:06:59,安徽,6328728766,北大西洋的清流,https://weibo.com/u/6328728766
5302410462629429,Repost,2026-05-25 23:06:36,福建,7897643929,用户7897643929,https://weibo.com/u/7897643929
5302410462629429,转发微博,2026-05-25 23:06:32,吉林,5472780838,小丫头滴答,https://weibo.com/u/5472780838
5302410462629429,转发微博,2026-05-25 23:06:27,江苏,6725836506,用户6725836506,https://weibo.com/u/6725836506
5302410462629429,转发微博,2026-05-25 23:06:24,山东,1649056782,d孩子王v57b,https://weibo.com/u/1649056782
5302410462629429,转发微博,2026-05-25 23:06:16,河南,6880201849,开心幸福坚定,https://weibo.com/u/6880201849
5302410462629429,转发微博,2026-05-25 23:06:09,浙江,5932526134,萌妹子暖暖-5376,https://weibo.com/u/5932526134
5302410462629429,转发微博,2026-05-25 23:05:27,北京,1689954555,我是小财宝儿,https://weibo.com/u/1689954555
5302410462629429,拾人牙慧,2026-05-25 23:04:44,四川,6725059646,白云侠1926,https://weibo.com/u/6725059646
5302410462629429,转发微博,2026-05-25 23:04:38,广东,7343632821,泡沫红茶1984,https://weibo.com/u/7343632821
5302410462629429,转发微博,2026-05-25 23:04:30,上海,7243129447,用户7243129447,https://weibo.com/u/7243129447
5302410462629429,转发微博,2026-05-25 23:04:24,北京,7339150115,用户7339150115,https://weibo.com/u/7339150115
5302410462629429,转发微博,2026-05-25 23:04:18,广东,2566727903,SayWhatElse,https://weibo.com/u/2566727903
5302410462629429,转发微博,2026-05-25 23:03:27,山东,6290837181,人-科技-美,https://weibo.com/u/6290837181
5302410462629429,转发微博,2026-05-25 23:02:48,北京,1403739230,飘飘仙人球,https://weibo.com/u/1403739230
5302410462629429,转发微博,2026-05-25 23:02:23,山东,2012735354,Fullinhouse,https://weibo.com/u/2012735354
5302410462629429,转发微博,2026-05-25 23:02:20,江苏,7633841478,用户7633841478,https://weibo.com/u/7633841478
5302410462629429,转发微博,2026-05-25 23:02:13,山东,3181498764,abc369999,https://weibo.com/u/3181498764
5302410462629429,转发微博,2026-05-25 23:02:10,新疆,7355762203,橘子不是wei一的水果_,https://weibo.com/u/7355762203
5302410462629429,转发微博,2026-05-25 23:01:48,广东,6331348843,许雨5277,https://weibo.com/u/6331348843
5302410462629429,转发微博,2026-05-25 23:01:44,浙江,6374946683,练就一身腱子肉,https://weibo.com/u/6374946683
5302410462629429,唉右右说的太对了短短几年我就被折磨出了躯体化症状Ray怡然自乐晶晶我的小宝贝好的工作环境也是一样的遇到和你势均力敌的同事大家每天都会干劲十足而能力差的人往往都爱推诿扯皮敷衍了事和这种人长期工作你只会觉得无力无奈再大的热情也会被磨灭,2026-05-25 23:01:18,上海,1769388545,七八svah,https://weibo.com/u/1769388545
5302410462629429,转发微博,2026-05-25 23:00:28,福建,6381452095,nastia168,https://weibo.com/u/6381452095
5302410462629429,转发微博,2026-05-25 23:00:22,广东,5061932952,二宝妈恬淡虚无,https://weibo.com/u/5061932952
5302410462629429,转发微博,2026-05-25 22:58:32,四川,2439570442,刘大成走远了,https://weibo.com/u/2439570442
5302410462629429,转发微博,2026-05-25 22:58:31,江苏,3218130151,星晴日,https://weibo.com/u/3218130151
5302410462629429,教育,2026-05-25 22:58:28,北京,1769687617,Lotus_in_Moonlight,https://weibo.com/u/1769687617
5302410462629429,转发微博,2026-05-25 22:58:25,山西,2670737131,川川妈Fruit,https://weibo.com/u/2670737131
5302410462629429,转发微博,2026-05-25 22:58:07,福建,2408672611,deedeecheung,https://weibo.com/u/2408672611
5302410462629429,转发微博,2026-05-25 22:57:59,四川,5478847582,自然有花香,https://weibo.com/u/5478847582
5302410462629429,转发微博,2026-05-25 22:57:54,四川,5242733950,zhangmeili1,https://weibo.com/u/5242733950
5302410462629429,转发微博,2026-05-25 22:57:44,陕西,3929981662,瓜蛋兄弟,https://weibo.com/u/3929981662
5302410462629429,转发微博,2026-05-25 22:57:27,广东,1742945890,陈沛瑶2016,https://weibo.com/u/1742945890
5302410462629429,Ray怡然自乐晶晶我的小宝贝好的工作环境也是一样的遇到和你势均力敌的同事大家每天都会干劲十足而能力差的人往往都爱推诿扯皮敷衍了事和这种人长期工作你只会觉得无力无奈再大的热情也会被磨灭Beckham7__好大学就是好的环境好的平台好的同学好的老师和选择权而,2026-05-25 22:57:11,江苏,1875690153,甜甜蛋蛋虾,https://weibo.com/u/1875690153
5302410462629429,转发微博,2026-05-25 22:56:52,上海,6064616039,Ninglover2016,https://weibo.com/u/6064616039
5302410462629429,有的孩子就是被吓着了努力去更好的环境晶晶我的小宝贝好的工作环境也是一样的遇到和你势均力敌的同事大家每天都会干劲十足而能力差的人往往都爱推诿扯皮敷衍了事和这种人长期工作你只会觉得无力无奈再大的热情也会被磨灭Beckham7__好大学就是好的环境好的平台好的同,2026-05-25 22:56:15,天津,7784447403,读书时空,https://weibo.com/u/7784447403
5302410462629429,转发微博,2026-05-25 22:55:55,江西,6183668208,用户6183668208,https://weibo.com/u/6183668208
5302410462629429,转发微博,2026-05-25 22:55:45,江苏,5345903040,黄静02832,https://weibo.com/u/5345903040
5302410462629429,转发微博,2026-05-25 22:55:43,湖南,9065417175,迷人山莓闻花香,https://weibo.com/u/9065417175
5302410462629429,转发微博,2026-05-25 22:55:33,河北,1856589224,黑琵-_-卓,https://weibo.com/u/1856589224
5302410462629429,转发微博,2026-05-25 22:55:27,安徽,5058566755,I-super620,https://weibo.com/u/5058566755
5302410462629429,转发微博,2026-05-25 22:55:18,重庆,6086449273,顶尚堂专注白发23年,https://weibo.com/u/6086449273
5302410462629429,[允悲]琢_磨_先生这尼玛真的是正确的废话,2026-05-25 22:55:17,天津,7975338613,火烈鸟不倒翁,https://weibo.com/u/7975338613
5302410462629429,转发微博,2026-05-25 22:55:16,安徽,6226921986,种花家的小镇青年,https://weibo.com/u/6226921986
5302410462629429,好的工作环境也是一样的遇到和你势均力敌的同事大家每天都会干劲十足而能力差的人往往都爱推诿扯皮敷衍了事和这种人长期工作你只会觉得无力无奈再大的热情也会被磨灭Beckham7__好大学就是好的环境好的平台好的同学好的老师和选择权而不是沉入大海被挑选,2026-05-25 22:55:16,陕西,3118855612,只想发财的李女士0322,https://weibo.com/u/3118855612
5302410462629429,转发微博,2026-05-25 22:54:57,辽宁,5733662439,石榴花开MAMALOVEYOU,https://weibo.com/u/5733662439
5302410462629429,转发微博,2026-05-25 22:54:44,山东,7722467770,南意25,https://weibo.com/u/7722467770
5302410462629429,转发微博,2026-05-25 22:54:40,北京,1630364565,Lee小爽儿,https://weibo.com/u/1630364565
5302410462629429,确实是这样Ray怡然自乐晶晶我的小宝贝好的工作环境也是一样的遇到和你势均力敌的同事大家每天都会干劲十足而能力差的人往往都爱推诿扯皮敷衍了事和这种人长期工作你只会觉得无力无奈再大的热情也会被磨灭Beckham7__好大学就是好的环境好的平台好的同学好的老师和,2026-05-25 22:53:41,江西,6235390216,棉花瑾,https://weibo.com/u/6235390216
5302410462629429,转发微博,2026-05-25 22:53:22,湖南,1973537201,言秋的幸福生活,https://weibo.com/u/1973537201
5302410462629429,转发微博,2026-05-25 22:53:15,湖北,8310855545,小陈有点不煎蛋,https://weibo.com/u/8310855545
5302410462629429,转发微博,2026-05-25 22:53:08,浙江,1761526762,捕狼能手,https://weibo.com/u/1761526762
5302410462629429,转发微博,2026-05-25 22:52:07,江苏,3967220093,自然中的蔓越莓,https://weibo.com/u/3967220093
5302410462629429,转发微博,2026-05-25 22:52:00,浙江,1632686705,小小的客栈,https://weibo.com/u/1632686705
5302410462629429,转发微博,2026-05-25 22:51:32,河南,5888573459,enenbao宝,https://weibo.com/u/5888573459
5302410462629429,转发微博,2026-05-25 22:51:29,山东,1843405347,幽籣黛兒,https://weibo.com/u/1843405347
5302410462629429,,2026-05-25 22:51:17,天津,6417049899,恬恬爱恬恬8,https://weibo.com/u/6417049899
5302410462629429,转发微博,2026-05-25 22:51:15,四川,5873360869,凡凡妈妈的平凡生活,https://weibo.com/u/5873360869
5302410462629429,转发微博,2026-05-25 22:51:13,河南,7284450102,将爱意心藏,https://weibo.com/u/7284450102
5302410462629429,转发微博,2026-05-25 22:50:43,上海,3259505912,无忧无虑的金魚小姐,https://weibo.com/u/3259505912
5302410462629429,转发微博,2026-05-25 22:50:38,山东,6272512846,若水99351,https://weibo.com/u/6272512846
5302410462629429,转发微博,2026-05-25 22:50:38,浙江,2191917583,一个追剧的号,https://weibo.com/u/2191917583
5302410462629429,转发微博,2026-05-25 22:50:20,河南,2132987735,四月天的蓝穹,https://weibo.com/u/2132987735
5302410462629429,转发微博,2026-05-25 22:49:44,广东,2302942101,MM涓涓细流,https://weibo.com/u/2302942101
5302410462629429,转发微博,2026-05-25 22:49:37,新疆,5752744681,芷默初凡_,https://weibo.com/u/5752744681
5302410462629429,转发微博,2026-05-25 22:49:36,广西,5676319363,Chun_1214,https://weibo.com/u/5676319363
5302410462629429,转发微博,2026-05-25 22:49:13,山东,6109998945,童年6109998945,https://weibo.com/u/6109998945
5302410462629429,转发微博,2026-05-25 22:49:12,内蒙古,6217258033,洙锭朴氏,https://weibo.com/u/6217258033
5302410462629429,转发微博,2026-05-25 22:49:11,辽宁,7554567095,慢慢先生1983,https://weibo.com/u/7554567095
5302410462629429,Ray怡然自乐晶晶我的小宝贝好的工作环境也是一样的遇到和你势均力敌的同事大家每天都会干劲十足而能力差的人往往都爱推诿扯皮敷衍了事和这种人长期工作你只会觉得无力无奈再大的热情也会被磨灭Beckham7__好大学就是好的环境好的平台好的同学好的老师和选择权而,2026-05-25 22:49:05,广东,2571461920,元七茶茶,https://weibo.com/u/2571461920
5302410462629429,转发微博,2026-05-25 22:48:39,北京,7418043924,塔塔米莉,https://weibo.com/u/7418043924
5302410462629429,转发微博,2026-05-25 22:48:25,山西,7652137869,鹿LH-7鹿,https://weibo.com/u/7652137869
5302410462629429,转发微博,2026-05-25 22:48:00,江苏,7209574164,大yue在夏季,https://weibo.com/u/7209574164
5302410462629429,转发微博,2026-05-25 22:47:59,河南,1597595604,阿紫姑娘,https://weibo.com/u/1597595604
5302410462629429,转发微博,2026-05-25 22:47:59,江苏,6093026285,二喵不喜猫,https://weibo.com/u/6093026285
5302410462629429,[心],2026-05-25 22:47:46,湖南,7059248831,艳君加油哦,https://weibo.com/u/7059248831
5302410462629429,转发微博,2026-05-25 22:47:37,广东,7688343646,用户7688343646,https://weibo.com/u/7688343646
5302410462629429,转发微博,2026-05-25 22:47:29,山西,1739274593,这就是_底线,https://weibo.com/u/1739274593
5302410462629429,转发微博,2026-05-25 22:47:17,河南,3168954494,阳光且逍遥,https://weibo.com/u/3168954494
5302410462629429,转发微博,2026-05-25 22:47:13,江苏,2552497252,js雁落平沙,https://weibo.com/u/2552497252
5302410462629429,转发微博,2026-05-25 22:47:08,山西,6178359067,用户6178359067,https://weibo.com/u/6178359067
5302410462629429,Ray怡然自乐晶晶我的小宝贝好的工作环境也是一样的遇到和你势均力敌的同事大家每天都会干劲十足而能力差的人往往都爱推诿扯皮敷衍了事和这种人长期工作你只会觉得无力无奈再大的热情也会被磨灭Beckham7__好大学就是好的环境好的平台好的同学好的老师和选择权而,2026-05-25 22:46:57,四川,6321923076,雨中的sweet,https://weibo.com/u/6321923076
5302410462629429,转发微博,2026-05-25 22:46:48,湖北,2463892313,miss-cheer,https://weibo.com/u/2463892313
5302410462629429,转发微博,2026-05-25 22:46:25,河北,7206442338,瑾glitter,https://weibo.com/u/7206442338
5302410462629429,转发微博,2026-05-25 22:46:25,广东,5852504437,怀念给排水lsq,https://weibo.com/u/5852504437
5302410462629429,转发微博,2026-05-25 22:46:04,山东,2901125291,糖糖妈妈081016,https://weibo.com/u/2901125291
5302410462629429,转发微博,2026-05-25 22:45:57,广东,1808612662,苑青-ZYQ,https://weibo.com/u/1808612662
5302410462629429,Ray怡然自乐晶晶我的小宝贝好的工作环境也是一样的遇到和你势均力敌的同事大家每天都会干劲十足而能力差的人往往都爱推诿扯皮敷衍了事和这种人长期工作你只会觉得无力无奈再大的热情也会被磨灭Beckham7__好大学就是好的环境好的平台好的同学好的老师和选择权而,2026-05-25 22:45:56,浙江,6321588641,佛系带娃保命要紧,https://weibo.com/u/6321588641
5302410462629429,转发微博,2026-05-25 22:45:55,新疆,3191272413,蜀洛,https://weibo.com/u/3191272413
5302410462629429,转发微博,2026-05-25 22:45:51,辽宁,3264648441,迷失的乖乖fairy,https://weibo.com/u/3264648441
5302410462629429,转发微博,2026-05-25 22:45:39,陕西,2620071605,爱吃肉肉的树袋熊,https://weibo.com/u/2620071605
5302410462629429,转发微博,2026-05-25 22:45:32,湖北,3240627012,猪队友宝贝,https://weibo.com/u/3240627012
5302410462629429,转发微博,2026-05-25 22:45:24,上海,1272316481,一天到晚空间,https://weibo.com/u/1272316481
5302410462629429,转发微博,2026-05-25 22:45:19,云南,8213885513,晓律看法123,https://weibo.com/u/8213885513
5302410462629429,咩咩叉叉,2026-05-25 22:45:15,浙江,2855996150,珂雪与鱼,https://weibo.com/u/2855996150
5302410462629429,为什么要考好的大学这就是最简单的答案,2026-05-25 22:45:06,四川,7760459322,AD钙奶和苏宜,https://weibo.com/u/7760459322
5302410462629429,转发微博,2026-05-25 22:44:55,河北,5614554428,质本洁来还洁去1990,https://weibo.com/u/5614554428
5302410462629429,转发微博,2026-05-25 22:44:50,辽宁,7826465242,用户7826465242,https://weibo.com/u/7826465242
5302410462629429,转发微博,2026-05-25 22:44:47,陕西,6024878648,一路花开向阳,https://weibo.com/u/6024878648
5302410462629429,转发微博,2026-05-25 22:44:43,澳大利亚,1651591323,lexusrg,https://weibo.com/u/1651591323
5302410462629429,转发微博,2026-05-25 22:44:42,上海,1007400554,Emma喜欢ZLH,https://weibo.com/u/1007400554
5302410462629429,转发微博,2026-05-25 22:44:18,广东,1811288534,木子李JM,https://weibo.com/u/1811288534
5302410462629429,转发微博,2026-05-25 22:44:17,广东,1692552205,中山沁尔泉电器有限公司,https://weibo.com/u/1692552205
5302410462629429,转发微博,2026-05-25 22:44:17,黑龙江,5822680053,7月13日晴-磊,https://weibo.com/u/5822680053
5302410462629429,转发微博,2026-05-25 22:44:04,山东,2739523053,Rabbit美美,https://weibo.com/u/2739523053
5302410462629429,转发微博,2026-05-25 22:43:57,山东,6010739361,风朗雨清,https://weibo.com/u/6010739361
5302410462629429,转发微博,2026-05-25 22:43:33,上海,5589788752,尛菡菡0812,https://weibo.com/u/5589788752
5302410462629429,转发微博,2026-05-25 22:43:24,浙江,6018280948,七夕果子2009,https://weibo.com/u/6018280948
5302410462629429,转发微博,2026-05-25 22:43:13,江苏,2004768771,三点一刻咖啡,https://weibo.com/u/2004768771
5302410462629429,转发微博,2026-05-25 22:43:02,安徽,5305403847,武林小萌主m,https://weibo.com/u/5305403847
5302410462629429,转发微博,2026-05-25 22:42:53,安徽,5466034275,谢谢你-天使猪,https://weibo.com/u/5466034275
5302410462629429,转发微博,2026-05-25 22:42:48,日本,1772567967,未名寻,https://weibo.com/u/1772567967
5302410462629429,转发微博,2026-05-25 22:42:42,陕西,1918125300,楠楠家康,https://weibo.com/u/1918125300
5302410462629429,转发微博,2026-05-25 22:42:37,湖南,5089546064,nobody可以不哭,https://weibo.com/u/5089546064
5302410462629429,转发微博,2026-05-25 22:42:32,北京,7927323205,平和与自由,https://weibo.com/u/7927323205
5302410462629429,转发微博,2026-05-25 22:42:29,北京,7292053392,用户7292053392,https://weibo.com/u/7292053392
5302410462629429,转发微博,2026-05-25 22:42:26,江苏,3236497582,飞天桃_80061,https://weibo.com/u/3236497582
5302410462629429,转发微博,2026-05-25 22:42:15,河北,6331262631,用户6331262631,https://weibo.com/u/6331262631
5302410462629429,转发微博,2026-05-25 22:42:16,上海,3136864407,澄余七许,https://weibo.com/u/3136864407
5302410462629429,转发微博,2026-05-25 22:42:11,广东,1889418631,泓泓熊猫,https://weibo.com/u/1889418631
5302410462629429,转发微博,2026-05-25 22:41:46,江苏,2734662774,手机用户2734662774,https://weibo.com/u/2734662774
5302410462629429,转发微博,2026-05-25 22:41:44,江苏,6323092144,天空城闪耀2016,https://weibo.com/u/6323092144
5302410462629429,转发微博,2026-05-25 22:41:25,江苏,7730845612,用户7730845612,https://weibo.com/u/7730845612
5302410462629429,晶晶我的小宝贝好的工作环境也是一样的遇到和你势均力敌的同事大家每天都会干劲十足而能力差的人往往都爱推诿扯皮敷衍了事和这种人长期工作你只会觉得无力无奈再大的热情也会被磨灭Beckham7__好大学就是好的环境好的平台好的同学好的老师和选择权而不是沉入大海被,2026-05-25 22:41:19,浙江,1646363137,Ray怡然自乐,https://weibo.com/u/1646363137
5302410462629429,转发微博,2026-05-25 22:41:16,浙江,2882633855,xukun13666607146,https://weibo.com/u/2882633855
5302410462629429,转发微博,2026-05-25 22:41:04,北京,2917576797,幺幺__切克闹,https://weibo.com/u/2917576797
5302410462629429,转发微博,2026-05-25 22:41:04,广东,6324345611,银河少女屋v,https://weibo.com/u/6324345611
5302410462629429,转发微博,2026-05-25 22:40:30,广东,6448016388,暮夕03,https://weibo.com/u/6448016388
5302410462629429,转发微博,2026-05-25 22:40:20,河南,1872267122,梨米苏,https://weibo.com/u/1872267122
5302410462629429,转发微博,2026-05-25 22:40:16,上海,6402726069,独角兽88888888,https://weibo.com/u/6402726069
5302410462629429,转发微博,2026-05-25 22:39:58,贵州,7011551995,QinSong1314,https://weibo.com/u/7011551995
5302410462629429,转发微博,2026-05-25 22:39:54,山东,2098755511,Crystal-baby1001,https://weibo.com/u/2098755511
5302410462629429,转发微博,2026-05-25 22:39:38,上海,7710452068,9月10一,https://weibo.com/u/7710452068
5302410462629429,转发微博,2026-05-25 22:39:38,山东,7958541326,人生-小满即安,https://weibo.com/u/7958541326
5302410462629429,转发微博,2026-05-25 22:39:24,北京,1861876213,卡琳西,https://weibo.com/u/1861876213
5302410462629429,上好大学主要是拥有选择权的重要性选择和什么人一起工作很重要的在一个很LOW的团队里别人的蛐蛐你都会觉得烦和ivan一起看,2026-05-25 22:39:25,江苏,1780305791,Ivan记录,https://weibo.com/u/1780305791
5302410462629429,转发微博,2026-05-25 22:39:21,黑龙江,7551195411,六七点的太阳2021,https://weibo.com/u/7551195411
5302410462629429,转发微博,2026-05-25 22:39:08,福建,1293459814,刺客小猪,https://weibo.com/u/1293459814
5302410462629429,转发微博,2026-05-25 22:38:49,上海,6744194688,古古14768,https://weibo.com/u/6744194688
5302410462629429,转发微博,2026-05-25 22:38:43,山西,5565581150,浅溪wjl,https://weibo.com/u/5565581150
5302410462629429,转发微博,2026-05-25 22:38:42,河南,5746449896,桃夭之叶蓁蓁,https://weibo.com/u/5746449896
5302410462629429,转发微博,2026-05-25 22:38:40,河北,5407842494,哈尼哈丘,https://weibo.com/u/5407842494
5302410462629429,转发微博,2026-05-25 22:38:35,广东,3120810192,轻若飞烟喵喵,https://weibo.com/u/3120810192
5302410462629429,转发微博,2026-05-25 22:38:32,安徽,6353626691,小小蒲公英飞鸭飞,https://weibo.com/u/6353626691
5302410462629429,转发微博,2026-05-25 22:38:29,广东,1851443610,天晴就去流浪吧,https://weibo.com/u/1851443610
5302410462629429,转发微博,2026-05-25 22:38:20,上海,1272330115,佑尔鹏程,https://weibo.com/u/1272330115
5302410462629429,转发微博,2026-05-25 22:38:15,浙江,6507094410,羊子内斗,https://weibo.com/u/6507094410
5302410462629429,转发微博,2026-05-25 22:38:05,湖北,3216748613,失踪星星投递员,https://weibo.com/u/3216748613
5302410462629429,转发微博,2026-05-25 22:37:58,河北,5362514445,夏初林曦,https://weibo.com/u/5362514445
5302410462629429,转发微博,2026-05-25 22:37:50,上海,5488474991,芷瑜麻麻V5531,https://weibo.com/u/5488474991
5302410462629429,转发微博,2026-05-25 22:37:40,江西,6319402448,用户6319402448,https://weibo.com/u/6319402448
5302410462629429,转发微博,2026-05-25 22:37:35,福建,2391715443,甜咖啡木头,https://weibo.com/u/2391715443
5302410462629429,转发微博,2026-05-25 22:37:32,湖南,7510816955,用户7510816955,https://weibo.com/u/7510816955
5302410462629429,转发微博,2026-05-25 22:37:10,天津,5735285935,热心市民秀秀,https://weibo.com/u/5735285935
5302410462629429,转发微博,2026-05-25 22:36:58,江苏,2295330051,乘风破浪sa,https://weibo.com/u/2295330051
5302410462629429,转发微博,2026-05-25 22:36:49,江苏,3122092222,牵手一直走下去99,https://weibo.com/u/3122092222
5302410462629429,转发微博,2026-05-25 22:36:46,上海,7383788480,用户7383788480,https://weibo.com/u/7383788480
5302410462629429,转发微博,2026-05-25 22:36:34,广东,5401922525,用户5401922525,https://weibo.com/u/5401922525
5302410462629429,转发微博,2026-05-25 22:36:27,广东,2758689151,粗眉大脸,https://weibo.com/u/2758689151
5302410462629429,孩子问为何要考好大学时复旦大学沈奕斐教授这样回答,2026-05-25 22:36:25,四川,5849173491,小米虫Bonnie,https://weibo.com/u/5849173491
5302410462629429,转发微博,2026-05-25 22:36:12,上海,7673084823,用户7673084823,https://weibo.com/u/7673084823
5302410462629429,转发微博,2026-05-25 22:36:12,广东,6313766158,怪蜀黍轻装上阵,https://weibo.com/u/6313766158
5302410462629429,转发微博,2026-05-25 22:36:07,陕西,3067242465,坏孩子不爱睡觉,https://weibo.com/u/3067242465
5302410462629429,转发微博,2026-05-25 22:36:07,江苏,1265169945,麦麦舞-yawen,https://weibo.com/u/1265169945
5302410462629429,那些贪官污吏都是差的大学出来的吗好大学与差大学又是如何定义的有多少大学能排进好大学之列头部大学与底部大学有多少差距没工作的毕业生都是差大学出来的吗搞教育歧视吗,2026-05-25 22:36:03,上海,2618725812,cyong是我,https://weibo.com/u/2618725812
5302410462629429,转发微博,2026-05-25 22:36:00,福建,6689818662,acommonlady2,https://weibo.com/u/6689818662
5302410462629429,转发微博,2026-05-25 22:35:47,河北,5024990809,肖传说和王寂寞,https://weibo.com/u/5024990809
5302410462629429,转发微博,2026-05-25 22:35:37,北京,6343485133,李易峰家的小仙仙仙仙仙仙仙仙女,https://weibo.com/u/6343485133
5302410462629429,转发微博,2026-05-25 22:35:25,河南,6435786943,柠檬小雨滴86,https://weibo.com/u/6435786943
5302410462629429,转发微博,2026-05-25 22:35:17,浙江,5894698513,飘64293,https://weibo.com/u/5894698513
5302410462629429,转发微博,2026-05-25 22:34:56,广西,6116457033,靓雪依兰,https://weibo.com/u/6116457033
5302410462629429,转发微博,2026-05-25 22:34:55,浙江,3141631504,燕子cc燕子cc,https://weibo.com/u/3141631504
5302410462629429,转发微博,2026-05-25 22:34:54,湖北,1824981430,-JuY-,https://weibo.com/u/1824981430
5302410462629429,转发微博,2026-05-25 22:34:40,河北,7518113145,mansiweier190223,https://weibo.com/u/7518113145
5302410462629429,大学,2026-05-25 22:34:38,河南,1783916291,人鱼公主晚安,https://weibo.com/u/1783916291
5302410462629429,转发微博,2026-05-25 22:34:20,山东,6556955558,变速齿轮2037,https://weibo.com/u/6556955558
5302410462629429,转发微博,2026-05-25 22:34:00,山东,2690270437,leelovewey,https://weibo.com/u/2690270437
5303514660340771,转发微博,2026-05-29 06:00:32,山西,5994413215,快乐牛牛加油,https://weibo.com/u/5994413215
5303514660340771,想吃,2026-05-28 20:17:40,广东,5364519227,想和性男人发生帅关系,https://weibo.com/u/5364519227
5303514660340771,海默玍,2026-05-28 19:10:12,上海,3761061622,大鼻子_蛋蛋,https://weibo.com/u/3761061622
5303514660340771,转发微博,2026-05-28 18:12:26,浙江,5520041744,兰黛洛尔eer,https://weibo.com/u/5520041744
5303514660340771,mark,2026-05-28 16:26:40,北京,5532291427,肉体美学贩卖机,https://weibo.com/u/5532291427
5303514660340771,麦昆黑回复请叫我木林森这种私下玩的最花了而且浓[打call]请叫我木林森回复一只机绿不知道doI时他是不是也这么正直一只机绿长得太正直了把我净化了,2026-05-28 16:11:15,江苏,1764867521,传彦祖侍寝,https://weibo.com/u/1764867521
5303514660340771,李亚鹏韓妮瑛鶁轉發微博,2026-05-28 16:07:09,广东,6619462701,此号用于偷看狗狗猫猫,https://weibo.com/u/6619462701
5303514660340771,轉發微博,2026-05-28 15:49:27,广东,5548030991,韓妮瑛鶁,https://weibo.com/u/5548030991
5303514660340771,转发微博,2026-05-28 15:41:05,湖北,7798434317,用户7798434317,https://weibo.com/u/7798434317
5303514660340771,转发微博,2026-05-28 14:58:17,广东,7963399793,用户7963399793,https://weibo.com/u/7963399793
5303514660340771,理想中的爸爸,2026-05-28 14:18:32,上海,7418199477,显化命好小三姐,https://weibo.com/u/7418199477
5303514660340771,转发微博,2026-05-28 13:41:22,广东,2093890250,无能力者Leone,https://weibo.com/u/2093890250
5303514660340771,转发微博,2026-05-28 11:58:30,四川,5783364931,尛笨憨,https://weibo.com/u/5783364931
5303514660340771,转发微博,2026-05-28 11:45:27,新疆,6445193979,哔嗝豪斯,https://weibo.com/u/6445193979
5303540031424560,转发,2026-05-29 07:55:22,广东,7921117661,卟卟小火车,https://weibo.com/u/7921117661
5303540031424560,厄里梧岛岛主所以说大学退学的人和考不上大学的人不是一类人大学退学的通常知道了自己的方向哆啦A梦很烦阿宝问题是大学都考不上的人能有啥自学能力,2026-05-29 07:31:12,广东,2758469565,目瞪口呆正能量,https://weibo.com/u/2758469565
5303540031424560,转发微博,2026-05-29 07:22:12,山东,7520171641,开心宝贝ai2,https://weibo.com/u/7520171641
5303540031424560,转发微博,2026-05-29 07:12:59,湖北,6246526384,totti520911,https://weibo.com/u/6246526384
5303540031424560,转发微博,2026-05-29 06:58:42,河北,2120139653,JoggingLX,https://weibo.com/u/2120139653
5303540031424560,转发微博,2026-05-29 06:36:59,天津,2966382777,归田饮酒,https://weibo.com/u/2966382777
5303540031424560,转发微博,2026-05-29 06:34:14,广东,2090314492,jasmine_wwen,https://weibo.com/u/2090314492
5303540031424560,转发微博,2026-05-29 05:39:27,广东,5203472977,jacksz2016,https://weibo.com/u/5203472977
5303540031424560,Repost,2026-05-29 02:44:59,马来西亚,7890530092,用户7890530092,https://weibo.com/u/7890530092
5303540031424560,转发微博,2026-05-29 02:34:38,贵州,2597019542,木讷侠,https://weibo.com/u/2597019542
5303540031424560,转发微博,2026-05-29 00:57:39,福建,3281648134,越值,https://weibo.com/u/3281648134
5303540031424560,转发微博,2026-05-29 00:47:07,上海,7570091452,rayblue2021,https://weibo.com/u/7570091452
5303540031424560,厄里梧岛岛主所以说大学退学的人和考不上大学的人不是一类人大学退学的通常知道了自己的方向哆啦A梦很烦阿宝问题是大学都考不上的人能有啥自学能力,2026-05-29 00:21:06,广东,5591711670,新野琉璃3,https://weibo.com/u/5591711670
5303540031424560,转发微博,2026-05-29 00:20:05,广东,5615478415,壹壹陆雅居,https://weibo.com/u/5615478415
5303540031424560,Repost,2026-05-29 00:05:42,广东,2277896841,Y子君Y,https://weibo.com/u/2277896841
5303540031424560,转发微博,2026-05-28 23:51:34,江苏,3225014831,梦O洞O庭,https://weibo.com/u/3225014831
5303540031424560,转发微博,2026-05-28 23:50:19,河北,1655200860,bj晴天_299,https://weibo.com/u/1655200860
5303540031424560,转发微博,2026-05-28 23:02:17,广东,1081135374,奋进大树,https://weibo.com/u/1081135374
5303540031424560,上大学的意义是什么这得看你的投胎技术好不好马斯克大学基本上就是用来玩的不是学习的地方读个好大学也证明不了你有超凡的能力只能证明你能完成一些分内的杂活儿大学的真正价值有两个一是熬过那些无聊作业的过程能让你学会硬着头皮把事情做完二是给你一段缓冲期让你在被,2026-05-28 22:56:56,广东,1377150697,馜裳羽衣,https://weibo.com/u/1377150697
5303540031424560,转发微博,2026-05-28 21:41:18,重庆,1877243843,佛不渡你俺来渡,https://weibo.com/u/1877243843
5303540031424560,转发微博,2026-05-28 21:20:36,辽宁,7830899403,一条值线,https://weibo.com/u/7830899403
5303540031424560,转发微博,2026-05-28 21:19:51,辽宁,3158302964,赫利梅利,https://weibo.com/u/3158302964
5303540031424560,转发微博,2026-05-28 21:15:15,山东,7355764595,轻舟toMars,https://weibo.com/u/7355764595
5303540031424560,转发微博,2026-05-28 21:08:19,内蒙古,1822726161,微_尘d,https://weibo.com/u/1822726161
5303540031424560,转发微博,2026-05-28 20:57:16,广东,1852142021,竹蜻蜓夹心饼,https://weibo.com/u/1852142021
5303540031424560,转发微博,2026-05-28 20:39:37,江苏,6363420636,drop9颗夏树牌子,https://weibo.com/u/6363420636
5303540031424560,自学能力强,2026-05-28 20:22:37,北京,3314233701,纯天然猛犸,https://weibo.com/u/3314233701
5303540031424560,转发微博,2026-05-28 20:21:17,上海,5663544276,急则乱丨慌则疲,https://weibo.com/u/5663544276
5303540031424560,转发微博,2026-05-28 20:18:10,江苏,1871606911,魔羯天下,https://weibo.com/u/1871606911
5303540031424560,转发微博,2026-05-28 19:34:20,浙江,7328683624,仙童游学,https://weibo.com/u/7328683624
5303540031424560,转发微博,2026-05-28 19:25:06,北京,5181990860,北大天行者,https://weibo.com/u/5181990860
5303540031424560,转发微博,2026-05-28 19:15:26,上海,2109232344,Walter57167,https://weibo.com/u/2109232344
5303540031424560,千千晚星共星辰转发微博,2026-05-28 19:05:06,四川,1773556164,乱弹ing棉花,https://weibo.com/u/1773556164
5303540031424560,转发微博,2026-05-28 18:55:39,上海,7934189528,Lena67890,https://weibo.com/u/7934189528
5303540031424560,哆啦A梦很烦阿宝问题是大学都考不上的人能有啥自学能力,2026-05-28 18:48:44,广东,7469019878,方伐柯x,https://weibo.com/u/7469019878
5303540031424560,转发微博,2026-05-28 18:46:35,江苏,7476359154,读史狗,https://weibo.com/u/7476359154
5303540031424560,哈哈仁智见仁智者见智创业者这么说没毛病可惜不是每个人都能创业[嘻嘻],2026-05-28 18:39:44,北京,3966198237,思源笑,https://weibo.com/u/3966198237
5303540031424560,转发微博,2026-05-28 18:29:14,湖北,6002243786,用户6002243786,https://weibo.com/u/6002243786
5303540031424560,转发微博,2026-05-28 18:16:10,广东,7533138820,千千晚星共星辰,https://weibo.com/u/7533138820
5303540031424560,转发微博,2026-05-28 18:01:22,浙江,6009951508,博儿51794,https://weibo.com/u/6009951508
5303540031424560,转发微博,2026-05-28 17:50:36,山东,3803769081,丛梦想,https://weibo.com/u/3803769081
5303540031424560,转发微博,2026-05-28 17:09:19,黑龙江,2337712857,花宝宝马甲,https://weibo.com/u/2337712857
5303540031424560,转发微博,2026-05-28 17:02:34,江苏,5409676369,随意点yu123,https://weibo.com/u/5409676369
5303540031424560,转发微博,2026-05-28 16:47:18,陕西,2051850291,新世界8817,https://weibo.com/u/2051850291
5303540031424560,转发微博,2026-05-28 16:42:01,上海,6225475947,董末智备用号,https://weibo.com/u/6225475947
5303540031424560,转发微博,2026-05-28 16:33:21,广东,1616099360,SWURCA,https://weibo.com/u/1616099360
5303540031424560,转发微博,2026-05-28 16:26:24,广东,3096262017,黄伟明GDMX,https://weibo.com/u/3096262017
5303540031424560,转发微博,2026-05-28 16:22:50,广东,1730925132,Rocky-Sanyan,https://weibo.com/u/1730925132
5303540031424560,大学本来就是同龄人交流聊天的地方能有聊得来的老师就更是机会难得了如果既有聊得来的同龄人又有几个聊得来的好老师那这个学就更没有白上了[二哈],2026-05-28 16:22:20,北京,1395067522,热铁不要摸,https://weibo.com/u/1395067522
5303540031424560,回复厄里梧岛岛主对厄里梧岛岛主回复哆啦A梦很烦阿宝所以说大学退学的人和考不上大学的人不是一类人大学退学的通常知道了自己的方向,2026-05-28 16:19:14,黑龙江,7802526746,citywalkBAS,https://weibo.com/u/7802526746
5303540031424560,转发微博,2026-05-28 16:18:56,江苏,7309518661,观澜69,https://weibo.com/u/7309518661
5303540031424560,转发微博,2026-05-28 16:15:16,内蒙古,6293833530,Huii1413,https://weibo.com/u/6293833530
5303540031424560,转发微博,2026-05-28 16:07:58,海南,2870545613,all4one4all,https://weibo.com/u/2870545613
5303540031424560,转发微博,2026-05-28 16:03:47,贵州,2110362720,老毕wei-bo,https://weibo.com/u/2110362720
5303540031424560,转发微博,2026-05-28 15:54:53,广西,2338636797,少吃多餐八分饱,https://weibo.com/u/2338636797
5303540031424560,转发微博,2026-05-28 15:38:29,四川,2828310181,xx殿小二,https://weibo.com/u/2828310181
5303540031424560,转发微博,2026-05-28 15:38:15,北京,7949968469,myohmyflytothesky,https://weibo.com/u/7949968469
5303540031424560,转发微博,2026-05-28 15:29:36,山东,1195844632,leeleo的小窝,https://weibo.com/u/1195844632
5303540031424560,转发微博,2026-05-28 15:21:18,福建,1563554573,濯晏,https://weibo.com/u/1563554573
5303540031424560,看看,2026-05-28 15:19:38,湖北,5859916262,爱NC2016,https://weibo.com/u/5859916262
5303540031424560,转发微博,2026-05-28 15:13:47,河北,1116204647,不落的太阳2848,https://weibo.com/u/1116204647
5303540031424560,转发微博,2026-05-28 15:03:00,上海,7817491191,YasodharaKN,https://weibo.com/u/7817491191
5303540031424560,转发微博,2026-05-28 15:01:20,天津,1283103280,猫与鹦鹉,https://weibo.com/u/1283103280
5303540031424560,转发微博,2026-05-28 14:56:16,四川,5653964016,误入凡间33,https://weibo.com/u/5653964016
5303540031424560,转发微博,2026-05-28 14:53:13,湖南,1650441444,懒懒的邦邦,https://weibo.com/u/1650441444
5303540031424560,中学更是了,2026-05-28 14:45:39,德国,1142990082,人生而自恋,https://weibo.com/u/1142990082
5303540031424560,转发微博,2026-05-28 14:44:53,德国,1142990082,人生而自恋,https://weibo.com/u/1142990082
5303540031424560,转发微博,2026-05-28 14:40:03,河北,1884752723,梦的思究,https://weibo.com/u/1884752723
5303540031424560,转发微博,2026-05-28 14:35:45,河北,1416340994,MrChen英语课,https://weibo.com/u/1416340994
5303540031424560,转发微博,2026-05-28 14:29:52,安徽,6883819190,小冰期时代,https://weibo.com/u/6883819190
5303540031424560,转发微博,2026-05-28 14:29:36,山东,7820582731,秋水長天-2023,https://weibo.com/u/7820582731
5303540031424560,说得一点没错尤其对于文科来说理工医农还是可以学学的,2026-05-28 14:18:26,浙江,1203053813,盈亏同源66,https://weibo.com/u/1203053813
5303540031424560,转发微博,2026-05-28 14:13:13,浙江,1947727231,爱喝红酒的大龙猫,https://weibo.com/u/1947727231
5303540031424560,转发微博,2026-05-28 14:11:30,湖北,7950446336,九九九九九九酒酒酒,https://weibo.com/u/7950446336
5303540031424560,唉败大学社会,2026-05-28 14:08:12,广东,6019924547,烈火鸟2016,https://weibo.com/u/6019924547
5303540031424560,转发微博,2026-05-28 14:05:30,江苏,6125073512,用户6125073512,https://weibo.com/u/6125073512
5303540031424560,转发微博,2026-05-28 14:05:14,陕西,2109513645,同周调调,https://weibo.com/u/2109513645
5303540031424560,转发微博,2026-05-28 14:01:58,新加坡,6792726242,Mars_PE,https://weibo.com/u/6792726242
5303540031424560,转发微博,2026-05-28 13:53:42,上海,3137246815,凤栖梧31,https://weibo.com/u/3137246815
5303540031424560,转发微博,2026-05-28 13:52:03,上海,7954106547,内在价值007,https://weibo.com/u/7954106547
5303540031424560,[赞],2026-05-28 13:51:22,西班牙,5400428044,Mike0N,https://weibo.com/u/5400428044
5303540031424560,转发微博,2026-05-28 13:50:41,广东,6608795391,尤洪禹扯,https://weibo.com/u/6608795391
5303540031424560,转发微博,2026-05-28 13:49:39,河南,7774786508,用户7774786508,https://weibo.com/u/7774786508
5303540031424560,转发微博,2026-05-28 13:46:08,柬埔寨,4021335627,燃犀月下歌,https://weibo.com/u/4021335627
5303540031424560,转发微博,2026-05-28 13:43:51,广东,1752884765,哈鲁爱v巴迪2024,https://weibo.com/u/1752884765
5303540031424560,转发微博,2026-05-28 13:40:35,北京,8317929917,风212风,https://weibo.com/u/8317929917
5303540031424560,转发微博,2026-05-28 13:40:23,广东,7334051288,说真话天会塌,https://weibo.com/u/7334051288
5303540031424560,转发微博,2026-05-28 13:37:14,广东,3446374924,冬种春华秋收666,https://weibo.com/u/3446374924
5303540031424560,转发微博,2026-05-28 13:36:18,湖北,6136871495,酒入江湖之胡话连篇,https://weibo.com/u/6136871495
5303646818407274,这期挺好看的,2026-05-29 02:01:58,广东,3199255444,风泽_2022,https://weibo.com/u/3199255444
5303646818407274,天呐结尾是粒粒的果实突然觉得这首歌也确实好适合毕业季,2026-05-29 01:53:10,上海,6311017944,PinkPonyBoy,https://weibo.com/u/6311017944
5303646818407274,又是一年毕业季,2026-05-28 23:37:22,广东,6979299578,_野蛮生长的事物,https://weibo.com/u/6979299578
5303646818407274,转发微博,2026-05-28 22:47:27,陕西,6517298352,兔子坐车飞,https://weibo.com/u/6517298352
5303646818407274,欧米茄怎么这么有品,2026-05-28 22:46:51,江西,7755673705,披风随身携带,https://weibo.com/u/7755673705
5303646818407274,转发微博,2026-05-28 22:29:01,河南,1847294133,果金果珍,https://weibo.com/u/1847294133
5303646818407274,第一个可以和我私联吗真的摩托妈咪在那里slutpopmiami看见OliviaTanya_amit了我的天,2026-05-28 22:11:06,贵州,6299521643,OliviaTanya_amit,https://weibo.com/u/6299521643
5303646818407274,看见OliviaTanya_amit了我的天,2026-05-28 22:08:47,江苏,7904213029,摩托妈咪在那里slutpopmiami,https://weibo.com/u/7904213029
5303646818407274,转发微博,2026-05-28 21:22:53,北京,6030931621,Mike97Tian,https://weibo.com/u/6030931621
5303646818407274,[心]歌单拓展中,2026-05-28 20:44:26,江苏,5658956816,YOUKAKyo,https://weibo.com/u/5658956816
5303646818407274,转发微博,2026-05-28 20:42:58,天津,5038966849,BeYeah_5,https://weibo.com/u/5038966849
5303646818407274,我不行了虽然我还没看完但是谁懂第一个切换到第二个采访者大四和博士的对比第二个人好重的死感[柯基][柯基],2026-05-28 20:39:28,广东,7471187389,下雨天没有地点可以搁浅,https://weibo.com/u/7471187389
5303646818407274,,2026-05-28 20:35:49,上海,7775040574,用户7775040574,https://weibo.com/u/7775040574
5303646818407274,转发,2026-05-28 20:31:10,广东,3478035860,JTFK-Jr,https://weibo.com/u/3478035860
5302793691989107,西安欧利发布[围观][给力][威武][话筒][照相机][心][微风][鲜花]新浪微博[超话],2026-05-28 08:24:55,陕西,3916539973,西安欧利网络文化传媒有限公司,https://weibo.com/u/3916539973
5302793691989107,[给力][给力][给力],2026-05-26 14:00:49,宁夏,6554383348,心愿_23481,https://weibo.com/u/6554383348
5303696066088650,这算啥啊比它这玩意儿更子虚乌有的多了去了只不过那个傻子要么还被蒙在鼓里没反应过来要么已经明白了碍于面子继续挨揍打呼噜假装不知道甚慰[笑而不语],2026-05-29 07:54:01,北京,7979301746,庚寅年丁亥月甲子日皮拉夫归位,https://weibo.com/u/7979301746
5303696066088650,国家自然科学奖一个敢报一个敢评,2026-05-29 07:48:54,江苏,7918416045,尤文钢铁战士,https://weibo.com/u/7918416045
5303696066088650,转发微博,2026-05-29 07:48:08,江苏,7918416045,尤文钢铁战士,https://weibo.com/u/7918416045
5303696066088650,转发微博,2026-05-29 07:43:19,湖南,6551728393,简约9006,https://weibo.com/u/6551728393
5303696066088650,转发微博,2026-05-29 07:42:15,广东,1899149077,蓝蓝的溪,https://weibo.com/u/1899149077
5303696066088650,转发微博,2026-05-29 07:41:40,山东,1460167583,不负如来不负卿新,https://weibo.com/u/1460167583
5303696066088650,转发微博,2026-05-29 07:34:52,北京,2237965725,遥远的大河,https://weibo.com/u/2237965725
5303696066088650,轉發微博,2026-05-29 07:26:05,安徽,2935617405,eryuedefeng,https://weibo.com/u/2935617405
5303696066088650,转发微博,2026-05-29 07:18:33,安徽,7596509151,用户7596509151,https://weibo.com/u/7596509151
5303696066088650,转发微博,2026-05-29 07:16:51,四川,7582726179,成都-不动如山,https://weibo.com/u/7582726179
5303696066088650,转发微博,2026-05-29 07:15:33,辽宁,2720758941,墨脱之莲123,https://weibo.com/u/2720758941
5303696066088650,转发微博,2026-05-29 07:12:53,河南,6598622366,用户6598622366,https://weibo.com/u/6598622366
5303696066088650,转发微博,2026-05-29 07:10:31,山东,2702238265,zhangyunwu688,https://weibo.com/u/2702238265
5303696066088650,转发微博,2026-05-29 07:06:19,四川,7836855292,成都市家装装修施工团队,https://weibo.com/u/7836855292
5303696066088650,转发微博,2026-05-29 07:03:44,山西,2010356313,无花玫_391,https://weibo.com/u/2010356313
5303696066088650,转发微博,2026-05-29 07:03:43,辽宁,5654321867,22楼de鹦鹉鱼,https://weibo.com/u/5654321867
5303696066088650,转发微博,2026-05-29 07:03:08,山东,7926953149,用户7926953149,https://weibo.com/u/7926953149
5303696066088650,转发微博,2026-05-29 06:58:29,上海,3036032972,哎呦喂博aywb,https://weibo.com/u/3036032972
5303696066088650,学术评奖肯定是权力的游戏诺贝尔奖不会是一人一票全民大众评出来是权力委员会评出来谁能进委员会这也是权力的游戏你马老师能进诺贝尔奖委员会吗显然不能,2026-05-29 06:54:38,上海,6516635917,班长阿伟,https://weibo.com/u/6516635917
5303696066088650,转发微博,2026-05-29 06:51:38,辽宁,5443679713,2015已被注册,https://weibo.com/u/5443679713
5303696066088650,转发微博,2026-05-29 06:50:45,山东,6006073436,三不先生01,https://weibo.com/u/6006073436
5303696066088650,靓丽仙草看剧情内蒙古大学杜凤莲的自主权就是录取一个初试笔试总分排名最后笔试专业课微观经济学50分最低面试成绩靠杜凤莲给的最高80分又给该考生改分改卷专业课微观经济学从50分改为75分时至今日考试卷还在冯福林手里没有入库招博考试的严肃性在哪里难道这就是导师的自,2026-05-29 06:38:08,安徽,7706856664,乐天音缭绕,https://weibo.com/u/7706856664
5303696066088650,转发微博,2026-05-29 06:27:08,江苏,7829908007,用户7829908007,https://weibo.com/u/7829908007
5303696066088650,转发微博,2026-05-29 06:23:50,广东,7967636786,Canton卖红茶哈,https://weibo.com/u/7967636786
5303696066088650,转发微博,2026-05-29 06:22:04,湖南,8380275405,在雨夜看日出的竹子,https://weibo.com/u/8380275405
5303696066088650,玩弄傻子于股掌之上你骗我我骗你骗子遍地骗子得意忘形,2026-05-29 06:18:34,湖北,6880745899,谁是我一安心,https://weibo.com/u/6880745899
5303696066088650,转发微博,2026-05-29 06:12:17,江苏,2105126321,林前jsxz,https://weibo.com/u/2105126321
5303696066088650,戏凤是游龙的事,2026-05-29 06:05:46,北京,1913060895,午后茶苑,https://weibo.com/u/1913060895
5303696066088650,转发微博,2026-05-29 05:53:00,江苏,5662452071,饮水思源-老王,https://weibo.com/u/5662452071
5303696066088650,转发微博,2026-05-29 05:33:19,江苏,1715737100,dwydwy,https://weibo.com/u/1715737100
5303696066088650,转发微博,2026-05-29 05:31:08,山西,7925322908,我虽-大度,https://weibo.com/u/7925322908
5303696066088650,转发微博,2026-05-29 05:24:42,河北,7232458245,梦想成真29976,https://weibo.com/u/7232458245
5303696066088650,有意思,2026-05-29 05:14:19,山东,5828908924,海风6366,https://weibo.com/u/5828908924
5303696066088650,转发微博,2026-05-29 05:13:13,河南,7418021943,躺平东门吹雪,https://weibo.com/u/7418021943
5303696066088650,转发微博,2026-05-29 04:58:36,辽宁,2123734204,孩贝叶,https://weibo.com/u/2123734204
5303696066088650,转发微博,2026-05-29 04:55:03,上海,7536187944,姚公亮,https://weibo.com/u/7536187944
5303696066088650,转发微博,2026-05-29 04:21:33,辽宁,7915488066,RED疯马,https://weibo.com/u/7915488066
5303696066088650,转发微博,2026-05-29 04:09:27,广东,7837488992,喜乐粉丝仔,https://weibo.com/u/7837488992
5303696066088650,转发微博,2026-05-29 03:55:48,河南,1673364724,张氏律民,https://weibo.com/u/1673364724
5303688521582987,金主训[超话]金主训六代top我靠腹肌[融化],2026-05-29 07:47:15,四川,7846953937,是烤布蕾抹茶冰,https://weibo.com/u/7846953937
5303688521582987,哥哥,2026-05-29 07:29:10,河南,7877242836,与你初识的那天,https://weibo.com/u/7877242836
5303688521582987,金主训六代top好喜欢,2026-05-29 06:59:45,北京,1972701437,暮昏昏,https://weibo.com/u/1972701437
5303688521582987,用户11238271199金主训[超话],2026-05-29 02:57:24,云南,9181769107,ilove训,https://weibo.com/u/9181769107
5303688521582987,哥哥来了,2026-05-29 01:22:57,湖北,7979226193,啊啊噢噢额额_想多多见面版,https://weibo.com/u/7979226193
5303688521582987,金主训[超话],2026-05-29 00:52:43,湖北,8215621827,-清源淤青哼,https://weibo.com/u/8215621827
5303688521582987,金主训[超话]小猪这个练得好,2026-05-29 00:43:27,云南,6387299002,Juhoon用户0103,https://weibo.com/u/6387299002
5303688521582987,转发微博,2026-05-29 00:34:47,广西,6427362621,七月知禾8-,https://weibo.com/u/6427362621
5303688521582987,帅成这样还有天理吗,2026-05-29 00:29:28,北京,8215334666,离岛4号,https://weibo.com/u/8215334666
5303688521582987,诶老公你这样搞我不活了,2026-05-29 00:29:03,湖南,6542065100,金煎妮的汤媛火锅店,https://weibo.com/u/6542065100
5303688521582987,金主训[超话]我并不知道您们是怎么了,2026-05-29 00:28:25,广西,7345923871,乐无禾,https://weibo.com/u/7345923871
5303688521582987,用户11238271199金主训[超话],2026-05-29 00:12:31,湖南,7864908133,训只萌萌猪,https://weibo.com/u/7864908133
5303688521582987,转发微博,2026-05-29 00:10:49,天津,5699696158,dear0103deer,https://weibo.com/u/5699696158
5303688521582987,金主训[超话],2026-05-29 00:10:02,重庆,6177672941,用户11238271199,https://weibo.com/u/6177672941
5303688521582987,金主训[超话]金主训六代top,2026-05-28 23:46:55,广东,7174163378,澪iouo,https://weibo.com/u/7174163378
5303688521582987,[捂嘴哭][捂嘴哭][流鼻血][流鼻血][流鼻血][流鼻血][流鼻血],2026-05-28 23:45:09,浙江,6017293556,滚出来吃饭,https://weibo.com/u/6017293556
5303688521582987,转发微博,2026-05-28 23:42:48,福建,9181869082,金主训我我oo,https://weibo.com/u/9181869082
5303688521582987,[流鼻血],2026-05-28 23:40:25,广东,8477560164,元英哄,https://weibo.com/u/8477560164
5303688521582987,转发微博,2026-05-28 23:37:32,河南,7983959556,枝训系,https://weibo.com/u/7983959556
5303688521582987,白巧啊啊啊啊,2026-05-28 23:31:18,福建,6515529857,小林小林dd,https://weibo.com/u/6515529857
5303688521582987,金主训[超话],2026-05-28 23:28:27,广东,6462833208,zouyxin,https://weibo.com/u/6462833208
5303688521582987,金主训[超话][抓狂][抓狂][抓狂]帅死我了,2026-05-28 23:27:53,北京,7954007033,主训love,https://weibo.com/u/7954007033
5303688521582987,我靠帅啊,2026-05-28 23:25:22,广东,7678247168,是猪训呀_JUHOONZI,https://weibo.com/u/7678247168
5303688521582987,转发微博,2026-05-28 23:23:17,山东,7890844900,恩恩_Juhoon,https://weibo.com/u/7890844900
5303688521582987,轉發微博,2026-05-28 23:21:41,广东,7012663062,睡個好覺-ll,https://weibo.com/u/7012663062
5303688521582987,爱上金主训是我的错那将一错到底,2026-05-28 23:21:38,广东,7951593806,Unopiccolo,https://weibo.com/u/7951593806
5303688521582987,卧槽我口水,2026-05-28 23:20:58,重庆,6179569859,jjuoo_,https://weibo.com/u/6179569859
5303688521582987,老公,2026-05-28 23:18:22,山东,6445442046,螺蛳粉有心事55,https://weibo.com/u/6445442046
5303688521582987,我不行了吧金主训[超话]金主训清纯萌系,2026-05-28 23:17:02,福建,7749669489,主训是星,https://weibo.com/u/7749669489
5303688521582987,法,2026-05-28 23:16:04,河南,6335448644,梅子也爱吃香菜,https://weibo.com/u/6335448644
5303689264496824,妈妈女神姐姐老婆主人,2026-05-28 23:23:15,福建,5992955292,麻球饭包不要酱,https://weibo.com/u/5992955292
5303819368140078,转发微博,2026-05-29 08:00:23,上海,3640091434,猪与虎之歌,https://weibo.com/u/3640091434
5303819368140078,转发微博,2026-05-29 07:58:20,湖北,1652701431,白发红颜,https://weibo.com/u/1652701431
5303819368140078,转发微博,2026-05-29 07:58:05,河南,1665586715,何妨笑吟且徐行,https://weibo.com/u/1665586715
5303819368140078,转发微博,2026-05-29 07:56:46,上海,7919527672,还魂伶,https://weibo.com/u/7919527672
5303817998436148,血统存疑,2026-05-29 07:56:21,上海,1567286805,流苏回香,https://weibo.com/u/1567286805
